source_id,source_product,product_url,research_date,existing_or_new_product,existing_live_ids,existing_draft_ids,original_proposed_subcategory,target_category_id,target_category,target_subcategory_id,target_subcategory,taxonomy_status,duplicate_status,attribute_conflicts,missing_information,image_licensing_status,import_recommendation,category_change_approval,approval_status
MACIRE-001,4kW + 5kWh Felicity Family Solar System Kit – 1SEFELIFAMY,https://macire.co.ke/product/4kw-5kwh-felicity-family-solar-system-kit/,2026-10-10,New candidate (identity unconfirmed),,3-2kw-2-56kwh-felicity-starter-plus-solar-system-kit-1sefeli | 2kw-1-28kwh-felicity-starter-solar-system-kit-1sefelistar | 6kw-10kwh-felicity-premium-home-solar-system-kit-1sefeliprem | 12kw-25kwh-felicity-premium-commercial-solar-system-kit-1sef,solar-1,solar,Solar & Renewable Energy,solar-1,Lithium Starter Solar Kits,Fits current taxonomy provisionally,Draft possible: 3-2kw-2-56kwh-felicity-starter-plus-solar-system-kit-1sefeli (similar name + same brand; not proof of identity) | 2kw-1-28kwh-felicity-starter-solar-system-kit-1sefelistar (similar name + same brand; not proof of identity) | 6kw-10kwh-felicity-premium-home-solar-system-kit-1sefeliprem (similar name + same brand; not proof of identity) | 12kw-25kwh-felicity-premium-commercial-solar-system-kit-1sef (similar name + same brand; not proof of identity); Register possible: MACIRE-002 (similar name + same brand; not proof of identity) | MACIRE-004 (similar name + same brand; not proof of identity),"MACIRE-002 spec Product type: catalogue=Starter Plus solar system kit; source=Family solar system kit (unit/meaning review needed); MACIRE-002 spec Macire product code: catalogue=1SEFELISTPL; source=1SEFELIFAMY (unit/meaning review needed); MACIRE-002 spec Inverter model: catalogue=IVCM3224P1G2; source=IVEM4024-II (unit/meaning review needed); MACIRE-002 spec Inverter power rating: catalogue=3.2kW; source=4kW (unit/meaning review needed); MACIRE-002 spec Battery model: catalogue=FLA24100PG2; source=FLA24200WG2 (unit/meaning review needed); MACIRE-004 spec Macire product code: catalogue=1SEFELISTAR; source=1SEFELIFAMY (unit/meaning review needed); MACIRE-004 spec Product type: catalogue=Starter solar system kit; source=Family solar system kit (unit/meaning review needed); MACIRE-004 spec Inverter model: catalogue=IVCM2012P1G2; source=IVEM4024-II (unit/meaning review needed); MACIRE-004 spec Inverter power rating: catalogue=2kW; source=4kW (unit/meaning review needed); Retailer package/installation/warranty terms are not Nyce commitments; do not copy; Possible variant/model-family collision; compare power, capacity, phase, package and sale unit before any merge",Source product model/SKU; Essential attribute: Battery capacity (kWh); Essential attribute: Solar array (panel W x quantity); Essential attribute: System voltage (V); Manufacturer/owner verification of identity and specifications; Nyce price and date or owner-approved quote-only policy; Nyce availability; Authorized product photo; Original Nyce descriptions and application classification,7 image(s) hosted by Macire; rights not cleared - do not reuse,Reject - insufficient reliable information; do not merge similar names or model variants,No reassignment proposed,Not approved - owner review pending; no import authorized
MACIRE-002,3.2kW + 2.56kWh Felicity Starter Plus Solar System Kit – 1SEFELISTPL,https://macire.co.ke/product/3-2kw-2-56kwh-felicity-starter-plus-solar-kit/,2026-10-10,Existing unpublished draft only,,3-2kw-2-56kwh-felicity-starter-plus-solar-system-kit-1sefeli | 2kw-1-28kwh-felicity-starter-solar-system-kit-1sefelistar | 12kw-25kwh-felicity-premium-commercial-solar-system-kit-1sef,solar-1,solar,Solar & Renewable Energy,solar-1,Lithium Starter Solar Kits,Fits current taxonomy provisionally,Draft exact: 3-2kw-2-56kwh-felicity-starter-plus-solar-system-kit-1sefeli (exact normalized name); Draft possible: 2kw-1-28kwh-felicity-starter-solar-system-kit-1sefelistar (similar name + same brand; not proof of identity) | 12kw-25kwh-felicity-premium-commercial-solar-system-kit-1sef (similar name + same brand; not proof of identity); Register possible: MACIRE-001 (similar name + same brand; not proof of identity) | MACIRE-004 (similar name + same brand; not proof of identity),"MACIRE-001 spec Product type: catalogue=Family solar system kit; source=Starter Plus solar system kit (unit/meaning review needed); MACIRE-001 spec Macire product code: catalogue=1SEFELIFAMY; source=1SEFELISTPL (unit/meaning review needed); MACIRE-001 spec Inverter model: catalogue=IVEM4024-II; source=IVCM3224P1G2 (unit/meaning review needed); MACIRE-001 spec Inverter power rating: catalogue=4kW; source=3.2kW (unit/meaning review needed); MACIRE-001 spec Battery model: catalogue=FLA24200WG2; source=FLA24100PG2 (unit/meaning review needed); MACIRE-004 spec Macire product code: catalogue=1SEFELISTAR; source=1SEFELISTPL (unit/meaning review needed); MACIRE-004 spec Product type: catalogue=Starter solar system kit; source=Starter Plus solar system kit (unit/meaning review needed); MACIRE-004 spec Intended use: catalogue=Entry-level, light-load applications; source=Starter-home package for selected essential loads (unit/meaning review needed); MACIRE-004 spec Inverter model: catalogue=IVCM2012P1G2; source=IVCM3224P1G2 (unit/meaning review needed); MACIRE-004 spec Inverter power rating: catalogue=2kW; source=3.2kW (unit/meaning review needed); Retailer package/installation/warranty terms are not Nyce commitments; do not copy; Possible variant/model-family collision; compare power, capacity, phase, package and sale unit before any merge",Source product model/SKU; Essential attribute: Battery capacity (kWh); Essential attribute: Solar array (panel W x quantity); Essential attribute: System voltage (V); Manufacturer/owner verification of identity and specifications; Nyce price and date or owner-approved quote-only policy; Nyce availability; Authorized product photo; Original Nyce descriptions and application classification,7 image(s) hosted by Macire; rights not cleared - do not reuse,"Reject - insufficient reliable information; enrich existing record only after verification, do not create duplicate",No reassignment proposed,Not approved - owner review pending; no import authorized
MACIRE-003,2kW Felicity Lithium Deluxe Family Solar Kit (24V) – Complete Home Solar Power System,https://macire.co.ke/product/2kw-felicity-lithium-solar-family-kit-24v-inverter-battery-panels/,2026-10-10,New candidate (identity unconfirmed),,,solar-1,solar,Solar & Renewable Energy,solar-1,Lithium Starter Solar Kits,Fits current taxonomy provisionally,No match found; absence is not proof of uniqueness,Retailer package/installation/warranty terms are not Nyce commitments; do not copy,Source product model/SKU; Manufacturer/owner verification of identity and specifications; Nyce price and date or owner-approved quote-only policy; Nyce availability; Authorized product photo; Original Nyce descriptions and application classification,7 image(s) hosted by Macire; rights not cleared - do not reuse,Reject - insufficient reliable information; do not merge similar names or model variants,No reassignment proposed,Not approved - owner review pending; no import authorized
MACIRE-004,2kW + 1.28kWh Felicity Starter Solar System Kit – 1SEFELISTAR,https://macire.co.ke/product/2kw-1-28kwh-felicity-starter-solar-system-kit/,2026-10-10,Existing unpublished draft only,,2kw-1-28kwh-felicity-starter-solar-system-kit-1sefelistar | 3-2kw-2-56kwh-felicity-starter-plus-solar-system-kit-1sefeli | 6kw-10kwh-felicity-premium-home-solar-system-kit-1sefeliprem | 12kw-25kwh-felicity-premium-commercial-solar-system-kit-1sef,solar-1,solar,Solar & Renewable Energy,solar-1,Lithium Starter Solar Kits,Fits current taxonomy provisionally,Draft exact: 2kw-1-28kwh-felicity-starter-solar-system-kit-1sefelistar (exact normalized name); Draft possible: 3-2kw-2-56kwh-felicity-starter-plus-solar-system-kit-1sefeli (similar name + same brand; not proof of identity) | 6kw-10kwh-felicity-premium-home-solar-system-kit-1sefeliprem (similar name + same brand; not proof of identity) | 12kw-25kwh-felicity-premium-commercial-solar-system-kit-1sef (similar name + same brand; not proof of identity); Register possible: MACIRE-001 (similar name + same brand; not proof of identity) | MACIRE-002 (similar name + same brand; not proof of identity),"MACIRE-001 spec Product type: catalogue=Family solar system kit; source=Starter solar system kit (unit/meaning review needed); MACIRE-001 spec Macire product code: catalogue=1SEFELIFAMY; source=1SEFELISTAR (unit/meaning review needed); MACIRE-001 spec Inverter model: catalogue=IVEM4024-II; source=IVCM2012P1G2 (unit/meaning review needed); MACIRE-001 spec Inverter power rating: catalogue=4kW; source=2kW (unit/meaning review needed); MACIRE-002 spec Product type: catalogue=Starter Plus solar system kit; source=Starter solar system kit (unit/meaning review needed); MACIRE-002 spec Macire product code: catalogue=1SEFELISTPL; source=1SEFELISTAR (unit/meaning review needed); MACIRE-002 spec Intended use: catalogue=Starter-home package for selected essential loads; source=Entry-level, light-load applications (unit/meaning review needed); MACIRE-002 spec Inverter model: catalogue=IVCM3224P1G2; source=IVCM2012P1G2 (unit/meaning review needed); MACIRE-002 spec Inverter power rating: catalogue=3.2kW; source=2kW (unit/meaning review needed); Retailer package/installation/warranty terms are not Nyce commitments; do not copy; Possible variant/model-family collision; compare power, capacity, phase, package and sale unit before any merge",Source product model/SKU; Essential attribute: Battery capacity (kWh); Essential attribute: Solar array (panel W x quantity); Essential attribute: System voltage (V); Manufacturer/owner verification of identity and specifications; Nyce price and date or owner-approved quote-only policy; Nyce availability; Authorized product photo; Original Nyce descriptions and application classification,7 image(s) hosted by Macire; rights not cleared - do not reuse,"Reject - insufficient reliable information; enrich existing record only after verification, do not create duplicate",No reassignment proposed,Not approved - owner review pending; no import authorized
MACIRE-005,2.2kW MUST Lithium Deluxe Family Kit (24V) | All-Inclusive Package,https://macire.co.ke/product/2-2kw-must-lithium-deluxe-family-kit-24v-all-inclusive-package/,2026-10-10,New candidate (identity unconfirmed),,1-5kw-must-lithium-deluxe-starter-kit-12v-all-inclusive-pack | 10kw-must-lithium-plus-power-solar-kit-48v-all-inclusive-pac | 10kw-must-lithium-power-home-solar-kit-48v-all-inclusive-pac,solar-1,solar,Solar & Renewable Energy,solar-1,Lithium Starter Solar Kits,Fits current taxonomy provisionally,Draft possible: 1-5kw-must-lithium-deluxe-starter-kit-12v-all-inclusive-pack (similar name + same brand; not proof of identity) | 10kw-must-lithium-plus-power-solar-kit-48v-all-inclusive-pac (similar name + same brand; not proof of identity) | 10kw-must-lithium-power-home-solar-kit-48v-all-inclusive-pac (similar name + same brand; not proof of identity); Register possible: MACIRE-015 (similar name + same brand; not proof of identity),"MACIRE-015 spec System Capacity: catalogue=10 kW; source=2.2 kW (unit/meaning review needed); MACIRE-015 spec System Voltage: catalogue=48 V; source=24 V (unit/meaning review needed); MACIRE-015 spec Battery Capacity: catalogue=20.48 kWh (Lithium LiFePO₄); source=5.12 kWh (2 × 2.56 kWh Lithium) (unit/meaning review needed); MACIRE-015 spec Solar Panel Capacity: catalogue=6,200 W (10 × 620 W); source=1,240 W (2 × 620 W) (unit/meaning review needed); Retailer package/installation/warranty terms are not Nyce commitments; do not copy; Possible variant/model-family collision; compare power, capacity, phase, package and sale unit before any merge",Source product model/SKU; Essential attribute: Inverter rating (kW); Essential attribute: Solar array (panel W x quantity); Manufacturer/owner verification of identity and specifications; Nyce price and date or owner-approved quote-only policy; Nyce availability; Authorized product photo; Original Nyce descriptions and application classification,9 image(s) hosted by Macire; rights not cleared - do not reuse,Reject - insufficient reliable information; do not merge similar names or model variants,No reassignment proposed,Not approved - owner review pending; no import authorized
MACIRE-006,3.2Kw Lithium Solar Kit 3200w – Alltop 200ah Lithium Must Inverter – Reliable Energy Supply,https://macire.co.ke/product/3-2kw-lithium-solar-kit-3200w-alltop-200ah-lithium-must-inverter-reliable-energy-supply/,2026-10-10,New candidate (identity unconfirmed),,1-5kw-lithium-solar-kit-1500w-alltop-200ah-lithium-must-inve | 1-5kw-lithium-solar-kit-1500w-alltop-100ah-lithium-must-inve,solar-2,solar,Solar & Renewable Energy,solar-2,Lithium Family & Home Solar Kits,Fits current taxonomy provisionally,Draft possible: 1-5kw-lithium-solar-kit-1500w-alltop-200ah-lithium-must-inve (similar name + same brand; not proof of identity) | 1-5kw-lithium-solar-kit-1500w-alltop-100ah-lithium-must-inve (similar name + same brand; not proof of identity),No comparable stated conflict found; unverified/missing values are not agreement,Source product model/SKU; Essential attribute: Inverter rating (kW); Essential attribute: Battery capacity (kWh); Essential attribute: Solar array (panel W x quantity); Essential attribute: System voltage (V); Manufacturer/owner verification of identity and specifications; Nyce price and date or owner-approved quote-only policy; Nyce availability; Authorized product photo; Original Nyce descriptions and application classification,13 image(s) hosted by Macire; rights not cleared - do not reuse,Reject - insufficient reliable information; do not merge similar names or model variants,No reassignment proposed,Not approved - owner review pending; no import authorized
MACIRE-007,5.5Kw Seven Stars Lithium Solar Kit – 5500w 48v – Affordable & Reliable,https://macire.co.ke/product/5-5kw-seven-stars-lithium-solar-kit-5500w-48v-affordable-reliable/,2026-10-10,New candidate (identity unconfirmed),,,solar-2,solar,Solar & Renewable Energy,solar-2,Lithium Family & Home Solar Kits,Fits current taxonomy provisionally,No match found; absence is not proof of uniqueness,No comparable stated conflict found; unverified/missing values are not agreement,Source product model/SKU; Essential attribute: Inverter rating (kW); Essential attribute: Battery capacity (kWh); Essential attribute: Solar array (panel W x quantity); Essential attribute: System voltage (V); Manufacturer/owner verification of identity and specifications; Nyce price and date or owner-approved quote-only policy; Nyce availability; Authorized product photo; Original Nyce descriptions and application classification,17 image(s) hosted by Macire; rights not cleared - do not reuse,Reject - insufficient reliable information; do not merge similar names or model variants,No reassignment proposed,Not approved - owner review pending; no import authorized
MACIRE-008,11kW ALPS Power Plus with 16kWh Storage Solar Kit,https://macire.co.ke/product/11kw-alps-power-plus-with-16kwh-storage-solar-kit/,2026-10-10,Existing unpublished draft only,,11kw-alps-power-plus-with-16kwh-storage-solar-kit,solar-2,solar,Solar & Renewable Energy,solar-2,Lithium Family & Home Solar Kits,Fits current taxonomy provisionally,Draft exact: 11kw-alps-power-plus-with-16kwh-storage-solar-kit (exact normalized name),No comparable stated conflict found; unverified/missing values are not agreement,Source brand; Source product model/SKU; Essential attribute: Battery capacity (kWh); Essential attribute: Solar array (panel W x quantity); Essential attribute: System voltage (V); Manufacturer/owner verification of identity and specifications; Nyce price and date or owner-approved quote-only policy; Nyce availability; Authorized product photo; Original Nyce descriptions and application classification,7 image(s) hosted by Macire; rights not cleared - do not reuse,"Reject - insufficient reliable information; enrich existing record only after verification, do not create duplicate",No reassignment proposed,Not approved - owner review pending; no import authorized
MACIRE-009,11kW ALPS Power with 10kWh Storage Solar Kit,https://macire.co.ke/product/11kw-alps-power-with-10kwh-storage-solar-kit/,2026-10-10,New candidate (identity unconfirmed),,,solar-2,solar,Solar & Renewable Energy,solar-2,Lithium Family & Home Solar Kits,Fits current taxonomy provisionally,Register possible: MACIRE-010 (similar name + same brand; not proof of identity),"MACIRE-010 spec Proposed inverter model: catalogue=PULSE S4; source=PULSE S2 (unit/meaning review needed); MACIRE-010 spec Inverter power rating: catalogue=8 kW; source=11 kW (unit/meaning review needed); MACIRE-010 spec Proposed solar-panel quantity: catalogue=10; source=12 (unit/meaning review needed); Possible variant/model-family collision; compare power, capacity, phase, package and sale unit before any merge",Source product model/SKU; Essential attribute: Battery capacity (kWh); Essential attribute: Solar array (panel W x quantity); Essential attribute: System voltage (V); Manufacturer/owner verification of identity and specifications; Nyce price and date or owner-approved quote-only policy; Nyce availability; Authorized product photo; Original Nyce descriptions and application classification,6 image(s) hosted by Macire; rights not cleared - do not reuse,Reject - insufficient reliable information; do not merge similar names or model variants,No reassignment proposed,Not approved - owner review pending; no import authorized
MACIRE-010,8kW ALPS Home & Business with 10kWh Storage Solar Kit,https://macire.co.ke/product/8kw-alps-home-business-with-10kwh-storage-solar-kit/,2026-10-10,New candidate (identity unconfirmed),,,solar-2,solar,Solar & Renewable Energy,solar-2,Lithium Family & Home Solar Kits,Fits current taxonomy provisionally,Register possible: MACIRE-009 (similar name + same brand; not proof of identity),"MACIRE-009 spec Proposed inverter model: catalogue=PULSE S2; source=PULSE S4 (unit/meaning review needed); MACIRE-009 spec Inverter power rating: catalogue=11 kW; source=8 kW (unit/meaning review needed); MACIRE-009 spec Proposed solar-panel quantity: catalogue=12; source=10 (unit/meaning review needed); Possible variant/model-family collision; compare power, capacity, phase, package and sale unit before any merge",Source product model/SKU; Essential attribute: Battery capacity (kWh); Essential attribute: Solar array (panel W x quantity); Essential attribute: System voltage (V); Manufacturer/owner verification of identity and specifications; Nyce price and date or owner-approved quote-only policy; Nyce availability; Authorized product photo; Original Nyce descriptions and application classification,6 image(s) hosted by Macire; rights not cleared - do not reuse,Reject - insufficient reliable information; do not merge similar names or model variants,No reassignment proposed,Not approved - owner review pending; no import authorized
MACIRE-011,10kW SRNE Lithium Solar High-Load Home Kit 14.33kWh | All-Inclusive,https://macire.co.ke/product/10kw-srne-lithium-solar-high-load-home-kit-14-33kwh-all-inclusive/,2026-10-10,Existing unpublished draft only,,10kw-srne-lithium-solar-high-load-home-kit-14-33kwh-all-incl | 10kw-srne-lithium-solar-backup-kit-10-24kwh-all-inclusive,solar-3,solar,Solar & Renewable Energy,solar-3,Lithium Premium Home & Business Kits,Fits current taxonomy provisionally,Draft exact: 10kw-srne-lithium-solar-high-load-home-kit-14-33kwh-all-incl (exact normalized name); Draft possible: 10kw-srne-lithium-solar-backup-kit-10-24kwh-all-inclusive (similar name + same brand; not proof of identity); Register possible: MACIRE-014 (similar name + same brand; not proof of identity),"MACIRE-014 spec Battery Capacity: catalogue=10.24 kWh (Lithium LiFePO₄); source=14.33 kWh (Lithium LiFePO₄) (unit/meaning review needed); MACIRE-014 spec Solar Panel Capacity: catalogue=4,960 W (8 × 620 W); source=6,200 W (10 × 620 W) (unit/meaning review needed); Retailer package/installation/warranty terms are not Nyce commitments; do not copy; Possible variant/model-family collision; compare power, capacity, phase, package and sale unit before any merge",Source product model/SKU; Essential attribute: Inverter rating (kW); Essential attribute: Solar array (panel W x quantity); Manufacturer/owner verification of identity and specifications; Nyce price and date or owner-approved quote-only policy; Nyce availability; Authorized product photo; Original Nyce descriptions and application classification,17 image(s) hosted by Macire; rights not cleared - do not reuse,"Reject - insufficient reliable information; enrich existing record only after verification, do not create duplicate",No reassignment proposed,Not approved - owner review pending; no import authorized
MACIRE-012,6.2kW 48V SVC Lithium Smart Home Solar Kit – 5.12kWh Battery & 6 × 590W Panels,https://macire.co.ke/product/6-2kw-48v-svc-lithium-smart-home-solar-kit-5-12kwh-battery-6-x-590w-panels/,2026-10-10,New candidate (identity unconfirmed),,,solar-3,solar,Solar & Renewable Energy,solar-3,Lithium Premium Home & Business Kits,Fits current taxonomy provisionally,No match found; absence is not proof of uniqueness,No comparable stated conflict found; unverified/missing values are not agreement,Source product model/SKU; Essential attribute: Inverter rating (kW); Essential attribute: Battery capacity (kWh); Essential attribute: Solar array (panel W x quantity); Essential attribute: System voltage (V); Manufacturer/owner verification of identity and specifications; Nyce price and date or owner-approved quote-only policy; Nyce availability; Authorized product photo; Original Nyce descriptions and application classification,16 image(s) hosted by Macire; rights not cleared - do not reuse,Reject - insufficient reliable information; do not merge similar names or model variants,No reassignment proposed,Not approved - owner review pending; no import authorized
MACIRE-013,6.5kW HEPU Premium Home Solar Kit with 5kWh Lithium Battery & Installation Included,https://macire.co.ke/product/6-5kw-hepu-premium-home-solar-kit-with-5kwh-lithium-battery-installation-included/,2026-10-10,Existing unpublished draft only,,6-5kw-hepu-premium-home-solar-kit-with-5kwh-lithium-battery,solar-3,solar,Solar & Renewable Energy,solar-3,Lithium Premium Home & Business Kits,Fits current taxonomy provisionally,Draft exact: 6-5kw-hepu-premium-home-solar-kit-with-5kwh-lithium-battery (exact normalized name),6-5kw-hepu-premium-home-solar-kit-with-5kwh-lithium-battery brand: catalogue=Hepu; source=Solar Nyumbani; Retailer package/installation/warranty terms are not Nyce commitments; do not copy,Source product model/SKU; Essential attribute: Inverter rating (kW); Essential attribute: Battery capacity (kWh); Essential attribute: System voltage (V); Manufacturer/owner verification of identity and specifications; Nyce price and date or owner-approved quote-only policy; Nyce availability; Authorized product photo; Original Nyce descriptions and application classification,5 image(s) hosted by Macire; rights not cleared - do not reuse,"Reject - insufficient reliable information; enrich existing record only after verification, do not create duplicate",No reassignment proposed,Not approved - owner review pending; no import authorized
MACIRE-014,10kW SRNE Lithium Solar Backup Kit 10.24kWh | All-Inclusive,https://macire.co.ke/product/10kw-srne-lithium-solar-backup-kit-10-24kwh-all-inclusive/,2026-10-10,Existing unpublished draft only,,10kw-srne-lithium-solar-backup-kit-10-24kwh-all-inclusive | 10kw-srne-lithium-solar-high-load-home-kit-14-33kwh-all-incl,solar-3,solar,Solar & Renewable Energy,solar-3,Lithium Premium Home & Business Kits,Fits current taxonomy provisionally,Draft exact: 10kw-srne-lithium-solar-backup-kit-10-24kwh-all-inclusive (exact normalized name); Draft possible: 10kw-srne-lithium-solar-high-load-home-kit-14-33kwh-all-incl (similar name + same brand; not proof of identity); Register possible: MACIRE-011 (similar name + same brand; not proof of identity),"MACIRE-011 spec Battery Capacity: catalogue=14.33 kWh (Lithium LiFePO₄); source=10.24 kWh (Lithium LiFePO₄) (unit/meaning review needed); MACIRE-011 spec Solar Panel Capacity: catalogue=6,200 W (10 × 620 W); source=4,960 W (8 × 620 W) (unit/meaning review needed); Retailer package/installation/warranty terms are not Nyce commitments; do not copy; Possible variant/model-family collision; compare power, capacity, phase, package and sale unit before any merge",Source product model/SKU; Essential attribute: Inverter rating (kW); Essential attribute: Solar array (panel W x quantity); Manufacturer/owner verification of identity and specifications; Nyce price and date or owner-approved quote-only policy; Nyce availability; Authorized product photo; Original Nyce descriptions and application classification,17 image(s) hosted by Macire; rights not cleared - do not reuse,"Reject - insufficient reliable information; enrich existing record only after verification, do not create duplicate",No reassignment proposed,Not approved - owner review pending; no import authorized
MACIRE-015,10kW MUST Lithium Plus Power Solar Kit 48V | All-Inclusive Package,https://macire.co.ke/product/10kw-must-lithium-plus-power-solar-kit-48v-all-inclusive-package/,2026-10-10,Existing unpublished draft only,,10kw-must-lithium-plus-power-solar-kit-48v-all-inclusive-pac | 1-5kw-must-lithium-deluxe-starter-kit-12v-all-inclusive-pack | 10kw-must-lithium-power-home-solar-kit-48v-all-inclusive-pac,solar-3,solar,Solar & Renewable Energy,solar-3,Lithium Premium Home & Business Kits,Fits current taxonomy provisionally,Draft exact: 10kw-must-lithium-plus-power-solar-kit-48v-all-inclusive-pac (exact normalized name); Draft possible: 1-5kw-must-lithium-deluxe-starter-kit-12v-all-inclusive-pack (similar name + same brand; not proof of identity) | 10kw-must-lithium-power-home-solar-kit-48v-all-inclusive-pac (similar name + same brand; not proof of identity); Register possible: MACIRE-005 (similar name + same brand; not proof of identity),"MACIRE-005 spec System Capacity: catalogue=2.2 kW; source=10 kW (unit/meaning review needed); MACIRE-005 spec System Voltage: catalogue=24 V; source=48 V (unit/meaning review needed); MACIRE-005 spec Battery Capacity: catalogue=5.12 kWh (2 × 2.56 kWh Lithium); source=20.48 kWh (Lithium LiFePO₄) (unit/meaning review needed); MACIRE-005 spec Solar Panel Capacity: catalogue=1,240 W (2 × 620 W); source=6,200 W (10 × 620 W) (unit/meaning review needed); Retailer package/installation/warranty terms are not Nyce commitments; do not copy; Possible variant/model-family collision; compare power, capacity, phase, package and sale unit before any merge",Source product model/SKU; Essential attribute: Inverter rating (kW); Essential attribute: Solar array (panel W x quantity); Manufacturer/owner verification of identity and specifications; Nyce price and date or owner-approved quote-only policy; Nyce availability; Authorized product photo; Original Nyce descriptions and application classification,9 image(s) hosted by Macire; rights not cleared - do not reuse,"Reject - insufficient reliable information; enrich existing record only after verification, do not create duplicate",No reassignment proposed,Not approved - owner review pending; no import authorized
MACIRE-016,120Kw Livoltek Solar Kit – C&I On- Grid Three Phase Grid-tied Inverter with TW Solar Panel High Capacity,https://macire.co.ke/product/120kw-livoltek-solar-kit-ci-on-grid-three-phase-grid-tied-inverter-with-tw-solar-panel-high-capacity/,2026-10-10,New candidate (identity unconfirmed),,,solar-4,solar,Solar & Renewable Energy,solar-4,Lithium Commercial & Industrial Solar,Lithium storage not established for grid-tied commercial kit,Register possible: MACIRE-017 (similar name + same brand; not proof of identity) | MACIRE-018 (similar name + same brand; not proof of identity),"Possible variant/model-family collision; compare power, capacity, phase, package and sale unit before any merge",Source product model/SKU; Essential attribute: Inverter rating (kW); Essential attribute: Battery capacity (kWh); Essential attribute: Solar array (panel W x quantity); Essential attribute: System voltage (V); Manufacturer/owner verification of identity and specifications; Nyce price and date or owner-approved quote-only policy; Nyce availability; Authorized product photo; Original Nyce descriptions and application classification,9 image(s) hosted by Macire; rights not cleared - do not reuse,Reject - taxonomy fit not established; do not merge similar names or model variants,Rejected placement requires owner taxonomy/fit review; no category change authorized,Not approved - owner review pending; no import authorized
MACIRE-017,50Kw Livoltek Solar Kit – C&I On- Grid Three Phase Grid-tied Inverter with TW Solar Panel High Capacity,https://macire.co.ke/product/50kw-livoltek-solar-kit-ci-on-grid-three-phase-grid-tied-inverter-with-tw-solar-panel-high-capacity/,2026-10-10,New candidate (identity unconfirmed),,,solar-4,solar,Solar & Renewable Energy,solar-4,Lithium Commercial & Industrial Solar,Lithium storage not established for grid-tied commercial kit,Register possible: MACIRE-016 (similar name + same brand; not proof of identity) | MACIRE-018 (similar name + same brand; not proof of identity),"Possible variant/model-family collision; compare power, capacity, phase, package and sale unit before any merge",Source product model/SKU; Essential attribute: Inverter rating (kW); Essential attribute: Battery capacity (kWh); Essential attribute: Solar array (panel W x quantity); Essential attribute: System voltage (V); Manufacturer/owner verification of identity and specifications; Nyce price and date or owner-approved quote-only policy; Nyce availability; Authorized product photo; Original Nyce descriptions and application classification,7 image(s) hosted by Macire; rights not cleared - do not reuse,Reject - taxonomy fit not established; do not merge similar names or model variants,Rejected placement requires owner taxonomy/fit review; no category change authorized,Not approved - owner review pending; no import authorized
MACIRE-018,30Kw Livoltek Solar Kit – C&I On- Grid Three Phase Grid-tied Inverter with TW Solar Panel High Capacity,https://macire.co.ke/product/30kw-livoltek-solar-kit-ci-on-grid-three-phase-grid-tied-inverter-with-tw-solar-panel-high-capacity/,2026-10-10,New candidate (identity unconfirmed),,,solar-4,solar,Solar & Renewable Energy,solar-4,Lithium Commercial & Industrial Solar,Lithium storage not established for grid-tied commercial kit,Register possible: MACIRE-016 (similar name + same brand; not proof of identity) | MACIRE-017 (similar name + same brand; not proof of identity),"Possible variant/model-family collision; compare power, capacity, phase, package and sale unit before any merge",Source product model/SKU; Essential attribute: Inverter rating (kW); Essential attribute: Battery capacity (kWh); Essential attribute: Solar array (panel W x quantity); Essential attribute: System voltage (V); Manufacturer/owner verification of identity and specifications; Nyce price and date or owner-approved quote-only policy; Nyce availability; Authorized product photo; Original Nyce descriptions and application classification,10 image(s) hosted by Macire; rights not cleared - do not reuse,Reject - taxonomy fit not established; do not merge similar names or model variants,Rejected placement requires owner taxonomy/fit review; no category change authorized,Not approved - owner review pending; no import authorized
MACIRE-019,16kW 3-Phase + 30.72kWh Felicity Commercial Solar System Kit – 1SEFELIC16P,https://macire.co.ke/product/16kw-3-phase-30-72kwh-felicity-commercial-solar-kit/,2026-10-10,Existing unpublished draft only,,16kw-3-phase-30-72kwh-felicity-commercial-solar-system-kit-1 | 6kw-10kwh-felicity-premium-home-solar-system-kit-1sefeliprem | 12kw-25kwh-felicity-premium-commercial-solar-system-kit-1sef,solar-4,solar,Solar & Renewable Energy,solar-4,Lithium Commercial & Industrial Solar,Fits current taxonomy provisionally,Draft exact: 16kw-3-phase-30-72kwh-felicity-commercial-solar-system-kit-1 (exact normalized name); Draft possible: 6kw-10kwh-felicity-premium-home-solar-system-kit-1sefeliprem (similar name + same brand; not proof of identity) | 12kw-25kwh-felicity-premium-commercial-solar-system-kit-1sef (similar name + same brand; not proof of identity),Retailer package/installation/warranty terms are not Nyce commitments; do not copy,Source product model/SKU; Essential attribute: Battery capacity (kWh); Essential attribute: Solar array (panel W x quantity); Essential attribute: System voltage (V); Manufacturer/owner verification of identity and specifications; Nyce price and date or owner-approved quote-only policy; Nyce availability; Authorized product photo; Original Nyce descriptions and application classification,12 image(s) hosted by Macire; rights not cleared - do not reuse,"Reject - insufficient reliable information; enrich existing record only after verification, do not create duplicate",No reassignment proposed,Not approved - owner review pending; no import authorized
MACIRE-020,16kW + 15kWh Felicity Large Home & SME Solar System Kit,https://macire.co.ke/product/16kw-15kwh-felicity-large-home-sme-solar-kit/,2026-10-10,New candidate (identity unconfirmed),,6kw-10kwh-felicity-premium-home-solar-system-kit-1sefeliprem,solar-4,solar,Solar & Renewable Energy,solar-4,Lithium Commercial & Industrial Solar,Fits current taxonomy provisionally,Draft possible: 6kw-10kwh-felicity-premium-home-solar-system-kit-1sefeliprem (similar name + same brand; not proof of identity),Retailer package/installation/warranty terms are not Nyce commitments; do not copy,Source product model/SKU; Essential attribute: Battery capacity (kWh); Essential attribute: Solar array (panel W x quantity); Essential attribute: System voltage (V); Manufacturer/owner verification of identity and specifications; Nyce price and date or owner-approved quote-only policy; Nyce availability; Authorized product photo; Original Nyce descriptions and application classification,12 image(s) hosted by Macire; rights not cleared - do not reuse,Reject - insufficient reliable information; do not merge similar names or model variants,No reassignment proposed,Not approved - owner review pending; no import authorized
MACIRE-021,"1.5kVA MUST VPM High-Frequency Inverter – 12V, 60A, 160VDC",https://macire.co.ke/product/1-5kva-must-vpm-high-frequency-inverter-12v-60a-160vdc/,2026-10-10,New candidate (identity unconfirmed),,,solar-5,solar,Solar & Renewable Energy,solar-5,Hybrid Solar Inverters,Fits current taxonomy provisionally,Register possible: MACIRE-022 (similar name + same brand; not proof of identity),"MACIRE-022 spec Product type: catalogue=Solar inverter; source=High-Frequency Inverter (unit/meaning review needed); Possible variant/model-family collision; compare power, capacity, phase, package and sale unit before any merge",Source product model/SKU; Essential attribute: Rated power (kW); Essential attribute: MPPT / PV input; Essential attribute: Phase; Manufacturer/owner verification of identity and specifications; Nyce price and date or owner-approved quote-only policy; Nyce availability; Authorized product photo; Original Nyce descriptions and application classification,11 image(s) hosted by Macire; rights not cleared - do not reuse,Reject - insufficient reliable information; do not merge similar names or model variants,No reassignment proposed,Not approved - owner review pending; no import authorized
MACIRE-022,"3.2kVA MUST VPM High-Frequency Inverter – 24V, 60A, 160VDC",https://macire.co.ke/product/2-2kva-must-vpm-24v-solar-inverter/,2026-10-10,New candidate (identity unconfirmed),,,solar-5,solar,Solar & Renewable Energy,solar-5,Hybrid Solar Inverters,Fits current taxonomy provisionally,Register possible: MACIRE-021 (similar name + same brand; not proof of identity),"MACIRE-021 spec Product Type: catalogue=High-Frequency Inverter; source=Solar inverter (unit/meaning review needed); Possible variant/model-family collision; compare power, capacity, phase, package and sale unit before any merge",Source product model/SKU; Essential attribute: Rated power (kW); Essential attribute: Battery voltage (V); Essential attribute: MPPT / PV input; Essential attribute: Phase; Manufacturer/owner verification of identity and specifications; Nyce price and date or owner-approved quote-only policy; Nyce availability; Authorized product photo; Original Nyce descriptions and application classification,18 image(s) hosted by Macire; rights not cleared - do not reuse,Reject - insufficient reliable information; do not merge similar names or model variants,No reassignment proposed,Not approved - owner review pending; no import authorized
MACIRE-023,Must 2.5Kw 2500Watts 24V PV1800 VPM Hybrid Offgrid Inverter,https://macire.co.ke/product/must-2-5kw-2500watts-24v-pv1800-vpm-hybrid-offgrid-inverter/,2026-10-10,New candidate,,,solar-5,solar,Solar & Renewable Energy,solar-5,Hybrid Solar Inverters,Fits current taxonomy provisionally,No match found; absence is not proof of uniqueness,No comparable stated conflict found; unverified/missing values are not agreement,Source brand; Essential attribute: Battery voltage (V); Essential attribute: MPPT / PV input; Essential attribute: Phase; Manufacturer/owner verification of identity and specifications; Nyce price and date or owner-approved quote-only policy; Nyce availability; Authorized product photo; Original Nyce descriptions and application classification,5 image(s) hosted by Macire; rights not cleared - do not reuse,Reject - insufficient reliable information; do not merge similar names or model variants,No reassignment proposed,Not approved - owner review pending; no import authorized
MACIRE-024,4kw 24v SVC Off-grid Solar Inverter – 4000w 100A MPPT – Intuitive LCD Display,https://macire.co.ke/product/4kw-24v-svc-off-grid-solar-inverter-4000w-100a-mppt-intuitive-lcd-display/,2026-10-10,New candidate (identity unconfirmed),,,solar-5,solar,Solar & Renewable Energy,solar-5,Hybrid Solar Inverters,Fits current taxonomy provisionally,No match found; absence is not proof of uniqueness,No comparable stated conflict found; unverified/missing values are not agreement,Source product model/SKU; Essential attribute: Rated power (kW); Essential attribute: Battery voltage (V); Essential attribute: MPPT / PV input; Essential attribute: Phase; Manufacturer/owner verification of identity and specifications; Nyce price and date or owner-approved quote-only policy; Nyce availability; Authorized product photo; Original Nyce descriptions and application classification,5 image(s) hosted by Macire; rights not cleared - do not reuse,Reject - insufficient reliable information; do not merge similar names or model variants,No reassignment proposed,Not approved - owner review pending; no import authorized
MACIRE-025,8kW AlpSolarr Eco PULSE S4 48V Hybrid Solar Inverter – Flexible Solar & Battery Power,https://macire.co.ke/product/8kw-alpsolarr-eco-pulse-s4-48v-hybrid-solar-inverter-flexible-solar-battery-power/,2026-10-10,Existing unpublished draft only,,8kw-alpsolarr-eco-pulse-s4-48v-hybrid-solar-inverter-flexibl | 11kw-alpsolarr-eco-pulse-s2-48v-hybrid-solar-inverter-high-c | 6kw-alpsolarr-eco-pulse-s3-48v-hybrid-solar-inverter-smart-s,solar-5,solar,Solar & Renewable Energy,solar-5,Hybrid Solar Inverters,Fits current taxonomy provisionally,Draft exact: 8kw-alpsolarr-eco-pulse-s4-48v-hybrid-solar-inverter-flexibl (exact normalized name); Draft possible: 11kw-alpsolarr-eco-pulse-s2-48v-hybrid-solar-inverter-high-c (similar name + same brand; not proof of identity) | 6kw-alpsolarr-eco-pulse-s3-48v-hybrid-solar-inverter-smart-s (similar name + same brand; not proof of identity),No comparable stated conflict found; unverified/missing values are not agreement,Source product model/SKU; Essential attribute: Rated power (kW); Essential attribute: Battery voltage (V); Essential attribute: MPPT / PV input; Essential attribute: Phase; Manufacturer/owner verification of identity and specifications; Nyce price and date or owner-approved quote-only policy; Nyce availability; Authorized product photo; Original Nyce descriptions and application classification,5 image(s) hosted by Macire; rights not cleared - do not reuse,"Reject - insufficient reliable information; enrich existing record only after verification, do not create duplicate",No reassignment proposed,Not approved - owner review pending; no import authorized
MACIRE-026,200Ah Platinum LiFePO₄ Lithium Battery 12.8V – High-Capacity Deep Cycle Solar Battery,https://macire.co.ke/product/200ah-platinum-lifepo%e2%82%84-lithium-battery-12-8v-high-capacity-deep-cycle-solar-battery/,2026-10-10,New candidate (identity unconfirmed),,,solar-6,solar,Solar & Renewable Energy,solar-6,Lithium Batteries,Fits current taxonomy provisionally,Register possible: MACIRE-027 (similar name + same brand; not proof of identity),"Possible variant/model-family collision; compare power, capacity, phase, package and sale unit before any merge",Source product model/SKU; Essential attribute: Capacity (kWh); Essential attribute: Nominal voltage (V); Essential attribute: Chemistry; Essential attribute: Cycle life; Manufacturer/owner verification of identity and specifications; Nyce price and date or owner-approved quote-only policy; Nyce availability; Authorized product photo; Original Nyce descriptions and application classification,5 image(s) hosted by Macire; rights not cleared - do not reuse,Reject - insufficient reliable information; do not merge similar names or model variants,No reassignment proposed,Not approved - owner review pending; no import authorized
MACIRE-027,100Ah Platinum LiFePO₄ Lithium Battery 12.8V – Long-Lasting Deep Cycle Energy Storage,https://macire.co.ke/product/100ah-platinum-lifepo%e2%82%84-lithium-battery-12-8v-long-lasting-deep-cycle-energy-storage/,2026-10-10,New candidate (identity unconfirmed),,,solar-6,solar,Solar & Renewable Energy,solar-6,Lithium Batteries,Fits current taxonomy provisionally,Register possible: MACIRE-026 (similar name + same brand; not proof of identity),"Possible variant/model-family collision; compare power, capacity, phase, package and sale unit before any merge",Source product model/SKU; Essential attribute: Cycle life; Manufacturer/owner verification of identity and specifications; Nyce price and date or owner-approved quote-only policy; Nyce availability; Authorized product photo; Original Nyce descriptions and application classification,5 image(s) hosted by Macire; rights not cleared - do not reuse,Reject - insufficient reliable information; do not merge similar names or model variants,No reassignment proposed,Not approved - owner review pending; no import authorized
MACIRE-028,2.56kWh Felicity FLA12200PG2 12V 200Ah Grade A Battery,https://macire.co.ke/product/2-56kwh-felicity-fla12200pg2-12v-200ah-grade-a-battery/,2026-10-10,New candidate,,,solar-6,solar,Solar & Renewable Energy,solar-6,Lithium Batteries,Fits current taxonomy provisionally,No match found; absence is not proof of uniqueness,No comparable stated conflict found; unverified/missing values are not agreement,Essential attribute: Chemistry; Manufacturer/owner verification of identity and specifications; Nyce price and date or owner-approved quote-only policy; Nyce availability; Authorized product photo; Original Nyce descriptions and application classification,5 image(s) hosted by Macire; rights not cleared - do not reuse,Reject - insufficient reliable information; do not merge similar names or model variants,No reassignment proposed,Not approved - owner review pending; no import authorized
MACIRE-029,"200Ah Yachu 12.8V Lithium Battery – LiFePO₄, Built-in BMS, Deep Cycle",https://macire.co.ke/product/200ah-yachu-12-8v-lithium-battery-lifepo%e2%82%84-built-in-bms-deep-cycle/,2026-10-10,New candidate (identity unconfirmed),,,solar-6,solar,Solar & Renewable Energy,solar-6,Lithium Batteries,Fits current taxonomy provisionally,No match found; absence is not proof of uniqueness,No comparable stated conflict found; unverified/missing values are not agreement,Source product model/SKU; Essential attribute: Chemistry; Manufacturer/owner verification of identity and specifications; Nyce price and date or owner-approved quote-only policy; Nyce availability; Authorized product photo; Original Nyce descriptions and application classification,4 image(s) hosted by Macire; rights not cleared - do not reuse,Reject - insufficient reliable information; do not merge similar names or model variants,No reassignment proposed,Not approved - owner review pending; no import authorized
MACIRE-030,Lithium Battery 12v 150ah Lifepo4 Battery Pack,https://macire.co.ke/product/lithium-battery-12v-150ah-lifepo4-battery-pack/,2026-10-10,New candidate (identity unconfirmed),,,solar-6,solar,Solar & Renewable Energy,solar-6,Lithium Batteries,Fits current taxonomy provisionally,No match found; absence is not proof of uniqueness,No comparable stated conflict found; unverified/missing values are not agreement,Source product model/SKU; Essential attribute: Capacity (kWh); Essential attribute: Nominal voltage (V); Essential attribute: Chemistry; Essential attribute: Cycle life; Manufacturer/owner verification of identity and specifications; Nyce price and date or owner-approved quote-only policy; Nyce availability; Authorized product photo; Original Nyce descriptions and application classification,3 image(s) hosted by Macire; rights not cleared - do not reuse,Reject - insufficient reliable information; do not merge similar names or model variants,No reassignment proposed,Not approved - owner review pending; no import authorized
MACIRE-031,50m 1500L/h 24v Premier Solar DC Water Pump Deep Well JZDC3S24-250 with 250watts Panel,https://macire.co.ke/product/60m-1500l-h-24v-premier-solar-dc-water-pump-deep-well-jzdc3s24-250-with-250watts-panel/,2026-10-10,New candidate (identity unconfirmed),,,solar-7,solar,Solar & Renewable Energy,solar-7,Solar DC Borehole Pumps,Fits current taxonomy provisionally,No match found; absence is not proof of uniqueness,No comparable stated conflict found; unverified/missing values are not agreement,Source product model/SKU; Essential attribute: Motor power (kW / HP); Essential attribute: Maximum head (m); Essential attribute: Maximum flow (m3/h); Essential attribute: Power supply (V / phase / DC); Essential attribute: Outlet size; Manufacturer/owner verification of identity and specifications; Nyce price and date or owner-approved quote-only policy; Nyce availability; Authorized product photo; Original Nyce descriptions and application classification,7 image(s) hosted by Macire; rights not cleared - do not reuse,Reject - insufficient reliable information; do not merge similar names or model variants,No reassignment proposed,Not approved - owner review pending; no import authorized
MACIRE-032,60M Premier DC Solar Submersible Pump – 250W 24V,https://macire.co.ke/product/60m-premier-dc-solar-submersible-pump-250w-24v/,2026-10-10,New candidate (identity unconfirmed),,,solar-7,solar,Solar & Renewable Energy,solar-7,Solar DC Borehole Pumps,Fits current taxonomy provisionally,Register possible: MACIRE-135 (similar name + same brand; not proof of identity) | MACIRE-155 (similar name + same brand; not proof of identity),"MACIRE-135 spec Pump Type: catalogue=Solar DC Submersible Brushless Screw Pump; source=DC Solar Submersible (unit/meaning review needed); MACIRE-135 spec Power Rating: catalogue=400W; source=250W (unit/meaning review needed); MACIRE-135 spec Flow Rate: catalogue=2,300 – 3,500 Liters/Hour; source=1.5m³/hr (1,500L/hr) (unit/meaning review needed); Possible variant/model-family collision; compare power, capacity, phase, package and sale unit before any merge",Source product model/SKU; Essential attribute: Maximum head (m); Essential attribute: Maximum flow (m3/h); Essential attribute: Power supply (V / phase / DC); Manufacturer/owner verification of identity and specifications; Nyce price and date or owner-approved quote-only policy; Nyce availability; Authorized product photo; Original Nyce descriptions and application classification,7 image(s) hosted by Macire; rights not cleared - do not reuse,Reject - insufficient reliable information; do not merge similar names or model variants,No reassignment proposed,Not approved - owner review pending; no import authorized
MACIRE-033,"1.25″ Shiyuan 2.2kW Hybrid AC/DC Submersible Deep Well Pump – 160m Head, 6.5m³/h, Brushless with Controller",https://macire.co.ke/product/160m-2-2kw-solar-borehole-pump-6-5m3-h-shiyuan-280v-1-25-submersible-deep-well-pump/,2026-10-10,New candidate (identity unconfirmed),,,solar-7,solar,Solar & Renewable Energy,solar-7,Solar DC Borehole Pumps,Fits current taxonomy provisionally,No match found; absence is not proof of uniqueness,No comparable stated conflict found; unverified/missing values are not agreement,Source product model/SKU; Essential attribute: Motor power (kW / HP); Essential attribute: Maximum head (m); Essential attribute: Maximum flow (m3/h); Essential attribute: Power supply (V / phase / DC); Essential attribute: Outlet size; Manufacturer/owner verification of identity and specifications; Nyce price and date or owner-approved quote-only policy; Nyce availability; Authorized product photo; Original Nyce descriptions and application classification,16 image(s) hosted by Macire; rights not cleared - do not reuse,Reject - insufficient reliable information; do not merge similar names or model variants,No reassignment proposed,Not approved - owner review pending; no import authorized
MACIRE-034,56m 6000L/Hr 4″ Solar Water Pump Kit with Panels 4DPC6-56-48-750 DC 48V 750W Submersible Borehole Deep Well pump with Mppt Controller Trunsun,https://macire.co.ke/product/56m-6000l-hr-4-solar-water-pump-kit-with-panels-4dpc6-56-48-750-dc-48v-750w-submersible-borehole-deep-well-pump-with-mppt-controller-trunsun/,2026-10-10,New candidate,,,solar-7,solar,Solar & Renewable Energy,solar-7,Solar DC Borehole Pumps,Fits current taxonomy provisionally,No match found; absence is not proof of uniqueness,No comparable stated conflict found; unverified/missing values are not agreement,Essential attribute: Motor power (kW / HP); Essential attribute: Maximum head (m); Essential attribute: Maximum flow (m3/h); Essential attribute: Power supply (V / phase / DC); Essential attribute: Outlet size; Manufacturer/owner verification of identity and specifications; Nyce price and date or owner-approved quote-only policy; Nyce availability; Authorized product photo; Original Nyce descriptions and application classification,13 image(s) hosted by Macire; rights not cleared - do not reuse,Reject - insufficient reliable information; do not merge similar names or model variants,No reassignment proposed,Not approved - owner review pending; no import authorized
MACIRE-035,3Kw 7m³ 220m Doyin DC AC/DC Hybrid Borehole Submersible Water Pump – 4SDS7 3000w 4hp 7000L/h,https://macire.co.ke/product/3kw-7m%c2%b3-220m-doyin-dc-ac-dc-hybrid-borehole-submersible-water-pump-4sds7-3000w-4hp-7000l-h/,2026-10-10,New candidate (identity unconfirmed),,,solar-7,solar,Solar & Renewable Energy,solar-7,Solar DC Borehole Pumps,Fits current taxonomy provisionally,No match found; absence is not proof of uniqueness,No comparable stated conflict found; unverified/missing values are not agreement,Source product model/SKU; Essential attribute: Motor power (kW / HP); Essential attribute: Maximum head (m); Essential attribute: Maximum flow (m3/h); Essential attribute: Power supply (V / phase / DC); Essential attribute: Outlet size; Manufacturer/owner verification of identity and specifications; Nyce price and date or owner-approved quote-only policy; Nyce availability; Authorized product photo; Original Nyce descriptions and application classification,14 image(s) hosted by Macire; rights not cleared - do not reuse,Reject - insufficient reliable information; do not merge similar names or model variants,No reassignment proposed,Not approved - owner review pending; no import authorized
MACIRE-036,200L Aquasun Non-Pressurised Solar Water Heater,https://macire.co.ke/product/200l-aquasun-non-pressurised-solar-water-heater/,2026-10-10,New candidate (identity unconfirmed),,,solar-8,solar,Solar & Renewable Energy,solar-8,Solar Water Heaters,Fits current taxonomy provisionally,No match found; absence is not proof of uniqueness,Retailer package/installation/warranty terms are not Nyce commitments; do not copy,Source product model/SKU; Essential attribute: Tank capacity (L); Essential attribute: Collector type; Essential attribute: Pressure type; Manufacturer/owner verification of identity and specifications; Nyce price and date or owner-approved quote-only policy; Nyce availability; Authorized product photo; Original Nyce descriptions and application classification,8 image(s) hosted by Macire; rights not cleared - do not reuse,Reject - insufficient reliable information; do not merge similar names or model variants,No reassignment proposed,Not approved - owner review pending; no import authorized
MACIRE-037,300L Phoenix Pressurised Solar Water Heater – High-Capacity Solar Comfort,https://macire.co.ke/product/300l-phoenix-pressurised-solar-water-heater-high-capacity-solar-comfort/,2026-10-10,Existing unpublished draft only,,300l-phoenix-pressurised-solar-water-heater-high-capacity-so,solar-8,solar,Solar & Renewable Energy,solar-8,Solar Water Heaters,Fits current taxonomy provisionally,Draft exact: 300l-phoenix-pressurised-solar-water-heater-high-capacity-so (exact normalized name),No comparable stated conflict found; unverified/missing values are not agreement,Source product model/SKU; Essential attribute: Collector type; Essential attribute: Pressure type; Manufacturer/owner verification of identity and specifications; Nyce price and date or owner-approved quote-only policy; Nyce availability; Authorized product photo; Original Nyce descriptions and application classification,7 image(s) hosted by Macire; rights not cleared - do not reuse,"Reject - insufficient reliable information; enrich existing record only after verification, do not create duplicate",No reassignment proposed,Not approved - owner review pending; no import authorized
MACIRE-038,300L Megasun Solar Indirect Water Heater System – Complete Solar Hot Water Solution,https://macire.co.ke/product/300l-megasun-solar-indirect-water-heater-system-complete-solar-hot-water-solution/,2026-10-10,Existing unpublished draft only,,300l-megasun-solar-indirect-water-heater-system-complete-sol | 200l-megasun-solar-indirect-water-heater-system-complete-pre,solar-8,solar,Solar & Renewable Energy,solar-8,Solar Water Heaters,Fits current taxonomy provisionally,Draft exact: 300l-megasun-solar-indirect-water-heater-system-complete-sol (exact normalized name); Draft possible: 200l-megasun-solar-indirect-water-heater-system-complete-pre (similar name + same brand; not proof of identity); Register possible: MACIRE-039 (similar name + same brand; not proof of identity),"MACIRE-039 spec Heat Transfer Fluid: catalogue=Solar Antifreeze Liquid (1L Included); source=Megasun Solar Antifreeze Liquid (1L) (unit/meaning review needed); MACIRE-039 spec Heating Method: catalogue=Closed-Loop Indirect Heat Exchange; source=Indirect Heat Exchange (unit/meaning review needed); Retailer package/installation/warranty terms are not Nyce commitments; do not copy; Possible variant/model-family collision; compare power, capacity, phase, package and sale unit before any merge",Source product model/SKU; Essential attribute: Tank capacity (L); Essential attribute: Pressure type; Manufacturer/owner verification of identity and specifications; Nyce price and date or owner-approved quote-only policy; Nyce availability; Authorized product photo; Original Nyce descriptions and application classification,8 image(s) hosted by Macire; rights not cleared - do not reuse,"Reject - insufficient reliable information; enrich existing record only after verification, do not create duplicate",No reassignment proposed,Not approved - owner review pending; no import authorized
MACIRE-039,200L Megasun Solar Indirect Water Heater System – Complete Pressurized Solar Hot Water Solution,https://macire.co.ke/product/200l-megasun-solar-indirect-water-heater-system-complete-pressurized-solar-hot-water-solution/,2026-10-10,Existing unpublished draft only,,200l-megasun-solar-indirect-water-heater-system-complete-pre | 300l-megasun-solar-indirect-water-heater-system-complete-sol,solar-8,solar,Solar & Renewable Energy,solar-8,Solar Water Heaters,Fits current taxonomy provisionally,Draft exact: 200l-megasun-solar-indirect-water-heater-system-complete-pre (exact normalized name); Draft possible: 300l-megasun-solar-indirect-water-heater-system-complete-sol (similar name + same brand; not proof of identity); Register possible: MACIRE-038 (similar name + same brand; not proof of identity),"MACIRE-038 spec Heat Transfer Fluid: catalogue=Megasun Solar Antifreeze Liquid (1L); source=Solar Antifreeze Liquid (1L Included) (unit/meaning review needed); MACIRE-038 spec Heating Method: catalogue=Indirect Heat Exchange; source=Closed-Loop Indirect Heat Exchange (unit/meaning review needed); Possible variant/model-family collision; compare power, capacity, phase, package and sale unit before any merge",Source product model/SKU; Essential attribute: Pressure type; Manufacturer/owner verification of identity and specifications; Nyce price and date or owner-approved quote-only policy; Nyce availability; Authorized product photo; Original Nyce descriptions and application classification,9 image(s) hosted by Macire; rights not cleared - do not reuse,"Reject - insufficient reliable information; enrich existing record only after verification, do not create duplicate",No reassignment proposed,Not approved - owner review pending; no import authorized
MACIRE-040,200L Seven Stars Stainless Pressurized Solar Water Heater,https://macire.co.ke/product/200l-seven-stars-stainless-pressurized-solar-water-heater/,2026-10-10,Existing unpublished draft only,,200l-seven-stars-stainless-pressurized-solar-water-heater,solar-8,solar,Solar & Renewable Energy,solar-8,Solar Water Heaters,Fits current taxonomy provisionally,Draft exact: 200l-seven-stars-stainless-pressurized-solar-water-heater (exact normalized name),200l-seven-stars-stainless-pressurized-solar-water-heater brand: catalogue=Seven Stars; source=Seven SS Stars; Retailer package/installation/warranty terms are not Nyce commitments; do not copy,Source product model/SKU; Essential attribute: Collector type; Essential attribute: Pressure type; Manufacturer/owner verification of identity and specifications; Nyce price and date or owner-approved quote-only policy; Nyce availability; Authorized product photo; Original Nyce descriptions and application classification,7 image(s) hosted by Macire; rights not cleared - do not reuse,"Reject - insufficient reliable information; enrich existing record only after verification, do not create duplicate",No reassignment proposed,Not approved - owner review pending; no import authorized
MACIRE-041,Suntree Pv cable 10.0mm2,https://macire.co.ke/product/suntree-pv-cable-10-0mm2/,2026-10-10,New candidate (identity unconfirmed),,,solar-9,solar,Solar & Renewable Energy,solar-9,Solar Accessories,Fits current taxonomy provisionally,No match found; absence is not proof of uniqueness,No comparable stated conflict found; unverified/missing values are not agreement,Source product model/SKU; Essential attribute: Accessory type; Essential attribute: Rating / compatibility; Manufacturer/owner verification of identity and specifications; Nyce price and date or owner-approved quote-only policy; Nyce availability; Authorized product photo; Original Nyce descriptions and application classification,1 image(s) hosted by Macire; rights not cleared - do not reuse,Reject - insufficient reliable information; do not merge similar names or model variants,No reassignment proposed,Not approved - owner review pending; no import authorized
MACIRE-042,Suntree Mc4 Connector,https://macire.co.ke/product/suntree-mc4-connector/,2026-10-10,New candidate (identity unconfirmed),,,solar-9,solar,Solar & Renewable Energy,solar-9,Solar Accessories,Fits current taxonomy provisionally,No match found; absence is not proof of uniqueness,No comparable stated conflict found; unverified/missing values are not agreement,Source product model/SKU; Essential attribute: Accessory type; Essential attribute: Rating / compatibility; Manufacturer/owner verification of identity and specifications; Nyce price and date or owner-approved quote-only policy; Nyce availability; Authorized product photo; Original Nyce descriptions and application classification,4 image(s) hosted by Macire; rights not cleared - do not reuse,Reject - insufficient reliable information; do not merge similar names or model variants,No reassignment proposed,Not approved - owner review pending; no import authorized
MACIRE-043,6mm Pv Solar Cable – Pure Copper,https://macire.co.ke/product/6mm-pv-solar-cable-pure-copper/,2026-10-10,New candidate (identity unconfirmed),,,solar-9,solar,Solar & Renewable Energy,solar-9,Solar Accessories,Fits current taxonomy provisionally,No match found; absence is not proof of uniqueness,No comparable stated conflict found; unverified/missing values are not agreement,Source product model/SKU; Essential attribute: Accessory type; Essential attribute: Rating / compatibility; Manufacturer/owner verification of identity and specifications; Nyce price and date or owner-approved quote-only policy; Nyce availability; Authorized product photo; Original Nyce descriptions and application classification,4 image(s) hosted by Macire; rights not cleared - do not reuse,Reject - insufficient reliable information; do not merge similar names or model variants,No reassignment proposed,Not approved - owner review pending; no import authorized
MACIRE-044,6mm Suntree Pv Solar Cable,https://macire.co.ke/product/6mm-suntree-pv-solar-cable/,2026-10-10,New candidate (identity unconfirmed),,,solar-9,solar,Solar & Renewable Energy,solar-9,Solar Accessories,Fits current taxonomy provisionally,No match found; absence is not proof of uniqueness,No comparable stated conflict found; unverified/missing values are not agreement,Source product model/SKU; Essential attribute: Accessory type; Essential attribute: Rating / compatibility; Manufacturer/owner verification of identity and specifications; Nyce price and date or owner-approved quote-only policy; Nyce availability; Authorized product photo; Original Nyce descriptions and application classification,4 image(s) hosted by Macire; rights not cleared - do not reuse,Reject - insufficient reliable information; do not merge similar names or model variants,No reassignment proposed,Not approved - owner review pending; no import authorized
MACIRE-045,Solar MC4 Connector T-Branch 3 to 1 Splitter MMMF + FFFM Pair,https://macire.co.ke/product/solar-mc4-connector-t-branch-3-to-1-splitter-mmmf-fffm-pair/,2026-10-10,New candidate (identity unconfirmed),,,solar-9,solar,Solar & Renewable Energy,solar-9,Solar Accessories,Fits current taxonomy provisionally,No match found; absence is not proof of uniqueness,No comparable stated conflict found; unverified/missing values are not agreement,Source product model/SKU; Essential attribute: Accessory type; Essential attribute: Rating / compatibility; Manufacturer/owner verification of identity and specifications; Nyce price and date or owner-approved quote-only policy; Nyce availability; Authorized product photo; Original Nyce descriptions and application classification,1 image(s) hosted by Macire; rights not cleared - do not reuse,Reject - insufficient reliable information; do not merge similar names or model variants,No reassignment proposed,Not approved - owner review pending; no import authorized
MACIRE-046,2.2Kw Single Phase Hober Solar Pumping Hybrid Inverter – Advanced MPPT Technology,https://macire.co.ke/product/2-2kw-1ph-hober-solar-pumping-hybrid-inverter-advanced-mppt-technology/,2026-10-10,New candidate (identity unconfirmed),,,solar-10,solar,Solar & Renewable Energy,solar-10,Solar Pumping Inverter,Fits current taxonomy provisionally,Register possible: MACIRE-048 (brand + catalogue model in source title; verify variant),"Possible variant/model-family collision; compare power, capacity, phase, package and sale unit before any merge",Source product model/SKU; Essential attribute: Rated power (kW); Essential attribute: Input voltage range (V); Essential attribute: Output phase; Manufacturer/owner verification of identity and specifications; Nyce price and date or owner-approved quote-only policy; Nyce availability; Authorized product photo; Original Nyce descriptions and application classification,15 image(s) hosted by Macire; rights not cleared - do not reuse,Reject - insufficient reliable information; do not merge similar names or model variants,No reassignment proposed,Not approved - owner review pending; no import authorized
MACIRE-047,75kW 3-Phase Hober Solar Pumping Hybrid Inverter,https://macire.co.ke/product/75kw-3-phase-hober-solar-pumping-hybrid-inverter/,2026-10-10,Existing unpublished draft only,,75kw-3-phase-hober-solar-pumping-hybrid-inverter | 110kw-3-phase-hober-solar-pumping-hybrid-inverter,solar-10,solar,Solar & Renewable Energy,solar-10,Solar Pumping Inverter,Fits current taxonomy provisionally,Draft exact: 75kw-3-phase-hober-solar-pumping-hybrid-inverter (exact normalized name); Draft possible: 110kw-3-phase-hober-solar-pumping-hybrid-inverter (similar name + same brand; not proof of identity); Register possible: MACIRE-048 (brand + catalogue model in source title; verify variant),"MACIRE-048 spec Rated Power: catalogue=110kW; source=75kW (unit/meaning review needed); MACIRE-048 spec Cooling: catalogue=Intelligent Fan Cooling; source=Intelligent Fan System (unit/meaning review needed); Possible variant/model-family collision; compare power, capacity, phase, package and sale unit before any merge",Source product model/SKU; Manufacturer/owner verification of identity and specifications; Nyce price and date or owner-approved quote-only policy; Nyce availability; Authorized product photo; Original Nyce descriptions and application classification,11 image(s) hosted by Macire; rights not cleared - do not reuse,"Reject - insufficient reliable information; enrich existing record only after verification, do not create duplicate",No reassignment proposed,Not approved - owner review pending; no import authorized
MACIRE-048,110kW 3-Phase Hober Solar Pumping Hybrid Inverter,https://macire.co.ke/product/110kw-3-phase-hober-solar-pumping-hybrid-inverter/,2026-10-10,Existing unpublished draft only,,110kw-3-phase-hober-solar-pumping-hybrid-inverter | 75kw-3-phase-hober-solar-pumping-hybrid-inverter,solar-10,solar,Solar & Renewable Energy,solar-10,Solar Pumping Inverter,Fits current taxonomy provisionally,Draft exact: 110kw-3-phase-hober-solar-pumping-hybrid-inverter (exact normalized name); Draft possible: 75kw-3-phase-hober-solar-pumping-hybrid-inverter (similar name + same brand; not proof of identity); Register possible: MACIRE-047 (similar name + same brand; not proof of identity),"MACIRE-047 spec Rated Power: catalogue=75kW; source=110kW (unit/meaning review needed); MACIRE-047 spec Cooling: catalogue=Intelligent Fan System; source=Intelligent Fan Cooling (unit/meaning review needed); Possible variant/model-family collision; compare power, capacity, phase, package and sale unit before any merge",Essential attribute: Output phase; Manufacturer/owner verification of identity and specifications; Nyce price and date or owner-approved quote-only policy; Nyce availability; Authorized product photo; Original Nyce descriptions and application classification,11 image(s) hosted by Macire; rights not cleared - do not reuse,"Reject - insufficient reliable information; enrich existing record only after verification, do not create duplicate",No reassignment proposed,Not approved - owner review pending; no import authorized
MACIRE-049,2.2kW Taifu TNF130 End Suction Pump (3-Phase),https://macire.co.ke/product/2-2kw-taifu-tnf130-end-suction-pump-3-phase/,2026-10-10,New candidate,,,solar-10,water,Borehole & Water Solutions,water-7,Booster Centrifugal Water Pumps,Proposed reassignment; pending approval,Register possible: MACIRE-050 (similar name + same brand; not proof of identity),"MACIRE-050 spec Power Output: catalogue=4kW; source=2.2kW (3HP) (unit/meaning review needed); MACIRE-050 spec Inlet/Outlet Diameter: catalogue=2 inches / 2 inches; source=3 inches / 3 inches (unit/meaning review needed); MACIRE-050 spec Protection Class: catalogue=IP55; source=IP54 (unit/meaning review needed); Possible variant/model-family collision; compare power, capacity, phase, package and sale unit before any merge",Essential attribute: Motor power (kW / HP); Essential attribute: Maximum head (m); Essential attribute: Maximum flow (m3/h); Essential attribute: Power supply (V / phase / DC); Essential attribute: Outlet size; Manufacturer/owner verification of identity and specifications; Nyce price and date or owner-approved quote-only policy; Nyce availability; Authorized product photo; Original Nyce descriptions and application classification,6 image(s) hosted by Macire; rights not cleared - do not reuse,Reject - insufficient reliable information; do not merge similar names or model variants,Proposed reassignment solar-10 -> water-7; owner approval required,Not approved - owner review pending; no import authorized
MACIRE-050,4kW Taifu End Suction Pump (3-Phase),https://macire.co.ke/product/4kw-taifu-end-suction-pump-3-phase/,2026-10-10,New candidate (identity unconfirmed),,,solar-10,water,Borehole & Water Solutions,water-7,Booster Centrifugal Water Pumps,Proposed reassignment; pending approval,Register possible: MACIRE-049 (similar name + same brand; not proof of identity),"MACIRE-049 spec Power Output: catalogue=2.2kW (3HP); source=4kW (unit/meaning review needed); MACIRE-049 spec Inlet/Outlet Diameter: catalogue=3 inches / 3 inches; source=2 inches / 2 inches (unit/meaning review needed); MACIRE-049 spec Protection Class: catalogue=IP54; source=IP55 (unit/meaning review needed); Possible variant/model-family collision; compare power, capacity, phase, package and sale unit before any merge",Source product model/SKU; Essential attribute: Motor power (kW / HP); Essential attribute: Maximum head (m); Essential attribute: Maximum flow (m3/h); Essential attribute: Power supply (V / phase / DC); Essential attribute: Outlet size; Manufacturer/owner verification of identity and specifications; Nyce price and date or owner-approved quote-only policy; Nyce availability; Authorized product photo; Original Nyce descriptions and application classification,8 image(s) hosted by Macire; rights not cleared - do not reuse,Reject - insufficient reliable information; do not merge similar names or model variants,Proposed reassignment solar-10 -> water-7; owner approval required,Not approved - owner review pending; no import authorized
MACIRE-051,2″ Pulser UK Petrol Water Pump WP20P 6.5HP 36000L/h 28m,https://macire.co.ke/product/2-pulser-uk-wp20p-petrol-water-pump-6-5hp-28m/,2026-10-10,New candidate,,,agriculture-1,agriculture,Agriculture & Irrigation,agriculture-9,Farm Irrigation Equipment,Proposed reassignment; pending approval,No match found; absence is not proof of uniqueness,No comparable stated conflict found; unverified/missing values are not agreement,Essential attribute: Irrigation type; Essential attribute: Coverage area; Essential attribute: Pipe / emitter size; Essential attribute: Water source / pressure; Manufacturer/owner verification of identity and specifications; Nyce price and date or owner-approved quote-only policy; Nyce availability; Authorized product photo; Original Nyce descriptions and application classification,5 image(s) hosted by Macire; rights not cleared - do not reuse,Reject - insufficient reliable information; do not merge similar names or model variants,Proposed reassignment agriculture-1 -> agriculture-9; owner approval required,Not approved - owner review pending; no import authorized
MACIRE-052,0.75Kw 1Hp Aico Borehole Pump – DW1100 150m 4800L/Hr Deep Well Submersible Water Pump with Controller,https://macire.co.ke/product/0-75kw-1hp-aico-borehole-pump-dw1100-150m-4800l-hr-deep-well-submersible-water-pump-with-controller/,2026-10-10,New candidate,,,agriculture-1,water,Borehole & Water Solutions,water-1,Electric Borehole Pumps,Proposed reassignment; pending approval,No match found; absence is not proof of uniqueness,No comparable stated conflict found; unverified/missing values are not agreement,Essential attribute: Motor power (kW / HP); Essential attribute: Maximum head (m); Essential attribute: Maximum flow (m3/h); Essential attribute: Power supply (V / phase / DC); Essential attribute: Outlet size; Manufacturer/owner verification of identity and specifications; Nyce price and date or owner-approved quote-only policy; Nyce availability; Authorized product photo; Original Nyce descriptions and application classification,7 image(s) hosted by Macire; rights not cleared - do not reuse,Reject - insufficient reliable information; do not merge similar names or model variants,Proposed reassignment agriculture-1 -> water-1; owner approval required,Not approved - owner review pending; no import authorized
MACIRE-053,3HP 220M Aico Japan DW3000 Borehole Water Pump 2.2kW – Single Phase Deep Well Submersible,https://macire.co.ke/product/2-2kw-220m-aico-borehole-water-pump-4800l-hr-3hp-dw3000-single-phase-deep-well-submersible-water-pump/,2026-10-10,New candidate (identity unconfirmed),,,agriculture-1,water,Borehole & Water Solutions,water-1,Electric Borehole Pumps,Proposed reassignment; pending approval,No match found; absence is not proof of uniqueness,No comparable stated conflict found; unverified/missing values are not agreement,Source product model/SKU; Essential attribute: Motor power (kW / HP); Essential attribute: Maximum head (m); Essential attribute: Maximum flow (m3/h); Essential attribute: Power supply (V / phase / DC); Essential attribute: Outlet size; Manufacturer/owner verification of identity and specifications; Nyce price and date or owner-approved quote-only policy; Nyce availability; Authorized product photo; Original Nyce descriptions and application classification,7 image(s) hosted by Macire; rights not cleared - do not reuse,Reject - insufficient reliable information; do not merge similar names or model variants,Proposed reassignment agriculture-1 -> water-1; owner approval required,Not approved - owner review pending; no import authorized
MACIRE-054,0.37Kw 0.5Hp Aico Borehole Pump DW1050 – Deep Well AC Electric Submersible Water Pump – 80 Meters Lift Single Phase,https://macire.co.ke/product/0-37kw-0-5hp-aico-borehole-pump-dw1050-deep-well-ac-electric-submersible-water-pump-80-meters-lift-single-phase/,2026-10-10,New candidate,,,agriculture-1,water,Borehole & Water Solutions,water-1,Electric Borehole Pumps,Proposed reassignment; pending approval,No match found; absence is not proof of uniqueness,Retailer package/installation/warranty terms are not Nyce commitments; do not copy,Essential attribute: Motor power (kW / HP); Essential attribute: Maximum head (m); Essential attribute: Maximum flow (m3/h); Essential attribute: Power supply (V / phase / DC); Manufacturer/owner verification of identity and specifications; Nyce price and date or owner-approved quote-only policy; Nyce availability; Authorized product photo; Original Nyce descriptions and application classification,7 image(s) hosted by Macire; rights not cleared - do not reuse,Reject - insufficient reliable information; do not merge similar names or model variants,Proposed reassignment agriculture-1 -> water-1; owner approval required,Not approved - owner review pending; no import authorized
MACIRE-055,2″ 7.5Hp Benford-uk Petrol Water Pump,https://macire.co.ke/product/2-7-5hp-benford-uk-petrol-water-pump/,2026-10-10,New candidate (identity unconfirmed),,,agriculture-1,agriculture,Agriculture & Irrigation,agriculture-9,Farm Irrigation Equipment,Proposed reassignment; pending approval,No match found; absence is not proof of uniqueness,No comparable stated conflict found; unverified/missing values are not agreement,Source product model/SKU; Essential attribute: Irrigation type; Essential attribute: Coverage area; Essential attribute: Pipe / emitter size; Essential attribute: Water source / pressure; Manufacturer/owner verification of identity and specifications; Nyce price and date or owner-approved quote-only policy; Nyce availability; Authorized product photo; Original Nyce descriptions and application classification,4 image(s) hosted by Macire; rights not cleared - do not reuse,Reject - insufficient reliable information; do not merge similar names or model variants,Proposed reassignment agriculture-1 -> agriculture-9; owner approval required,Not approved - owner review pending; no import authorized
MACIRE-056,JD-2000MH Jiadi Maize Harvester – 16HP Diesel Engine with Key Start,https://macire.co.ke/product/jd-2000mh-jiadi-maize-harvester-16hp-diesel-engine-with-key-start/,2026-10-10,New candidate,,,agriculture-2,agriculture,Agriculture & Irrigation,agriculture-2,Walking Tractor,Maize harvester is not a walking tractor; no dedicated existing subcategory,No match found; absence is not proof of uniqueness,No comparable stated conflict found; unverified/missing values are not agreement,Source brand; Essential attribute: Starting method; Essential attribute: Cooling; Manufacturer/owner verification of identity and specifications; Nyce price and date or owner-approved quote-only policy; Nyce availability; Authorized product photo; Original Nyce descriptions and application classification,4 image(s) hosted by Macire; rights not cleared - do not reuse,Reject - taxonomy fit not established; do not merge similar names or model variants,Rejected placement requires owner taxonomy/fit review; no category change authorized,Not approved - owner review pending; no import authorized
MACIRE-057,10HP JD10L JIADI Walking Diesel Tractor with Implements – Multi-Purpose Farm Power Tiller,https://macire.co.ke/product/10hp-jd10l-jiadi-walking-diesel-tractor-with-implements-multi-purpose-farm-power-tiller/,2026-10-10,Existing live product,jiadi-tractor,,agriculture-2,agriculture,Agriculture & Irrigation,agriculture-2,Walking Tractor,Fits current taxonomy provisionally,"Live exact: jiadi-tractor (exact product URL, exact brand + model (variant details still require review))",No comparable stated conflict found; unverified/missing values are not agreement,Essential attribute: Starting method; Essential attribute: Cooling; Manufacturer/owner verification of identity and specifications; Nyce price and date or owner-approved quote-only policy; Nyce availability; Authorized product photo; Original Nyce descriptions and application classification,5 image(s) hosted by Macire; rights not cleared - do not reuse,"Reject - insufficient reliable information; enrich existing record only after verification, do not create duplicate",No reassignment proposed,Not approved - owner review pending; no import authorized
MACIRE-058,Premium Mesh Nylon Beekeeping Suit | Camire UK,https://macire.co.ke/product/premium-mesh-nylon-beekeeping-suit-camire-uk/,2026-10-10,New candidate (identity unconfirmed),,,agriculture-3,agriculture,Agriculture & Irrigation,agriculture-3,Bee Keeping Equipment,Fits current taxonomy provisionally,No match found; absence is not proof of uniqueness,No comparable stated conflict found; unverified/missing values are not agreement,Source product model/SKU; Essential attribute: Hive type; Essential attribute: Frames; Manufacturer/owner verification of identity and specifications; Nyce price and date or owner-approved quote-only policy; Nyce availability; Authorized product photo; Original Nyce descriptions and application classification,7 image(s) hosted by Macire; rights not cleared - do not reuse,Reject - insufficient reliable information; do not merge similar names or model variants,No reassignment proposed,Not approved - owner review pending; no import authorized
MACIRE-059,Bee Keeping Silicone Beeswax Foundation Sheet Mold,https://macire.co.ke/product/bee-keeping-silicone-beeswax-foundation-sheet-mold/,2026-10-10,Existing unpublished draft only,,bee-keeping-silicone-beeswax-foundation-sheet-mold,agriculture-3,agriculture,Agriculture & Irrigation,agriculture-3,Bee Keeping Equipment,Fits current taxonomy provisionally,Draft exact: bee-keeping-silicone-beeswax-foundation-sheet-mold (exact normalized name),No comparable stated conflict found; unverified/missing values are not agreement,Source brand; Source product model/SKU; Essential attribute: Hive type; Essential attribute: Material; Essential attribute: Frames; Manufacturer/owner verification of identity and specifications; Nyce price and date or owner-approved quote-only policy; Nyce availability; Authorized product photo; Original Nyce descriptions and application classification,4 image(s) hosted by Macire; rights not cleared - do not reuse,"Reject - insufficient reliable information; enrich existing record only after verification, do not create duplicate",No reassignment proposed,Not approved - owner review pending; no import authorized
MACIRE-060,Honey Refractometer for Bee Keeping Honey Moisture,https://macire.co.ke/product/honey-refractometer-for-bee-keeping-honey-moisture/,2026-10-10,Existing unpublished draft only,,honey-refractometer-for-bee-keeping-honey-moisture,agriculture-3,agriculture,Agriculture & Irrigation,agriculture-3,Bee Keeping Equipment,Fits current taxonomy provisionally,Draft exact: honey-refractometer-for-bee-keeping-honey-moisture (exact normalized name),No comparable stated conflict found; unverified/missing values are not agreement,Source product model/SKU; Essential attribute: Hive type; Essential attribute: Material; Essential attribute: Frames; Manufacturer/owner verification of identity and specifications; Nyce price and date or owner-approved quote-only policy; Nyce availability; Authorized product photo; Original Nyce descriptions and application classification,5 image(s) hosted by Macire; rights not cleared - do not reuse,"Reject - insufficient reliable information; enrich existing record only after verification, do not create duplicate",No reassignment proposed,Not approved - owner review pending; no import authorized
MACIRE-061,50kg Bee Keeping Settling Tank With Double Sieve,https://macire.co.ke/product/50kg-bee-keeping-settling-tank-with-double-sieve/,2026-10-10,Existing unpublished draft only,,50kg-bee-keeping-settling-tank-with-double-sieve,agriculture-3,agriculture,Agriculture & Irrigation,agriculture-3,Bee Keeping Equipment,Fits current taxonomy provisionally,Draft exact: 50kg-bee-keeping-settling-tank-with-double-sieve (exact normalized name),No comparable stated conflict found; unverified/missing values are not agreement,Source brand; Source product model/SKU; Essential attribute: Hive type; Essential attribute: Material; Essential attribute: Frames; Manufacturer/owner verification of identity and specifications; Nyce price and date or owner-approved quote-only policy; Nyce availability; Authorized product photo; Original Nyce descriptions and application classification,4 image(s) hosted by Macire; rights not cleared - do not reuse,"Reject - insufficient reliable information; enrich existing record only after verification, do not create duplicate",No reassignment proposed,Not approved - owner review pending; no import authorized
MACIRE-062,30kg Bee Keeping Settling Tank With Double Sieve,https://macire.co.ke/product/30kg-bee-keeping-settling-tank-with-double-sieve/,2026-10-10,Existing unpublished draft only,,30kg-bee-keeping-settling-tank-with-double-sieve,agriculture-3,agriculture,Agriculture & Irrigation,agriculture-3,Bee Keeping Equipment,Fits current taxonomy provisionally,Draft exact: 30kg-bee-keeping-settling-tank-with-double-sieve (exact normalized name),No comparable stated conflict found; unverified/missing values are not agreement,Source brand; Source product model/SKU; Essential attribute: Hive type; Essential attribute: Material; Essential attribute: Frames; Manufacturer/owner verification of identity and specifications; Nyce price and date or owner-approved quote-only policy; Nyce availability; Authorized product photo; Original Nyce descriptions and application classification,4 image(s) hosted by Macire; rights not cleared - do not reuse,"Reject - insufficient reliable information; enrich existing record only after verification, do not create duplicate",No reassignment proposed,Not approved - owner review pending; no import authorized
MACIRE-063,"192 Eggs Premier Egg Incubator – Automatic Rolling, High Hatch Rate, Energy Efficient",https://macire.co.ke/product/192-eggs-premier-egg-incubator-automatic-rolling-high-hatch-rate-energy-efficient/,2026-10-10,New candidate (identity unconfirmed),,,agriculture-4,agriculture,Agriculture & Irrigation,agriculture-4,Incubators,Fits current taxonomy provisionally,Register possible: MACIRE-064 (similar name + same brand; not proof of identity),"MACIRE-064 spec Egg Capacity: catalogue=320 Eggs; source=192 Eggs (unit/meaning review needed); MACIRE-064 spec Operation: catalogue=Automated Incubation; source=Automatic Incubation (unit/meaning review needed); MACIRE-064 spec Efficiency: catalogue=Energy-Efficient Operation; source=Energy-Efficient (unit/meaning review needed); Possible variant/model-family collision; compare power, capacity, phase, package and sale unit before any merge",Source product model/SKU; Essential attribute: Turning; Essential attribute: Power supply; Manufacturer/owner verification of identity and specifications; Nyce price and date or owner-approved quote-only policy; Nyce availability; Authorized product photo; Original Nyce descriptions and application classification,9 image(s) hosted by Macire; rights not cleared - do not reuse,Reject - insufficient reliable information; do not merge similar names or model variants,No reassignment proposed,Not approved - owner review pending; no import authorized
MACIRE-064,"320 Eggs Premier Egg Incubator – Automatic Turning, High Hatch Rate, Energy Efficient",https://macire.co.ke/product/320-eggs-premier-egg-incubator-automatic-turning-high-hatch-rate-energy-efficient/,2026-10-10,New candidate (identity unconfirmed),,,agriculture-4,agriculture,Agriculture & Irrigation,agriculture-4,Incubators,Fits current taxonomy provisionally,Register possible: MACIRE-063 (similar name + same brand; not proof of identity),"MACIRE-063 spec Egg Capacity: catalogue=192 Eggs; source=320 Eggs (unit/meaning review needed); MACIRE-063 spec Operation: catalogue=Automatic Incubation; source=Automated Incubation (unit/meaning review needed); MACIRE-063 spec Efficiency: catalogue=Energy-Efficient; source=Energy-Efficient Operation (unit/meaning review needed); Possible variant/model-family collision; compare power, capacity, phase, package and sale unit before any merge",Source product model/SKU; Essential attribute: Turning; Essential attribute: Power supply; Manufacturer/owner verification of identity and specifications; Nyce price and date or owner-approved quote-only policy; Nyce availability; Authorized product photo; Original Nyce descriptions and application classification,4 image(s) hosted by Macire; rights not cleared - do not reuse,Reject - insufficient reliable information; do not merge similar names or model variants,No reassignment proposed,Not approved - owner review pending; no import authorized
MACIRE-065,128 Eggs Faida Bora Digital Fully Automatic Egg Incubator,https://macire.co.ke/product/128-eggs-faida-bora-digital-fully-automatic-egg-incubator/,2026-10-10,New candidate (identity unconfirmed),,320-eggs-faida-bora-digital-incubator-fully-automatic,agriculture-4,agriculture,Agriculture & Irrigation,agriculture-4,Incubators,Fits current taxonomy provisionally,Draft possible: 320-eggs-faida-bora-digital-incubator-fully-automatic (similar name + same brand; not proof of identity),No comparable stated conflict found; unverified/missing values are not agreement,Source product model/SKU; Essential attribute: Egg capacity; Essential attribute: Power supply; Manufacturer/owner verification of identity and specifications; Nyce price and date or owner-approved quote-only policy; Nyce availability; Authorized product photo; Original Nyce descriptions and application classification,14 image(s) hosted by Macire; rights not cleared - do not reuse,Reject - insufficient reliable information; do not merge similar names or model variants,No reassignment proposed,Not approved - owner review pending; no import authorized
MACIRE-066,36 Eggs Incubator with Automatic Turning & Humidity Control & LED Canding Lamp Milano,https://macire.co.ke/product/36-eggs-incubator-with-automatic-turning-humidity-control-led-canding-lamp-milano/,2026-10-10,New candidate (identity unconfirmed),,,agriculture-4,agriculture,Agriculture & Irrigation,agriculture-4,Incubators,Fits current taxonomy provisionally,No match found; absence is not proof of uniqueness,No comparable stated conflict found; unverified/missing values are not agreement,Source product model/SKU; Essential attribute: Egg capacity; Essential attribute: Turning; Essential attribute: Power supply; Manufacturer/owner verification of identity and specifications; Nyce price and date or owner-approved quote-only policy; Nyce availability; Authorized product photo; Original Nyce descriptions and application classification,3 image(s) hosted by Macire; rights not cleared - do not reuse,Reject - insufficient reliable information; do not merge similar names or model variants,No reassignment proposed,Not approved - owner review pending; no import authorized
MACIRE-067,120 Egg Automatic Incubator (Can Use Electricity or Battery),https://macire.co.ke/product/120-egg-automatic-incubator-can-use-electricity-or-battery/,2026-10-10,New candidate (identity unconfirmed),,,agriculture-4,agriculture,Agriculture & Irrigation,agriculture-4,Incubators,Fits current taxonomy provisionally,No match found; absence is not proof of uniqueness,No comparable stated conflict found; unverified/missing values are not agreement,Source brand; Source product model/SKU; Essential attribute: Egg capacity; Essential attribute: Turning; Essential attribute: Power supply; Manufacturer/owner verification of identity and specifications; Nyce price and date or owner-approved quote-only policy; Nyce availability; Authorized product photo; Original Nyce descriptions and application classification,2 image(s) hosted by Macire; rights not cleared - do not reuse,Reject - insufficient reliable information; do not merge similar names or model variants,No reassignment proposed,Not approved - owner review pending; no import authorized
MACIRE-068,"Premier PM33 Commercial Maize Mill – 450kg/h Output, Dual Frame, Multi-Power Ready",https://macire.co.ke/product/premier-pm33-commercial-maize-mill-450kg-h-output-dual-frame-multi-power-ready/,2026-10-10,Existing unpublished draft only,,premier-pm33-commercial-maize-mill-450kg-h-output-dual-frame,agriculture-5,agriculture,Agriculture & Irrigation,agriculture-5,Posho Mill,Fits current taxonomy provisionally,Draft exact: premier-pm33-commercial-maize-mill-450kg-h-output-dual-frame (exact normalized name); Register possible: MACIRE-069 (brand + catalogue model in source title; verify variant) | MACIRE-070 (brand + catalogue model in source title; verify variant) | MACIRE-071 (brand + catalogue model in source title; verify variant) | MACIRE-072 (brand + catalogue model in source title; verify variant),"MACIRE-069 model: catalogue=PM33; source=Premier PM33; MACIRE-069 spec Model: catalogue=PM33; source=Premier PM33 (unit/meaning review needed); MACIRE-069 spec Construction: catalogue=Reinforced steel body; source=Industrial steel body (unit/meaning review needed); MACIRE-070 model: catalogue=PM33; source=Premier PM33; MACIRE-070 spec Model: catalogue=PM33; source=Premier PM33 (unit/meaning review needed); MACIRE-070 spec Application: catalogue=Maize and grain milling; source=Commercial maize milling (unit/meaning review needed); MACIRE-071 model: catalogue=PM33; source=Premier PM33; MACIRE-071 spec Model: catalogue=PM33; source=Premier PM33 (unit/meaning review needed); MACIRE-071 spec Operation: catalogue=Continuous Commercial Use; source=Belt-driven (unit/meaning review needed); MACIRE-071 spec Application: catalogue=Maize Flour Milling; source=Commercial maize milling (unit/meaning review needed); MACIRE-072 model: catalogue=PM33; source=Premier PM33; MACIRE-072 spec Model: catalogue=PM33; source=Premier PM33 (unit/meaning review needed); Possible variant/model-family collision; compare power, capacity, phase, package and sale unit before any merge",Essential attribute: Throughput (kg/h); Essential attribute: Power source; Essential attribute: Motor / engine power; Manufacturer/owner verification of identity and specifications; Nyce price and date or owner-approved quote-only policy; Nyce availability; Authorized product photo; Original Nyce descriptions and application classification,5 image(s) hosted by Macire; rights not cleared - do not reuse,"Reject - insufficient reliable information; enrich existing record only after verification, do not create duplicate",No reassignment proposed,Not approved - owner review pending; no import authorized
MACIRE-069,"10HP Premier PM33 Commercial Maize Mill – 450kg/h Output, Dual Frame, Free Screen",https://macire.co.ke/product/10hp-premier-pm33-commercial-maize-mill-450kg-h-output-dual-frame-free-screen/,2026-10-10,New candidate,,premier-pm33-commercial-maize-mill-450kg-h-output-dual-frame,agriculture-5,agriculture,Agriculture & Irrigation,agriculture-5,Posho Mill,Fits current taxonomy provisionally,Draft possible: premier-pm33-commercial-maize-mill-450kg-h-output-dual-frame (similar name + same brand; not proof of identity); Register exact/model-family: MACIRE-070 (exact brand + model (variant details still require review)) | MACIRE-071 (exact brand + model (variant details still require review)) | MACIRE-072 (exact brand + model (variant details still require review)); Register possible: MACIRE-068 (brand + catalogue model in source title; verify variant),"MACIRE-068 model: catalogue=Premier PM33; source=PM33; MACIRE-068 spec Model: catalogue=Premier PM33; source=PM33 (unit/meaning review needed); MACIRE-068 spec Construction: catalogue=Industrial steel body; source=Reinforced steel body (unit/meaning review needed); Possible variant/model-family collision; compare power, capacity, phase, package and sale unit before any merge",Essential attribute: Throughput (kg/h); Essential attribute: Power source; Essential attribute: Motor / engine power; Manufacturer/owner verification of identity and specifications; Nyce price and date or owner-approved quote-only policy; Nyce availability; Authorized product photo; Original Nyce descriptions and application classification,6 image(s) hosted by Macire; rights not cleared - do not reuse,Reject - insufficient reliable information; do not merge similar names or model variants,No reassignment proposed,Not approved - owner review pending; no import authorized
MACIRE-070,"450kg/h Premier PM33 Commercial Maize Mill – Dual Frame, Free Screen, 7.5HP Ready",https://macire.co.ke/product/450kg-h-premier-pm33-commercial-maize-mill-dual-frame-free-screen-7-5hp-ready/,2026-10-10,New candidate,,,agriculture-5,agriculture,Agriculture & Irrigation,agriculture-5,Posho Mill,Fits current taxonomy provisionally,Register exact/model-family: MACIRE-069 (exact brand + model (variant details still require review)) | MACIRE-071 (exact brand + model (variant details still require review)) | MACIRE-072 (exact brand + model (variant details still require review)); Register possible: MACIRE-068 (brand + catalogue model in source title; verify variant),"MACIRE-071 spec Application: catalogue=Maize Flour Milling; source=Maize and grain milling (unit/meaning review needed); MACIRE-072 spec Motor Type: catalogue=High-Speed Single Phase; source=High-speed single phase electric motor (unit/meaning review needed); MACIRE-072 spec Application: catalogue=Commercial Maize Milling; source=Maize and grain milling (unit/meaning review needed); MACIRE-072 spec Build Material: catalogue=Heavy-Duty Steel; source=Reinforced steel construction (unit/meaning review needed); MACIRE-068 model: catalogue=Premier PM33; source=PM33; MACIRE-068 spec Model: catalogue=Premier PM33; source=PM33 (unit/meaning review needed); MACIRE-068 spec Application: catalogue=Commercial maize milling; source=Maize and grain milling (unit/meaning review needed); Possible variant/model-family collision; compare power, capacity, phase, package and sale unit before any merge",Essential attribute: Throughput (kg/h); Essential attribute: Power source; Essential attribute: Motor / engine power; Manufacturer/owner verification of identity and specifications; Nyce price and date or owner-approved quote-only policy; Nyce availability; Authorized product photo; Original Nyce descriptions and application classification,4 image(s) hosted by Macire; rights not cleared - do not reuse,Reject - insufficient reliable information; do not merge similar names or model variants,No reassignment proposed,Not approved - owner review pending; no import authorized
MACIRE-071,"450kg/h Premier PM33 Commercial Maize Mill – Imported Build, High Output, With Screen",https://macire.co.ke/product/450kg-h-premier-pm33-commercial-maize-mill-imported-build-high-output-with-screen/,2026-10-10,New candidate,,,agriculture-5,agriculture,Agriculture & Irrigation,agriculture-5,Posho Mill,Fits current taxonomy provisionally,Register exact/model-family: MACIRE-069 (exact brand + model (variant details still require review)) | MACIRE-070 (exact brand + model (variant details still require review)) | MACIRE-072 (exact brand + model (variant details still require review)); Register possible: MACIRE-068 (brand + catalogue model in source title; verify variant),"MACIRE-070 spec Application: catalogue=Maize and grain milling; source=Maize Flour Milling (unit/meaning review needed); MACIRE-072 spec Application: catalogue=Commercial Maize Milling; source=Maize Flour Milling (unit/meaning review needed); MACIRE-068 model: catalogue=Premier PM33; source=PM33; MACIRE-068 spec Model: catalogue=Premier PM33; source=PM33 (unit/meaning review needed); MACIRE-068 spec Operation: catalogue=Belt-driven; source=Continuous Commercial Use (unit/meaning review needed); MACIRE-068 spec Application: catalogue=Commercial maize milling; source=Maize Flour Milling (unit/meaning review needed); Retailer package/installation/warranty terms are not Nyce commitments; do not copy; Possible variant/model-family collision; compare power, capacity, phase, package and sale unit before any merge",Essential attribute: Throughput (kg/h); Essential attribute: Power source; Essential attribute: Motor / engine power; Manufacturer/owner verification of identity and specifications; Nyce price and date or owner-approved quote-only policy; Nyce availability; Authorized product photo; Original Nyce descriptions and application classification,4 image(s) hosted by Macire; rights not cleared - do not reuse,Reject - insufficient reliable information; do not merge similar names or model variants,No reassignment proposed,Not approved - owner review pending; no import authorized
MACIRE-072,"7.5HP Premier PM33 Commercial Maize Mill – High-Speed Motor, 450kg/h Output, Single Phase",https://macire.co.ke/product/7-5hp-premier-pm33-commercial-maize-mill-high-speed-motor-450kg-h-output-single-phase/,2026-10-10,New candidate,,,agriculture-5,agriculture,Agriculture & Irrigation,agriculture-5,Posho Mill,Fits current taxonomy provisionally,Register exact/model-family: MACIRE-069 (exact brand + model (variant details still require review)) | MACIRE-070 (exact brand + model (variant details still require review)) | MACIRE-071 (exact brand + model (variant details still require review)); Register possible: MACIRE-068 (brand + catalogue model in source title; verify variant),"MACIRE-070 spec Motor Type: catalogue=High-speed single phase electric motor; source=High-Speed Single Phase (unit/meaning review needed); MACIRE-070 spec Application: catalogue=Maize and grain milling; source=Commercial Maize Milling (unit/meaning review needed); MACIRE-070 spec Build Material: catalogue=Reinforced steel construction; source=Heavy-Duty Steel (unit/meaning review needed); MACIRE-071 spec Application: catalogue=Maize Flour Milling; source=Commercial Maize Milling (unit/meaning review needed); MACIRE-068 model: catalogue=Premier PM33; source=PM33; MACIRE-068 spec Model: catalogue=Premier PM33; source=PM33 (unit/meaning review needed); Possible variant/model-family collision; compare power, capacity, phase, package and sale unit before any merge",Essential attribute: Throughput (kg/h); Essential attribute: Power source; Manufacturer/owner verification of identity and specifications; Nyce price and date or owner-approved quote-only policy; Nyce availability; Authorized product photo; Original Nyce descriptions and application classification,5 image(s) hosted by Macire; rights not cleared - do not reuse,Reject - insufficient reliable information; do not merge similar names or model variants,No reassignment proposed,Not approved - owner review pending; no import authorized
MACIRE-073,2″ x 100m Premier Heavy Duty Delivery Hose Pipe,https://macire.co.ke/product/2-x-100m-premier-heavy-duty-delivery-hose-pipe-copy/,2026-10-10,New candidate (identity unconfirmed),,,agriculture-6,agriculture,Agriculture & Irrigation,agriculture-6,Irrigation Pipes,Fits current taxonomy provisionally,No match found; absence is not proof of uniqueness,No comparable stated conflict found; unverified/missing values are not agreement,Source product model/SKU; Essential attribute: Diameter (mm); Essential attribute: Pressure class; Essential attribute: Length (m); Essential attribute: Material; Manufacturer/owner verification of identity and specifications; Nyce price and date or owner-approved quote-only policy; Nyce availability; Authorized product photo; Original Nyce descriptions and application classification,4 image(s) hosted by Macire; rights not cleared - do not reuse,Reject - insufficient reliable information; do not merge similar names or model variants,No reassignment proposed,Not approved - owner review pending; no import authorized
MACIRE-074,2 Inches Lenhard Germany Delivery Blue Pipes 2 X 50metres – Heavy Duty Reinforced Pvc Lay Flat,https://macire.co.ke/product/lenhard-germany-delivery-blue-pipes-2-x-50metres-2-inches-heavy-duty-reinforced-pvc-lay-flat/,2026-10-10,New candidate (identity unconfirmed),,,agriculture-6,agriculture,Agriculture & Irrigation,agriculture-6,Irrigation Pipes,Fits current taxonomy provisionally,No match found; absence is not proof of uniqueness,No comparable stated conflict found; unverified/missing values are not agreement,Source product model/SKU; Essential attribute: Diameter (mm); Essential attribute: Pressure class; Essential attribute: Length (m); Essential attribute: Material; Manufacturer/owner verification of identity and specifications; Nyce price and date or owner-approved quote-only policy; Nyce availability; Authorized product photo; Original Nyce descriptions and application classification,2 image(s) hosted by Macire; rights not cleared - do not reuse,Reject - insufficient reliable information; do not merge similar names or model variants,No reassignment proposed,Not approved - owner review pending; no import authorized
MACIRE-075,1.5″ 30m Canvas Delivery White Pipe Sunny Brand,https://macire.co.ke/product/1-5-30m-canvas-delivery-white-pipe-sunny-brand/,2026-10-10,New candidate (identity unconfirmed),,,agriculture-6,agriculture,Agriculture & Irrigation,agriculture-6,Irrigation Pipes,Fits current taxonomy provisionally,No match found; absence is not proof of uniqueness,No comparable stated conflict found; unverified/missing values are not agreement,Source product model/SKU; Essential attribute: Diameter (mm); Essential attribute: Pressure class; Essential attribute: Length (m); Essential attribute: Material; Manufacturer/owner verification of identity and specifications; Nyce price and date or owner-approved quote-only policy; Nyce availability; Authorized product photo; Original Nyce descriptions and application classification,5 image(s) hosted by Macire; rights not cleared - do not reuse,Reject - insufficient reliable information; do not merge similar names or model variants,No reassignment proposed,Not approved - owner review pending; no import authorized
MACIRE-076,2″ 50m Blue Delivery Pipe Kmax Italy – Heavy Duty Reinforced PVC Lay Flat,https://macire.co.ke/product/2-50m-blue-delivery-pipe-kmax-italy-heavy-duty-reinforced-pvc-lay-flat/,2026-10-10,New candidate (identity unconfirmed),,,agriculture-6,agriculture,Agriculture & Irrigation,agriculture-6,Irrigation Pipes,Fits current taxonomy provisionally,Register possible: MACIRE-077 (similar name + same brand; not proof of identity),"Possible variant/model-family collision; compare power, capacity, phase, package and sale unit before any merge",Source product model/SKU; Essential attribute: Diameter (mm); Essential attribute: Pressure class; Essential attribute: Length (m); Essential attribute: Material; Manufacturer/owner verification of identity and specifications; Nyce price and date or owner-approved quote-only policy; Nyce availability; Authorized product photo; Original Nyce descriptions and application classification,5 image(s) hosted by Macire; rights not cleared - do not reuse,Reject - insufficient reliable information; do not merge similar names or model variants,No reassignment proposed,Not approved - owner review pending; no import authorized
MACIRE-077,3″ 50m Blue Delivery Pipe Kmax Italy – Heavy Duty Reinforced PVC Lay Flat,https://macire.co.ke/product/3-50m-blue-delivery-pipe-kmax-italy-heavy-duty-reinforced-pvc-lay-flat/,2026-10-10,New candidate (identity unconfirmed),,,agriculture-6,agriculture,Agriculture & Irrigation,agriculture-6,Irrigation Pipes,Fits current taxonomy provisionally,Register possible: MACIRE-076 (similar name + same brand; not proof of identity),"Possible variant/model-family collision; compare power, capacity, phase, package and sale unit before any merge",Source product model/SKU; Essential attribute: Diameter (mm); Essential attribute: Pressure class; Essential attribute: Length (m); Essential attribute: Material; Manufacturer/owner verification of identity and specifications; Nyce price and date or owner-approved quote-only policy; Nyce availability; Authorized product photo; Original Nyce descriptions and application classification,5 image(s) hosted by Macire; rights not cleared - do not reuse,Reject - insufficient reliable information; do not merge similar names or model variants,No reassignment proposed,Not approved - owner review pending; no import authorized
MACIRE-078,24HP JD Jindong Diesel Engine Water Cooled – ZS1115WP,https://macire.co.ke/product/24hp-jd-jindong-diesel-engine-water-cooled-zs1115wp/,2026-10-10,New candidate,,,agriculture-7,agriculture,Agriculture & Irrigation,agriculture-7,Agricultural Diesel Engines,Fits current taxonomy provisionally,Register possible: MACIRE-080 (similar name + same brand; not proof of identity) | MACIRE-081 (similar name + same brand; not proof of identity),"Possible variant/model-family collision; compare power, capacity, phase, package and sale unit before any merge",Essential attribute: Engine power (HP); Manufacturer/owner verification of identity and specifications; Nyce price and date or owner-approved quote-only policy; Nyce availability; Authorized product photo; Original Nyce descriptions and application classification,4 image(s) hosted by Macire; rights not cleared - do not reuse,Reject - insufficient reliable information; do not merge similar names or model variants,No reassignment proposed,Not approved - owner review pending; no import authorized
MACIRE-079,7.5hp JD Jiadi Diesel Engine JD175WP Water Cooled Manual Start,https://macire.co.ke/product/7-5hp-jd-jiadi-diesel-engine-jd175wp-water-cooled-manual-start/,2026-10-10,New candidate (identity unconfirmed),,,agriculture-7,agriculture,Agriculture & Irrigation,agriculture-7,Agricultural Diesel Engines,Fits current taxonomy provisionally,No match found; absence is not proof of uniqueness,No comparable stated conflict found; unverified/missing values are not agreement,Source product model/SKU; Essential attribute: Engine power (HP); Essential attribute: Fuel; Essential attribute: Starting method; Essential attribute: Cooling; Manufacturer/owner verification of identity and specifications; Nyce price and date or owner-approved quote-only policy; Nyce availability; Authorized product photo; Original Nyce descriptions and application classification,4 image(s) hosted by Macire; rights not cleared - do not reuse,Reject - insufficient reliable information; do not merge similar names or model variants,No reassignment proposed,Not approved - owner review pending; no import authorized
MACIRE-080,JD Jindong Diesel 30hp Engine Water Cooled Model ZS1130WP,https://macire.co.ke/product/jd-jindong-jintan-diesel-30hp-engine-water-cooled-model/,2026-10-10,New candidate (identity unconfirmed),,,agriculture-7,agriculture,Agriculture & Irrigation,agriculture-7,Agricultural Diesel Engines,Fits current taxonomy provisionally,Register possible: MACIRE-078 (similar name + same brand; not proof of identity) | MACIRE-081 (similar name + same brand; not proof of identity),"Possible variant/model-family collision; compare power, capacity, phase, package and sale unit before any merge",Source product model/SKU; Essential attribute: Engine power (HP); Essential attribute: Fuel; Essential attribute: Starting method; Essential attribute: Cooling; Manufacturer/owner verification of identity and specifications; Nyce price and date or owner-approved quote-only policy; Nyce availability; Authorized product photo; Original Nyce descriptions and application classification,4 image(s) hosted by Macire; rights not cleared - do not reuse,Reject - insufficient reliable information; do not merge similar names or model variants,No reassignment proposed,Not approved - owner review pending; no import authorized
MACIRE-081,16hp JD Jindong Diesel Engine Water Cooled Model ZH1100WP,https://macire.co.ke/product/jd-jindong-jintan-diesel-16hp-engine-water-cooled-model/,2026-10-10,New candidate (identity unconfirmed),,,agriculture-7,agriculture,Agriculture & Irrigation,agriculture-7,Agricultural Diesel Engines,Fits current taxonomy provisionally,Register possible: MACIRE-078 (similar name + same brand; not proof of identity) | MACIRE-080 (similar name + same brand; not proof of identity),"Possible variant/model-family collision; compare power, capacity, phase, package and sale unit before any merge",Source product model/SKU; Essential attribute: Engine power (HP); Essential attribute: Fuel; Essential attribute: Starting method; Essential attribute: Cooling; Manufacturer/owner verification of identity and specifications; Nyce price and date or owner-approved quote-only policy; Nyce availability; Authorized product photo; Original Nyce descriptions and application classification,4 image(s) hosted by Macire; rights not cleared - do not reuse,Reject - insufficient reliable information; do not merge similar names or model variants,No reassignment proposed,Not approved - owner review pending; no import authorized
MACIRE-082,Water cooled diesel engine ZH-1110 – 22 HP,https://macire.co.ke/product/water-cooled-diesel-engine-zh-1110-22-hp/,2026-10-10,New candidate,,,agriculture-7,agriculture,Agriculture & Irrigation,agriculture-7,Agricultural Diesel Engines,Fits current taxonomy provisionally,No match found; absence is not proof of uniqueness,No comparable stated conflict found; unverified/missing values are not agreement,Source brand; Essential attribute: Engine power (HP); Essential attribute: Fuel; Manufacturer/owner verification of identity and specifications; Nyce price and date or owner-approved quote-only policy; Nyce availability; Authorized product photo; Original Nyce descriptions and application classification,1 image(s) hosted by Macire; rights not cleared - do not reuse,Reject - insufficient reliable information; do not merge similar names or model variants,No reassignment proposed,Not approved - owner review pending; no import authorized
MACIRE-083,Garden Pressure Sprayer Heavy Duty,https://macire.co.ke/product/garden-pressure-sprayer-heavy-duty/,2026-10-10,New candidate (identity unconfirmed),,,agriculture-8,agriculture,Agriculture & Irrigation,agriculture-8,Knapsack Sprayers,Fits current taxonomy provisionally,No match found; absence is not proof of uniqueness,No comparable stated conflict found; unverified/missing values are not agreement,Source brand; Source product model/SKU; Essential attribute: Tank capacity (L); Essential attribute: Operation; Manufacturer/owner verification of identity and specifications; Nyce price and date or owner-approved quote-only policy; Nyce availability; Authorized product photo; Original Nyce descriptions and application classification,3 image(s) hosted by Macire; rights not cleared - do not reuse,Reject - insufficient reliable information; do not merge similar names or model variants,No reassignment proposed,Not approved - owner review pending; no import authorized
MACIRE-084,20L Premier Economy Knapsack Sprayer – Manual Farm Sprayer,https://macire.co.ke/product/20l-premier-economy-knapsack-sprayer-manual-farm-sprayer/,2026-10-10,New candidate (identity unconfirmed),,,agriculture-8,agriculture,Agriculture & Irrigation,agriculture-8,Knapsack Sprayers,Fits current taxonomy provisionally,Register possible: MACIRE-085 (similar name + same brand; not proof of identity),"MACIRE-085 spec Product Type: catalogue=Battery Knapsack Sprayer; source=Knapsack Sprayer (unit/meaning review needed); MACIRE-085 spec Tank Capacity: catalogue=20L; source=20 Litres (unit/meaning review needed); Possible variant/model-family collision; compare power, capacity, phase, package and sale unit before any merge",Source product model/SKU; Manufacturer/owner verification of identity and specifications; Nyce price and date or owner-approved quote-only policy; Nyce availability; Authorized product photo; Original Nyce descriptions and application classification,5 image(s) hosted by Macire; rights not cleared - do not reuse,Reject - insufficient reliable information; do not merge similar names or model variants,No reassignment proposed,Not approved - owner review pending; no import authorized
MACIRE-085,20L Premier Battery Knapsack Sprayer – Farm & Garden Spraying,https://macire.co.ke/product/20l-premier-battery-knapsack-sprayer-farm-garden-spraying/,2026-10-10,New candidate (identity unconfirmed),,,agriculture-8,agriculture,Agriculture & Irrigation,agriculture-8,Knapsack Sprayers,Fits current taxonomy provisionally,Register possible: MACIRE-084 (similar name + same brand; not proof of identity),"MACIRE-084 spec Product Type: catalogue=Knapsack Sprayer; source=Battery Knapsack Sprayer (unit/meaning review needed); MACIRE-084 spec Tank Capacity: catalogue=20 Litres; source=20L (unit/meaning review needed); Possible variant/model-family collision; compare power, capacity, phase, package and sale unit before any merge",Source product model/SKU; Essential attribute: Operation; Manufacturer/owner verification of identity and specifications; Nyce price and date or owner-approved quote-only policy; Nyce availability; Authorized product photo; Original Nyce descriptions and application classification,6 image(s) hosted by Macire; rights not cleared - do not reuse,Reject - insufficient reliable information; do not merge similar names or model variants,No reassignment proposed,Not approved - owner review pending; no import authorized
MACIRE-086,Farmate 15L Original Knapsack Sprayer,https://macire.co.ke/product/farmate-15l-original-knapsack-sprayer/,2026-10-10,New candidate (identity unconfirmed),,,agriculture-8,agriculture,Agriculture & Irrigation,agriculture-8,Knapsack Sprayers,Fits current taxonomy provisionally,No match found; absence is not proof of uniqueness,No comparable stated conflict found; unverified/missing values are not agreement,Source product model/SKU; Essential attribute: Tank capacity (L); Essential attribute: Operation; Manufacturer/owner verification of identity and specifications; Nyce price and date or owner-approved quote-only policy; Nyce availability; Authorized product photo; Original Nyce descriptions and application classification,4 image(s) hosted by Macire; rights not cleared - do not reuse,Reject - insufficient reliable information; do not merge similar names or model variants,No reassignment proposed,Not approved - owner review pending; no import authorized
MACIRE-087,AC767-4 Aico Japan Sprayer knapsack engine sprayer 4 stroke,https://macire.co.ke/product/ac767-4-aico-japan-sprayer-knapsack-engine-sprayer-4-stroke/,2026-10-10,New candidate (identity unconfirmed),,25l-ac767-2-aico-japan-petrol-knapsack-sprayer-2-stroke | 25l-ac767-4-aico-japan-petrol-knapsack-sprayer-4-stroke,agriculture-8,agriculture,Agriculture & Irrigation,agriculture-8,Knapsack Sprayers,Fits current taxonomy provisionally,Draft possible: 25l-ac767-2-aico-japan-petrol-knapsack-sprayer-2-stroke (similar name + same brand; not proof of identity) | 25l-ac767-4-aico-japan-petrol-knapsack-sprayer-4-stroke (similar name + same brand; not proof of identity),No comparable stated conflict found; unverified/missing values are not agreement,Source product model/SKU; Essential attribute: Tank capacity (L); Essential attribute: Operation; Manufacturer/owner verification of identity and specifications; Nyce price and date or owner-approved quote-only policy; Nyce availability; Authorized product photo; Original Nyce descriptions and application classification,3 image(s) hosted by Macire; rights not cleared - do not reuse,Reject - insufficient reliable information; do not merge similar names or model variants,No reassignment proposed,Not approved - owner review pending; no import authorized
MACIRE-088,2″ Big Rain Gun Irrigation Rain Gun Stainless Steel Tripod Type,https://macire.co.ke/product/2-big-rain-gun-irrigation-rain-gun-stainless-steel-tripod-type/,2026-10-10,New candidate (identity unconfirmed),,,agriculture-9,agriculture,Agriculture & Irrigation,agriculture-9,Farm Irrigation Equipment,Fits current taxonomy provisionally,No match found; absence is not proof of uniqueness,No comparable stated conflict found; unverified/missing values are not agreement,Source brand; Source product model/SKU; Essential attribute: Irrigation type; Essential attribute: Coverage area; Essential attribute: Pipe / emitter size; Essential attribute: Water source / pressure; Manufacturer/owner verification of identity and specifications; Nyce price and date or owner-approved quote-only policy; Nyce availability; Authorized product photo; Original Nyce descriptions and application classification,5 image(s) hosted by Macire; rights not cleared - do not reuse,Reject - insufficient reliable information; do not merge similar names or model variants,No reassignment proposed,Not approved - owner review pending; no import authorized
MACIRE-089,2″ Aico Japan Diesel Water Pump Engine – Normal Pressure,https://macire.co.ke/product/2-aico-japan-diesel-water-pump-engine-normal-pressure/,2026-10-10,New candidate (identity unconfirmed),,,agriculture-9,agriculture,Agriculture & Irrigation,agriculture-9,Farm Irrigation Equipment,Fits current taxonomy provisionally,No match found; absence is not proof of uniqueness,No comparable stated conflict found; unverified/missing values are not agreement,Source product model/SKU; Essential attribute: Irrigation type; Essential attribute: Coverage area; Essential attribute: Pipe / emitter size; Essential attribute: Water source / pressure; Manufacturer/owner verification of identity and specifications; Nyce price and date or owner-approved quote-only policy; Nyce availability; Authorized product photo; Original Nyce descriptions and application classification,4 image(s) hosted by Macire; rights not cleared - do not reuse,Reject - insufficient reliable information; do not merge similar names or model variants,No reassignment proposed,Not approved - owner review pending; no import authorized
MACIRE-090,1hp 32m 1.5m³/h Premier Shallow Well Pump 1″ Outlet QXD,https://macire.co.ke/product/1hp-32m-1-5m%c2%b3-h-premier-shallow-well-pump-1-outlet-qxd/,2026-10-10,New candidate (identity unconfirmed),,,agriculture-9,water,Borehole & Water Solutions,water-7,Booster Centrifugal Water Pumps,Proposed reassignment; pending approval,No match found; absence is not proof of uniqueness,No comparable stated conflict found; unverified/missing values are not agreement,Source product model/SKU; Essential attribute: Motor power (kW / HP); Essential attribute: Maximum head (m); Essential attribute: Maximum flow (m3/h); Essential attribute: Power supply (V / phase / DC); Essential attribute: Outlet size; Manufacturer/owner verification of identity and specifications; Nyce price and date or owner-approved quote-only policy; Nyce availability; Authorized product photo; Original Nyce descriptions and application classification,5 image(s) hosted by Macire; rights not cleared - do not reuse,Reject - insufficient reliable information; do not merge similar names or model variants,Proposed reassignment agriculture-9 -> water-7; owner approval required,Not approved - owner review pending; no import authorized
MACIRE-091,2hp 28m 6m³/h Electric Submersible Water Pump Premier,https://macire.co.ke/product/2hp-28m-6m%c2%b3-h-electric-submersible-water-pump-premier-1-1kw-pr6-28-1-5/,2026-10-10,New candidate (identity unconfirmed),,,agriculture-9,agriculture,Agriculture & Irrigation,agriculture-9,Farm Irrigation Equipment,Fits current taxonomy provisionally,No match found; absence is not proof of uniqueness,No comparable stated conflict found; unverified/missing values are not agreement,Source product model/SKU; Essential attribute: Irrigation type; Essential attribute: Coverage area; Essential attribute: Pipe / emitter size; Essential attribute: Water source / pressure; Manufacturer/owner verification of identity and specifications; Nyce price and date or owner-approved quote-only policy; Nyce availability; Authorized product photo; Original Nyce descriptions and application classification,4 image(s) hosted by Macire; rights not cleared - do not reuse,Reject - insufficient reliable information; do not merge similar names or model variants,No reassignment proposed,Not approved - owner review pending; no import authorized
MACIRE-092,1hp 60m 3.6m³ Electric Booster Peripheral Water Pump Premier QB80,https://macire.co.ke/product/1hp-60m-3-6m%c2%b3-electric-booster-peripheral-water-pump-premier-qb80/,2026-10-10,New candidate (identity unconfirmed),,,agriculture-9,water,Borehole & Water Solutions,water-7,Booster Centrifugal Water Pumps,Proposed reassignment; pending approval,Register possible: MACIRE-161 (similar name + same brand; not proof of identity),"Possible variant/model-family collision; compare power, capacity, phase, package and sale unit before any merge",Source product model/SKU; Essential attribute: Motor power (kW / HP); Essential attribute: Maximum head (m); Essential attribute: Maximum flow (m3/h); Essential attribute: Power supply (V / phase / DC); Essential attribute: Outlet size; Manufacturer/owner verification of identity and specifications; Nyce price and date or owner-approved quote-only policy; Nyce availability; Authorized product photo; Original Nyce descriptions and application classification,4 image(s) hosted by Macire; rights not cleared - do not reuse,Reject - insufficient reliable information; do not merge similar names or model variants,Proposed reassignment agriculture-9 -> water-7; owner approval required,Not approved - owner review pending; no import authorized
MACIRE-093,2.5mm 3 Core Flexible Cable – West (Per Meter),https://macire.co.ke/product/2-5mm-3-core-flexible-cable-west-per-meter/,2026-10-10,New candidate (identity unconfirmed),,4-0mm-single-core-cable-west-per-meter | 6-0mm-single-core-cable-west-per-meter | 16-0mm-single-core-cable-west-per-meter,electrical-1,electrical,Electricals & Wiring,electrical-1,Electrical Cables,Fits current taxonomy provisionally,Draft possible: 4-0mm-single-core-cable-west-per-meter (similar name + same brand; not proof of identity) | 6-0mm-single-core-cable-west-per-meter (similar name + same brand; not proof of identity) | 16-0mm-single-core-cable-west-per-meter (similar name + same brand; not proof of identity); Register possible: MACIRE-095 (similar name + same brand; not proof of identity) | MACIRE-104 (similar name + same brand; not proof of identity) | MACIRE-105 (similar name + same brand; not proof of identity) | MACIRE-106 (similar name + same brand; not proof of identity),"MACIRE-095 spec Conductor Size: catalogue=1.5 mm²; source=2.5 mm² (unit/meaning review needed); MACIRE-095 spec Core Count: catalogue=2 (Live & Neutral); source=3 (Live, Neutral, Earth) (unit/meaning review needed); MACIRE-095 spec Conductor Material: catalogue=99.9% Pure Annealed Copper (Class 5 multi-strand); source=99.9 % Pure Copper (unit/meaning review needed); MACIRE-095 spec Insulation Material: catalogue=PVC – Heat & Flame Resistant; source=PVC – Flame & Heat Resistant (unit/meaning review needed); MACIRE-095 spec Rated Voltage: catalogue=300/500V; source=450 / 750 V (unit/meaning review needed); MACIRE-095 spec Operating Temperature: catalogue=–5°C to +70°C; source=–5 °C to +90 °C (unit/meaning review needed); MACIRE-105 spec Conductor Material: catalogue=High Conductivity Copper; source=99.9 % Pure Copper (unit/meaning review needed); MACIRE-105 spec Insulation Material: catalogue=PVC (Flame Retardant); source=PVC – Flame & Heat Resistant (unit/meaning review needed); MACIRE-105 spec Length: catalogue=Per Meter; source=Sold per meter (unit/meaning review needed); MACIRE-106 spec Conductor Material: catalogue=High Conductivity Copper; source=99.9 % Pure Copper (unit/meaning review needed); MACIRE-106 spec Insulation Material: catalogue=PVC (Flame Retardant); source=PVC – Flame & Heat Resistant (unit/meaning review needed); MACIRE-106 spec Length: catalogue=Per Meter; source=Sold per meter (unit/meaning review needed); Possible variant/model-family collision; compare power, capacity, phase, package and sale unit before any merge",Source product model/SKU; Essential attribute: Cross-section (mm2); Manufacturer/owner verification of identity and specifications; Nyce price and date or owner-approved quote-only policy; Nyce availability; Authorized product photo; Original Nyce descriptions and application classification,15 image(s) hosted by Macire; rights not cleared - do not reuse,Reject - insufficient reliable information; do not merge similar names or model variants,No reassignment proposed,Not approved - owner review pending; no import authorized
MACIRE-094,10mm West Twin With Earth Local Cable – Price Per Meter – Energy Efficient & Cost-Effective!,https://macire.co.ke/product/10mm-west-twin-with-earth-local-cable-price-per-meter-energy-efficient-cost-effective/,2026-10-10,New candidate (identity unconfirmed),,,electrical-1,electrical,Electricals & Wiring,electrical-1,Electrical Cables,Fits current taxonomy provisionally,Register possible: MACIRE-096 (similar name + same brand; not proof of identity) | MACIRE-097 (similar name + same brand; not proof of identity),"Possible variant/model-family collision; compare power, capacity, phase, package and sale unit before any merge",Source product model/SKU; Essential attribute: Cross-section (mm2); Essential attribute: Core count; Essential attribute: Conductor material; Essential attribute: Length / sale unit; Manufacturer/owner verification of identity and specifications; Nyce price and date or owner-approved quote-only policy; Nyce availability; Authorized product photo; Original Nyce descriptions and application classification,10 image(s) hosted by Macire; rights not cleared - do not reuse,Reject - insufficient reliable information; do not merge similar names or model variants,No reassignment proposed,Not approved - owner review pending; no import authorized
MACIRE-095,1.5mm 2 Core Flexible Cable – West (Per Meter),https://macire.co.ke/product/1-5mm-2-core-flexible-cable-west-per-meter/,2026-10-10,New candidate (identity unconfirmed),,4-0mm-single-core-cable-west-per-meter | 6-0mm-single-core-cable-west-per-meter | 16-0mm-single-core-cable-west-per-meter,electrical-1,electrical,Electricals & Wiring,electrical-1,Electrical Cables,Fits current taxonomy provisionally,Draft possible: 4-0mm-single-core-cable-west-per-meter (similar name + same brand; not proof of identity) | 6-0mm-single-core-cable-west-per-meter (similar name + same brand; not proof of identity) | 16-0mm-single-core-cable-west-per-meter (similar name + same brand; not proof of identity); Register possible: MACIRE-093 (similar name + same brand; not proof of identity) | MACIRE-104 (similar name + same brand; not proof of identity) | MACIRE-105 (similar name + same brand; not proof of identity) | MACIRE-106 (similar name + same brand; not proof of identity),"MACIRE-093 spec Conductor Size: catalogue=2.5 mm²; source=1.5 mm² (unit/meaning review needed); MACIRE-093 spec Core Count: catalogue=3 (Live, Neutral, Earth); source=2 (Live & Neutral) (unit/meaning review needed); MACIRE-093 spec Conductor Material: catalogue=99.9 % Pure Copper; source=99.9% Pure Annealed Copper (Class 5 multi-strand) (unit/meaning review needed); MACIRE-093 spec Insulation Material: catalogue=PVC – Flame & Heat Resistant; source=PVC – Heat & Flame Resistant (unit/meaning review needed); MACIRE-093 spec Rated Voltage: catalogue=450 / 750 V; source=300/500V (unit/meaning review needed); MACIRE-093 spec Operating Temperature: catalogue=–5 °C to +90 °C; source=–5°C to +70°C (unit/meaning review needed); MACIRE-105 spec Conductor Material: catalogue=High Conductivity Copper; source=99.9% Pure Annealed Copper (Class 5 multi-strand) (unit/meaning review needed); MACIRE-105 spec Insulation Material: catalogue=PVC (Flame Retardant); source=PVC – Heat & Flame Resistant (unit/meaning review needed); MACIRE-105 spec Rated Voltage: catalogue=450/750V; source=300/500V (unit/meaning review needed); MACIRE-105 spec Length: catalogue=Per Meter; source=Sold per meter (unit/meaning review needed); MACIRE-106 spec Conductor Material: catalogue=High Conductivity Copper; source=99.9% Pure Annealed Copper (Class 5 multi-strand) (unit/meaning review needed); MACIRE-106 spec Insulation Material: catalogue=PVC (Flame Retardant); source=PVC – Heat & Flame Resistant (unit/meaning review needed); MACIRE-106 spec Rated Voltage: catalogue=450/750V; source=300/500V (unit/meaning review needed); MACIRE-106 spec Length: catalogue=Per Meter; source=Sold per meter (unit/meaning review needed); Possible variant/model-family collision; compare power, capacity, phase, package and sale unit before any merge",Source product model/SKU; Essential attribute: Cross-section (mm2); Manufacturer/owner verification of identity and specifications; Nyce price and date or owner-approved quote-only policy; Nyce availability; Authorized product photo; Original Nyce descriptions and application classification,20 image(s) hosted by Macire; rights not cleared - do not reuse,Reject - insufficient reliable information; do not merge similar names or model variants,No reassignment proposed,Not approved - owner review pending; no import authorized
MACIRE-096,1.5mm West Twin Flat Red Black Local Cable – Price Per Meter – Energy Efficient & Cost-Effective!,https://macire.co.ke/product/1-5mm-west-twin-flat-red-black-local-cable-price-per-meter-energy-efficient-cost-effective/,2026-10-10,New candidate (identity unconfirmed),,,electrical-1,electrical,Electricals & Wiring,electrical-1,Electrical Cables,Fits current taxonomy provisionally,Register possible: MACIRE-094 (similar name + same brand; not proof of identity) | MACIRE-097 (similar name + same brand; not proof of identity),"Possible variant/model-family collision; compare power, capacity, phase, package and sale unit before any merge",Source product model/SKU; Essential attribute: Cross-section (mm2); Essential attribute: Core count; Essential attribute: Conductor material; Essential attribute: Length / sale unit; Manufacturer/owner verification of identity and specifications; Nyce price and date or owner-approved quote-only policy; Nyce availability; Authorized product photo; Original Nyce descriptions and application classification,10 image(s) hosted by Macire; rights not cleared - do not reuse,Reject - insufficient reliable information; do not merge similar names or model variants,No reassignment proposed,Not approved - owner review pending; no import authorized
MACIRE-097,2.5mm West Twin With Earth Local Cable – Price Per Meter – Energy Efficient & Cost-Effective!,https://macire.co.ke/product/2-5mm-west-twin-with-earth-local-cable-price-per-meter-energy-efficient-cost-effective/,2026-10-10,New candidate (identity unconfirmed),,,electrical-1,electrical,Electricals & Wiring,electrical-1,Electrical Cables,Fits current taxonomy provisionally,Register possible: MACIRE-094 (similar name + same brand; not proof of identity) | MACIRE-096 (similar name + same brand; not proof of identity),"Possible variant/model-family collision; compare power, capacity, phase, package and sale unit before any merge",Source product model/SKU; Essential attribute: Cross-section (mm2); Essential attribute: Core count; Essential attribute: Conductor material; Essential attribute: Length / sale unit; Manufacturer/owner verification of identity and specifications; Nyce price and date or owner-approved quote-only policy; Nyce availability; Authorized product photo; Original Nyce descriptions and application classification,10 image(s) hosted by Macire; rights not cleared - do not reuse,Reject - insufficient reliable information; do not merge similar names or model variants,No reassignment proposed,Not approved - owner review pending; no import authorized
MACIRE-098,"63A SUNTREE Automatic Changeover Switch – 2 Pole, Single Phase",https://macire.co.ke/product/63a-suntree-automatic-changeover-switch-2-pole-single-phase/,2026-10-10,New candidate (identity unconfirmed),,,electrical-2,electrical,Electricals & Wiring,electrical-3,Changeover Switches,Proposed reassignment; pending approval,No match found; absence is not proof of uniqueness,No comparable stated conflict found; unverified/missing values are not agreement,Source product model/SKU; Essential attribute: Rating (A); Essential attribute: Poles; Essential attribute: Operation (manual / automatic); Manufacturer/owner verification of identity and specifications; Nyce price and date or owner-approved quote-only policy; Nyce availability; Authorized product photo; Original Nyce descriptions and application classification,6 image(s) hosted by Macire; rights not cleared - do not reuse,Reject - insufficient reliable information; do not merge similar names or model variants,Proposed reassignment electrical-2 -> electrical-3; owner approval required,Not approved - owner review pending; no import authorized
MACIRE-099,63A 3P Katko Changeover Switch,https://macire.co.ke/product/63a-3p-katko-changeover-switch/,2026-10-10,Existing unpublished draft only,,63a-3p-katko-changeover-switch | 40a-3p-katko-changeover-switch | 32a-3p-katko-changeover-switch,electrical-3,electrical,Electricals & Wiring,electrical-3,Changeover Switches,Fits current taxonomy provisionally,Draft exact: 63a-3p-katko-changeover-switch (exact normalized name); Draft possible: 40a-3p-katko-changeover-switch (similar name + same brand; not proof of identity) | 32a-3p-katko-changeover-switch (similar name + same brand; not proof of identity); Register possible: MACIRE-100 (similar name + same brand; not proof of identity) | MACIRE-101 (similar name + same brand; not proof of identity),"MACIRE-100 spec Current Rating: catalogue=40A; source=63A (unit/meaning review needed); MACIRE-101 spec Current Rating: catalogue=32A; source=63A (unit/meaning review needed); Possible variant/model-family collision; compare power, capacity, phase, package and sale unit before any merge",Source product model/SKU; Essential attribute: Rating (A); Manufacturer/owner verification of identity and specifications; Nyce price and date or owner-approved quote-only policy; Nyce availability; Authorized product photo; Original Nyce descriptions and application classification,5 image(s) hosted by Macire; rights not cleared - do not reuse,"Reject - insufficient reliable information; enrich existing record only after verification, do not create duplicate",No reassignment proposed,Not approved - owner review pending; no import authorized
MACIRE-100,40A 3P Katko Changeover Switch,https://macire.co.ke/product/40a-3p-katko-changeover-switch/,2026-10-10,Existing unpublished draft only,,40a-3p-katko-changeover-switch | 63a-3p-katko-changeover-switch | 32a-3p-katko-changeover-switch,electrical-3,electrical,Electricals & Wiring,electrical-3,Changeover Switches,Fits current taxonomy provisionally,Draft exact: 40a-3p-katko-changeover-switch (exact normalized name); Draft possible: 63a-3p-katko-changeover-switch (similar name + same brand; not proof of identity) | 32a-3p-katko-changeover-switch (similar name + same brand; not proof of identity); Register possible: MACIRE-099 (similar name + same brand; not proof of identity) | MACIRE-101 (similar name + same brand; not proof of identity),"MACIRE-099 spec Current Rating: catalogue=63A; source=40A (unit/meaning review needed); MACIRE-101 spec Current Rating: catalogue=32A; source=40A (unit/meaning review needed); Possible variant/model-family collision; compare power, capacity, phase, package and sale unit before any merge",Source product model/SKU; Essential attribute: Rating (A); Manufacturer/owner verification of identity and specifications; Nyce price and date or owner-approved quote-only policy; Nyce availability; Authorized product photo; Original Nyce descriptions and application classification,5 image(s) hosted by Macire; rights not cleared - do not reuse,"Reject - insufficient reliable information; enrich existing record only after verification, do not create duplicate",No reassignment proposed,Not approved - owner review pending; no import authorized
MACIRE-101,32A 3P Katko Changeover Switch,https://macire.co.ke/product/32a-3p-katko-changeover-switch/,2026-10-10,Existing unpublished draft only,,32a-3p-katko-changeover-switch | 63a-3p-katko-changeover-switch | 40a-3p-katko-changeover-switch,electrical-3,electrical,Electricals & Wiring,electrical-3,Changeover Switches,Fits current taxonomy provisionally,Draft exact: 32a-3p-katko-changeover-switch (exact normalized name); Draft possible: 63a-3p-katko-changeover-switch (similar name + same brand; not proof of identity) | 40a-3p-katko-changeover-switch (similar name + same brand; not proof of identity); Register possible: MACIRE-099 (similar name + same brand; not proof of identity) | MACIRE-100 (similar name + same brand; not proof of identity),"MACIRE-099 spec Current Rating: catalogue=63A; source=32A (unit/meaning review needed); MACIRE-100 spec Current Rating: catalogue=40A; source=32A (unit/meaning review needed); Possible variant/model-family collision; compare power, capacity, phase, package and sale unit before any merge",Source product model/SKU; Essential attribute: Rating (A); Manufacturer/owner verification of identity and specifications; Nyce price and date or owner-approved quote-only policy; Nyce availability; Authorized product photo; Original Nyce descriptions and application classification,5 image(s) hosted by Macire; rights not cleared - do not reuse,"Reject - insufficient reliable information; enrich existing record only after verification, do not create duplicate",No reassignment proposed,Not approved - owner review pending; no import authorized
MACIRE-102,100A 4P Kripal Changeover,https://macire.co.ke/product/100a-4p-kripal-changeover/,2026-10-10,Existing unpublished draft only,,100a-4p-kripal-changeover | 63a-4p-kripal-changeover-switch,electrical-3,electrical,Electricals & Wiring,electrical-3,Changeover Switches,Fits current taxonomy provisionally,Draft exact: 100a-4p-kripal-changeover (exact normalized name); Draft possible: 63a-4p-kripal-changeover-switch (similar name + same brand; not proof of identity); Register possible: MACIRE-103 (similar name + same brand; not proof of identity),"MACIRE-103 spec Current Rating: catalogue=63A; source=100A (unit/meaning review needed); Possible variant/model-family collision; compare power, capacity, phase, package and sale unit before any merge",Source product model/SKU; Essential attribute: Rating (A); Manufacturer/owner verification of identity and specifications; Nyce price and date or owner-approved quote-only policy; Nyce availability; Authorized product photo; Original Nyce descriptions and application classification,7 image(s) hosted by Macire; rights not cleared - do not reuse,"Reject - insufficient reliable information; enrich existing record only after verification, do not create duplicate",No reassignment proposed,Not approved - owner review pending; no import authorized
MACIRE-103,63A 4P Kripal Changeover Switch,https://macire.co.ke/product/63a-4p-kripal-changeover-switch/,2026-10-10,Existing unpublished draft only,,63a-4p-kripal-changeover-switch | 100a-4p-kripal-changeover,electrical-3,electrical,Electricals & Wiring,electrical-3,Changeover Switches,Fits current taxonomy provisionally,Draft exact: 63a-4p-kripal-changeover-switch (exact normalized name); Draft possible: 100a-4p-kripal-changeover (similar name + same brand; not proof of identity); Register possible: MACIRE-102 (similar name + same brand; not proof of identity),"MACIRE-102 spec Current Rating: catalogue=100A; source=63A (unit/meaning review needed); Possible variant/model-family collision; compare power, capacity, phase, package and sale unit before any merge",Source product model/SKU; Essential attribute: Rating (A); Manufacturer/owner verification of identity and specifications; Nyce price and date or owner-approved quote-only policy; Nyce availability; Authorized product photo; Original Nyce descriptions and application classification,7 image(s) hosted by Macire; rights not cleared - do not reuse,"Reject - insufficient reliable information; enrich existing record only after verification, do not create duplicate",No reassignment proposed,Not approved - owner review pending; no import authorized
MACIRE-104,25 mm 3 Core Flex Cable – East African (Per Meter),https://macire.co.ke/product/25-mm-3-core-flex-cable-east-african-per-meter/,2026-10-10,New candidate (identity unconfirmed),,,electrical-4,electrical,Electricals & Wiring,electrical-1,Electrical Cables,Proposed reassignment; pending approval,Register possible: MACIRE-093 (similar name + same brand; not proof of identity) | MACIRE-095 (similar name + same brand; not proof of identity),"Possible variant/model-family collision; compare power, capacity, phase, package and sale unit before any merge",Source product model/SKU; Essential attribute: Cross-section (mm2); Essential attribute: Core count; Essential attribute: Conductor material; Essential attribute: Length / sale unit; Manufacturer/owner verification of identity and specifications; Nyce price and date or owner-approved quote-only policy; Nyce availability; Authorized product photo; Original Nyce descriptions and application classification,7 image(s) hosted by Macire; rights not cleared - do not reuse,Reject - insufficient reliable information; do not merge similar names or model variants,Proposed reassignment electrical-4 -> electrical-1; owner approval required,Not approved - owner review pending; no import authorized
MACIRE-105,4.0mm Single Core Cable – West (Per Meter),https://macire.co.ke/product/4-0mm-single-core-cable-west-per-meter/,2026-10-10,Existing unpublished draft only,,4-0mm-single-core-cable-west-per-meter | 6-0mm-single-core-cable-west-per-meter | 6-0mm-single-core-cable-west-per-roll | 10-0mm-single-core-cable-west-per-roll | 16-0mm-single-core-cable-west-per-meter | 1-0mm-twin-with-earth-cable-west-per-meter,electrical-4,electrical,Electricals & Wiring,electrical-4,Single Core Cables,Fits current taxonomy provisionally,Draft exact: 4-0mm-single-core-cable-west-per-meter (exact normalized name); Draft possible: 6-0mm-single-core-cable-west-per-meter (similar name + same brand; not proof of identity) | 6-0mm-single-core-cable-west-per-roll (similar name + same brand; not proof of identity) | 10-0mm-single-core-cable-west-per-roll (similar name + same brand; not proof of identity) | 16-0mm-single-core-cable-west-per-meter (similar name + same brand; not proof of identity) | 1-0mm-twin-with-earth-cable-west-per-meter (similar name + same brand; not proof of identity); Register possible: MACIRE-093 (similar name + same brand; not proof of identity) | MACIRE-095 (similar name + same brand; not proof of identity) | MACIRE-106 (similar name + same brand; not proof of identity) | MACIRE-107 (similar name + same brand; not proof of identity) | MACIRE-108 (similar name + same brand; not proof of identity) | MACIRE-127 (similar name + same brand; not proof of identity),"MACIRE-093 spec Conductor Material: catalogue=99.9 % Pure Copper; source=High Conductivity Copper (unit/meaning review needed); MACIRE-093 spec Insulation Material: catalogue=PVC – Flame & Heat Resistant; source=PVC (Flame Retardant) (unit/meaning review needed); MACIRE-093 spec Length: catalogue=Sold per meter; source=Per Meter (unit/meaning review needed); MACIRE-095 spec Conductor Material: catalogue=99.9% Pure Annealed Copper (Class 5 multi-strand); source=High Conductivity Copper (unit/meaning review needed); MACIRE-095 spec Insulation Material: catalogue=PVC – Heat & Flame Resistant; source=PVC (Flame Retardant) (unit/meaning review needed); MACIRE-095 spec Rated Voltage: catalogue=300/500V; source=450/750V (unit/meaning review needed); MACIRE-095 spec Length: catalogue=Sold per meter; source=Per Meter (unit/meaning review needed); MACIRE-106 spec Cable Size: catalogue=6.0mm²; source=4.0mm² (unit/meaning review needed); MACIRE-107 spec Cable Size: catalogue=6.0mm²; source=4.0mm² (unit/meaning review needed); MACIRE-107 spec Length: catalogue=Per Roll (100 Meters); source=Per Meter (unit/meaning review needed); MACIRE-108 spec Cable Size: catalogue=10.0mm²; source=4.0mm² (unit/meaning review needed); MACIRE-108 spec Length: catalogue=Per Roll (100 Meters); source=Per Meter (unit/meaning review needed); MACIRE-127 spec ???? Conductor Material: catalogue=99.9% Pure Copper; source=High Conductivity Copper (unit/meaning review needed); MACIRE-127 spec ???? Insulation Material: catalogue=Heavy-Duty PVC; source=PVC (Flame Retardant) (unit/meaning review needed); MACIRE-127 spec ????️ Temperature Range: catalogue=-10°C to +70°C; source=-15°C to +90°C (unit/meaning review needed); MACIRE-127 spec ???? Length: catalogue=Sold Per Meter; source=Per Meter (unit/meaning review needed); Possible variant/model-family collision; compare power, capacity, phase, package and sale unit before any merge",Source product model/SKU; Essential attribute: Cross-section (mm2); Essential attribute: Core count; Manufacturer/owner verification of identity and specifications; Nyce price and date or owner-approved quote-only policy; Nyce availability; Authorized product photo; Original Nyce descriptions and application classification,7 image(s) hosted by Macire; rights not cleared - do not reuse,"Reject - insufficient reliable information; enrich existing record only after verification, do not create duplicate",No reassignment proposed,Not approved - owner review pending; no import authorized
MACIRE-106,6.0mm Single Core Cable – West (Per Meter),https://macire.co.ke/product/6-0mm-single-core-cable-west-per-meter/,2026-10-10,Existing unpublished draft only,,6-0mm-single-core-cable-west-per-meter | 4-0mm-single-core-cable-west-per-meter | 6-0mm-single-core-cable-west-per-roll | 10-0mm-single-core-cable-west-per-roll | 16-0mm-single-core-cable-west-per-meter | 1-0mm-twin-with-earth-cable-west-per-meter,electrical-4,electrical,Electricals & Wiring,electrical-4,Single Core Cables,Fits current taxonomy provisionally,Draft exact: 6-0mm-single-core-cable-west-per-meter (exact normalized name); Draft possible: 4-0mm-single-core-cable-west-per-meter (similar name + same brand; not proof of identity) | 6-0mm-single-core-cable-west-per-roll (similar name + same brand; not proof of identity) | 10-0mm-single-core-cable-west-per-roll (similar name + same brand; not proof of identity) | 16-0mm-single-core-cable-west-per-meter (similar name + same brand; not proof of identity) | 1-0mm-twin-with-earth-cable-west-per-meter (similar name + same brand; not proof of identity); Register possible: MACIRE-093 (similar name + same brand; not proof of identity) | MACIRE-095 (similar name + same brand; not proof of identity) | MACIRE-105 (similar name + same brand; not proof of identity) | MACIRE-107 (similar name + same brand; not proof of identity) | MACIRE-108 (similar name + same brand; not proof of identity) | MACIRE-127 (similar name + same brand; not proof of identity),"MACIRE-093 spec Conductor Material: catalogue=99.9 % Pure Copper; source=High Conductivity Copper (unit/meaning review needed); MACIRE-093 spec Insulation Material: catalogue=PVC – Flame & Heat Resistant; source=PVC (Flame Retardant) (unit/meaning review needed); MACIRE-093 spec Length: catalogue=Sold per meter; source=Per Meter (unit/meaning review needed); MACIRE-095 spec Conductor Material: catalogue=99.9% Pure Annealed Copper (Class 5 multi-strand); source=High Conductivity Copper (unit/meaning review needed); MACIRE-095 spec Insulation Material: catalogue=PVC – Heat & Flame Resistant; source=PVC (Flame Retardant) (unit/meaning review needed); MACIRE-095 spec Rated Voltage: catalogue=300/500V; source=450/750V (unit/meaning review needed); MACIRE-095 spec Length: catalogue=Sold per meter; source=Per Meter (unit/meaning review needed); MACIRE-105 spec Cable Size: catalogue=4.0mm²; source=6.0mm² (unit/meaning review needed); MACIRE-107 spec Length: catalogue=Per Roll (100 Meters); source=Per Meter (unit/meaning review needed); MACIRE-108 spec Cable Size: catalogue=10.0mm²; source=6.0mm² (unit/meaning review needed); MACIRE-108 spec Length: catalogue=Per Roll (100 Meters); source=Per Meter (unit/meaning review needed); MACIRE-127 spec ???? Conductor Material: catalogue=99.9% Pure Copper; source=High Conductivity Copper (unit/meaning review needed); MACIRE-127 spec ???? Insulation Material: catalogue=Heavy-Duty PVC; source=PVC (Flame Retardant) (unit/meaning review needed); MACIRE-127 spec ????️ Temperature Range: catalogue=-10°C to +70°C; source=-15°C to +90°C (unit/meaning review needed); MACIRE-127 spec ???? Length: catalogue=Sold Per Meter; source=Per Meter (unit/meaning review needed); Possible variant/model-family collision; compare power, capacity, phase, package and sale unit before any merge",Source product model/SKU; Essential attribute: Cross-section (mm2); Essential attribute: Core count; Manufacturer/owner verification of identity and specifications; Nyce price and date or owner-approved quote-only policy; Nyce availability; Authorized product photo; Original Nyce descriptions and application classification,7 image(s) hosted by Macire; rights not cleared - do not reuse,"Reject - insufficient reliable information; enrich existing record only after verification, do not create duplicate",No reassignment proposed,Not approved - owner review pending; no import authorized
MACIRE-107,6.0mm Single Core Cable – West (Per Roll),https://macire.co.ke/product/6-0mm-single-core-cable-west-per-roll/,2026-10-10,Existing unpublished draft only,,6-0mm-single-core-cable-west-per-roll | 4-0mm-single-core-cable-west-per-meter | 6-0mm-single-core-cable-west-per-meter | 10-0mm-single-core-cable-west-per-roll | 16-0mm-single-core-cable-west-per-meter | 1-0mm-twin-with-earth-cable-west-per-roll,electrical-4,electrical,Electricals & Wiring,electrical-4,Single Core Cables,Fits current taxonomy provisionally,Draft exact: 6-0mm-single-core-cable-west-per-roll (exact normalized name); Draft possible: 4-0mm-single-core-cable-west-per-meter (similar name + same brand; not proof of identity) | 6-0mm-single-core-cable-west-per-meter (similar name + same brand; not proof of identity) | 10-0mm-single-core-cable-west-per-roll (similar name + same brand; not proof of identity) | 16-0mm-single-core-cable-west-per-meter (similar name + same brand; not proof of identity) | 1-0mm-twin-with-earth-cable-west-per-roll (similar name + same brand; not proof of identity); Register possible: MACIRE-105 (similar name + same brand; not proof of identity) | MACIRE-106 (similar name + same brand; not proof of identity) | MACIRE-108 (similar name + same brand; not proof of identity) | MACIRE-126 (similar name + same brand; not proof of identity),"MACIRE-105 spec Cable Size: catalogue=4.0mm²; source=6.0mm² (unit/meaning review needed); MACIRE-105 spec Length: catalogue=Per Meter; source=Per Roll (100 Meters) (unit/meaning review needed); MACIRE-106 spec Length: catalogue=Per Meter; source=Per Roll (100 Meters) (unit/meaning review needed); MACIRE-108 spec Cable Size: catalogue=10.0mm²; source=6.0mm² (unit/meaning review needed); MACIRE-126 spec ???? Conductor Material: catalogue=99.9% Pure Copper; source=High Conductivity Copper (unit/meaning review needed); MACIRE-126 spec ???? Insulation Material: catalogue=Heavy-Duty PVC; source=PVC (Flame Retardant) (unit/meaning review needed); MACIRE-126 spec ????️ Temperature Range: catalogue=-10°C to +70°C; source=-15°C to +90°C (unit/meaning review needed); MACIRE-126 spec ???? Length: catalogue=Sold Per Roll; source=Per Roll (100 Meters) (unit/meaning review needed); Possible variant/model-family collision; compare power, capacity, phase, package and sale unit before any merge",Source product model/SKU; Essential attribute: Cross-section (mm2); Essential attribute: Core count; Manufacturer/owner verification of identity and specifications; Nyce price and date or owner-approved quote-only policy; Nyce availability; Authorized product photo; Original Nyce descriptions and application classification,7 image(s) hosted by Macire; rights not cleared - do not reuse,"Reject - insufficient reliable information; enrich existing record only after verification, do not create duplicate",No reassignment proposed,Not approved - owner review pending; no import authorized
MACIRE-108,10.0mm Single Core Cable – West (Per Roll),https://macire.co.ke/product/10-0mm-single-core-cable-west-per-roll/,2026-10-10,Existing unpublished draft only,,10-0mm-single-core-cable-west-per-roll | 4-0mm-single-core-cable-west-per-meter | 6-0mm-single-core-cable-west-per-meter | 6-0mm-single-core-cable-west-per-roll | 16-0mm-single-core-cable-west-per-meter | 1-0mm-twin-with-earth-cable-west-per-roll,electrical-4,electrical,Electricals & Wiring,electrical-4,Single Core Cables,Fits current taxonomy provisionally,Draft exact: 10-0mm-single-core-cable-west-per-roll (exact normalized name); Draft possible: 4-0mm-single-core-cable-west-per-meter (similar name + same brand; not proof of identity) | 6-0mm-single-core-cable-west-per-meter (similar name + same brand; not proof of identity) | 6-0mm-single-core-cable-west-per-roll (similar name + same brand; not proof of identity) | 16-0mm-single-core-cable-west-per-meter (similar name + same brand; not proof of identity) | 1-0mm-twin-with-earth-cable-west-per-roll (similar name + same brand; not proof of identity); Register possible: MACIRE-105 (similar name + same brand; not proof of identity) | MACIRE-106 (similar name + same brand; not proof of identity) | MACIRE-107 (similar name + same brand; not proof of identity) | MACIRE-126 (similar name + same brand; not proof of identity),"MACIRE-105 spec Cable Size: catalogue=4.0mm²; source=10.0mm² (unit/meaning review needed); MACIRE-105 spec Length: catalogue=Per Meter; source=Per Roll (100 Meters) (unit/meaning review needed); MACIRE-106 spec Cable Size: catalogue=6.0mm²; source=10.0mm² (unit/meaning review needed); MACIRE-106 spec Length: catalogue=Per Meter; source=Per Roll (100 Meters) (unit/meaning review needed); MACIRE-107 spec Cable Size: catalogue=6.0mm²; source=10.0mm² (unit/meaning review needed); MACIRE-126 spec ???? Conductor Material: catalogue=99.9% Pure Copper; source=High Conductivity Copper (unit/meaning review needed); MACIRE-126 spec ???? Insulation Material: catalogue=Heavy-Duty PVC; source=PVC (Flame Retardant) (unit/meaning review needed); MACIRE-126 spec ????️ Temperature Range: catalogue=-10°C to +70°C; source=-15°C to +90°C (unit/meaning review needed); MACIRE-126 spec ???? Length: catalogue=Sold Per Roll; source=Per Roll (100 Meters) (unit/meaning review needed); Possible variant/model-family collision; compare power, capacity, phase, package and sale unit before any merge",Source product model/SKU; Essential attribute: Cross-section (mm2); Essential attribute: Core count; Manufacturer/owner verification of identity and specifications; Nyce price and date or owner-approved quote-only policy; Nyce availability; Authorized product photo; Original Nyce descriptions and application classification,7 image(s) hosted by Macire; rights not cleared - do not reuse,"Reject - insufficient reliable information; enrich existing record only after verification, do not create duplicate",No reassignment proposed,Not approved - owner review pending; no import authorized
MACIRE-109,50m 2.5mm Powermate Cable Extension Reel Fused 100% Copper,https://macire.co.ke/product/50m-2-5mm-power-cable-extension-reel-fused-100-copper-powermate/,2026-10-10,Existing unpublished draft only,,50m-2-5mm-powermate-cable-extension-reel-fused-100-copper,electrical-5,electrical,Electricals & Wiring,electrical-5,Extension Cords,Fits current taxonomy provisionally,Draft exact: 50m-2-5mm-powermate-cable-extension-reel-fused-100-copper (exact normalized name),No comparable stated conflict found; unverified/missing values are not agreement,Source product model/SKU; Essential attribute: Outlets; Essential attribute: Rating (A); Essential attribute: Cable length (m); Essential attribute: Surge protection; Manufacturer/owner verification of identity and specifications; Nyce price and date or owner-approved quote-only policy; Nyce availability; Authorized product photo; Original Nyce descriptions and application classification,4 image(s) hosted by Macire; rights not cleared - do not reuse,"Reject - insufficient reliable information; enrich existing record only after verification, do not create duplicate",No reassignment proposed,Not approved - owner review pending; no import authorized
MACIRE-110,25m POWERMATE Extension Reel – 1.5mm² Cable,https://macire.co.ke/product/25m-powermate-extension-reel-1-5mm%c2%b2-cable/,2026-10-10,New candidate (identity unconfirmed),,,electrical-5,electrical,Electricals & Wiring,electrical-5,Extension Cords,Fits current taxonomy provisionally,Register possible: MACIRE-111 (similar name + same brand; not proof of identity),"MACIRE-111 spec Product Type: catalogue=Heavy-Duty Extension Reel; source=Extension Cable Reel (unit/meaning review needed); MACIRE-111 spec Cable Length: catalogue=50 Metres; source=25 Metres (unit/meaning review needed); MACIRE-111 spec Cable Size: catalogue=2.5mm²; source=1.5mm² (unit/meaning review needed); MACIRE-111 spec Configuration: catalogue=Extension Cable Reel; source=Cable Reel (unit/meaning review needed); MACIRE-111 spec Primary Function: catalogue=Long-Distance Electrical Power Extension; source=Electrical Power Extension (unit/meaning review needed); Possible variant/model-family collision; compare power, capacity, phase, package and sale unit before any merge",Source product model/SKU; Essential attribute: Outlets; Essential attribute: Rating (A); Essential attribute: Surge protection; Manufacturer/owner verification of identity and specifications; Nyce price and date or owner-approved quote-only policy; Nyce availability; Authorized product photo; Original Nyce descriptions and application classification,4 image(s) hosted by Macire; rights not cleared - do not reuse,Reject - insufficient reliable information; do not merge similar names or model variants,No reassignment proposed,Not approved - owner review pending; no import authorized
MACIRE-111,50m PowerMate Extension Reel – 2.5mm² Heavy-Duty Cable,https://macire.co.ke/product/50m-powermate-extension-reel-2-5mm%c2%b2-heavy-duty-cable/,2026-10-10,New candidate (identity unconfirmed),,,electrical-5,electrical,Electricals & Wiring,electrical-5,Extension Cords,Fits current taxonomy provisionally,Register possible: MACIRE-110 (similar name + same brand; not proof of identity),"MACIRE-110 spec Product Type: catalogue=Extension Cable Reel; source=Heavy-Duty Extension Reel (unit/meaning review needed); MACIRE-110 spec Cable Length: catalogue=25 Metres; source=50 Metres (unit/meaning review needed); MACIRE-110 spec Cable Size: catalogue=1.5mm²; source=2.5mm² (unit/meaning review needed); MACIRE-110 spec Configuration: catalogue=Cable Reel; source=Extension Cable Reel (unit/meaning review needed); MACIRE-110 spec Primary Function: catalogue=Electrical Power Extension; source=Long-Distance Electrical Power Extension (unit/meaning review needed); Possible variant/model-family collision; compare power, capacity, phase, package and sale unit before any merge",Source product model/SKU; Essential attribute: Outlets; Essential attribute: Rating (A); Essential attribute: Surge protection; Manufacturer/owner verification of identity and specifications; Nyce price and date or owner-approved quote-only policy; Nyce availability; Authorized product photo; Original Nyce descriptions and application classification,4 image(s) hosted by Macire; rights not cleared - do not reuse,Reject - insufficient reliable information; do not merge similar names or model variants,No reassignment proposed,Not approved - owner review pending; no import authorized
MACIRE-112,10.0mm Powermate Electric Cable Single Core 90m – Yellow/Green Color,https://macire.co.ke/product/10-0mm-powermate-electric-cable-single-core-90m-yellow-green-color/,2026-10-10,New candidate (identity unconfirmed),,,electrical-5,electrical,Electricals & Wiring,electrical-4,Single Core Cables,Proposed reassignment; pending approval,Register possible: MACIRE-113 (similar name + same brand; not proof of identity),"Possible variant/model-family collision; compare power, capacity, phase, package and sale unit before any merge",Source product model/SKU; Essential attribute: Cross-section (mm2); Essential attribute: Core count; Essential attribute: Conductor material; Essential attribute: Length / sale unit; Manufacturer/owner verification of identity and specifications; Nyce price and date or owner-approved quote-only policy; Nyce availability; Authorized product photo; Original Nyce descriptions and application classification,6 image(s) hosted by Macire; rights not cleared - do not reuse,Reject - insufficient reliable information; do not merge similar names or model variants,Proposed reassignment electrical-5 -> electrical-4; owner approval required,Not approved - owner review pending; no import authorized
MACIRE-113,10.0mm Powermate Electric Cable Single Core 90m – Red Color,https://macire.co.ke/product/10-0mm-powermate-electric-cable-single-core-90m-red-color/,2026-10-10,New candidate (identity unconfirmed),,,electrical-5,electrical,Electricals & Wiring,electrical-4,Single Core Cables,Proposed reassignment; pending approval,Register possible: MACIRE-112 (similar name + same brand; not proof of identity),"Possible variant/model-family collision; compare power, capacity, phase, package and sale unit before any merge",Source product model/SKU; Essential attribute: Cross-section (mm2); Essential attribute: Core count; Essential attribute: Conductor material; Essential attribute: Length / sale unit; Manufacturer/owner verification of identity and specifications; Nyce price and date or owner-approved quote-only policy; Nyce availability; Authorized product photo; Original Nyce descriptions and application classification,6 image(s) hosted by Macire; rights not cleared - do not reuse,Reject - insufficient reliable information; do not merge similar names or model variants,Proposed reassignment electrical-5 -> electrical-4; owner approval required,Not approved - owner review pending; no import authorized
MACIRE-114,100 Kva Three Phase Stabilizer – Vertical Type SBW-F-Z by Abcos,https://macire.co.ke/product/100-kva-three-phase-stabilizer-vertical-type-sbw-f-z-by-abcos/,2026-10-10,Existing unpublished draft only,,100-kva-three-phase-stabilizer-vertical-type-sbw-f-z-by-abco | 200-kva-three-phase-stabilizer-vertical-type-sbw-f-z-by-abco,electrical-6,electrical,Electricals & Wiring,electrical-6,Voltage Stabilizers,Fits current taxonomy provisionally,Draft exact: 100-kva-three-phase-stabilizer-vertical-type-sbw-f-z-by-abco (exact normalized name); Draft possible: 200-kva-three-phase-stabilizer-vertical-type-sbw-f-z-by-abco (similar name + same brand; not proof of identity); Register possible: MACIRE-115 (similar name + same brand; not proof of identity),"Possible variant/model-family collision; compare power, capacity, phase, package and sale unit before any merge",Source product model/SKU; Essential attribute: Capacity (kVA); Essential attribute: Input voltage range (V); Essential attribute: Phase; Manufacturer/owner verification of identity and specifications; Nyce price and date or owner-approved quote-only policy; Nyce availability; Authorized product photo; Original Nyce descriptions and application classification,4 image(s) hosted by Macire; rights not cleared - do not reuse,"Reject - insufficient reliable information; enrich existing record only after verification, do not create duplicate",No reassignment proposed,Not approved - owner review pending; no import authorized
MACIRE-115,200 Kva Three Phase Stabilizer – Vertical Type SBW-F-Z by Abcos,https://macire.co.ke/product/200-kva-three-phase-stabilizer-tns-z-abcos-automatic-voltage-stabilizer/,2026-10-10,Existing unpublished draft only,,200-kva-three-phase-stabilizer-vertical-type-sbw-f-z-by-abco | 100-kva-three-phase-stabilizer-vertical-type-sbw-f-z-by-abco,electrical-6,electrical,Electricals & Wiring,electrical-6,Voltage Stabilizers,Fits current taxonomy provisionally,Draft exact: 200-kva-three-phase-stabilizer-vertical-type-sbw-f-z-by-abco (exact normalized name); Draft possible: 100-kva-three-phase-stabilizer-vertical-type-sbw-f-z-by-abco (similar name + same brand; not proof of identity); Register possible: MACIRE-114 (similar name + same brand; not proof of identity),"Possible variant/model-family collision; compare power, capacity, phase, package and sale unit before any merge",Source product model/SKU; Essential attribute: Capacity (kVA); Essential attribute: Input voltage range (V); Essential attribute: Phase; Manufacturer/owner verification of identity and specifications; Nyce price and date or owner-approved quote-only policy; Nyce availability; Authorized product photo; Original Nyce descriptions and application classification,4 image(s) hosted by Macire; rights not cleared - do not reuse,"Reject - insufficient reliable information; enrich existing record only after verification, do not create duplicate",No reassignment proposed,Not approved - owner review pending; no import authorized
MACIRE-116,1000 Kva Three Phase Stabilizer – TNS-Z Abcos – Automatic Voltage Stabilizer,https://macire.co.ke/product/1000-kva-three-phase-stabilizer-tns-z-abcos-automatic-voltage-stabilizer/,2026-10-10,Existing unpublished draft only,,1000-kva-three-phase-stabilizer-tns-z-abcos-automatic-voltag | 50-kva-three-phase-stabilizer-tns-z-abcos-automatic-voltage | 30-kva-three-phase-stabilizer-tns-z-abcos-automatic-voltage,electrical-6,electrical,Electricals & Wiring,electrical-6,Voltage Stabilizers,Fits current taxonomy provisionally,Draft exact: 1000-kva-three-phase-stabilizer-tns-z-abcos-automatic-voltag (exact normalized name); Draft possible: 50-kva-three-phase-stabilizer-tns-z-abcos-automatic-voltage (similar name + same brand; not proof of identity) | 30-kva-three-phase-stabilizer-tns-z-abcos-automatic-voltage (similar name + same brand; not proof of identity); Register possible: MACIRE-117 (similar name + same brand; not proof of identity) | MACIRE-118 (similar name + same brand; not proof of identity),"Possible variant/model-family collision; compare power, capacity, phase, package and sale unit before any merge",Source product model/SKU; Essential attribute: Capacity (kVA); Essential attribute: Input voltage range (V); Essential attribute: Phase; Manufacturer/owner verification of identity and specifications; Nyce price and date or owner-approved quote-only policy; Nyce availability; Authorized product photo; Original Nyce descriptions and application classification,4 image(s) hosted by Macire; rights not cleared - do not reuse,"Reject - insufficient reliable information; enrich existing record only after verification, do not create duplicate",No reassignment proposed,Not approved - owner review pending; no import authorized
MACIRE-117,50 Kva Three Phase Stabilizer – TNS-Z Abcos – Automatic Voltage Stabilizer,https://macire.co.ke/product/50-kva-three-phase-stabilizer-tns-z-abcos-automatic-voltage-stabilizer/,2026-10-10,Existing unpublished draft only,,50-kva-three-phase-stabilizer-tns-z-abcos-automatic-voltage | 1000-kva-three-phase-stabilizer-tns-z-abcos-automatic-voltag | 30-kva-three-phase-stabilizer-tns-z-abcos-automatic-voltage,electrical-6,electrical,Electricals & Wiring,electrical-6,Voltage Stabilizers,Fits current taxonomy provisionally,Draft exact: 50-kva-three-phase-stabilizer-tns-z-abcos-automatic-voltage (exact normalized name); Draft possible: 1000-kva-three-phase-stabilizer-tns-z-abcos-automatic-voltag (similar name + same brand; not proof of identity) | 30-kva-three-phase-stabilizer-tns-z-abcos-automatic-voltage (similar name + same brand; not proof of identity); Register possible: MACIRE-116 (similar name + same brand; not proof of identity) | MACIRE-118 (similar name + same brand; not proof of identity),"Possible variant/model-family collision; compare power, capacity, phase, package and sale unit before any merge",Source product model/SKU; Essential attribute: Capacity (kVA); Essential attribute: Input voltage range (V); Essential attribute: Phase; Manufacturer/owner verification of identity and specifications; Nyce price and date or owner-approved quote-only policy; Nyce availability; Authorized product photo; Original Nyce descriptions and application classification,4 image(s) hosted by Macire; rights not cleared - do not reuse,"Reject - insufficient reliable information; enrich existing record only after verification, do not create duplicate",No reassignment proposed,Not approved - owner review pending; no import authorized
MACIRE-118,30 Kva Three Phase Stabilizer – TNS-Z Abcos – Automatic Voltage Stabilizer,https://macire.co.ke/product/30-kva-three-phase-stabilizer-tns-z-abcos-automatic-voltage-stabilizer/,2026-10-10,Existing unpublished draft only,,30-kva-three-phase-stabilizer-tns-z-abcos-automatic-voltage | 1000-kva-three-phase-stabilizer-tns-z-abcos-automatic-voltag | 50-kva-three-phase-stabilizer-tns-z-abcos-automatic-voltage,electrical-6,electrical,Electricals & Wiring,electrical-6,Voltage Stabilizers,Fits current taxonomy provisionally,Draft exact: 30-kva-three-phase-stabilizer-tns-z-abcos-automatic-voltage (exact normalized name); Draft possible: 1000-kva-three-phase-stabilizer-tns-z-abcos-automatic-voltag (similar name + same brand; not proof of identity) | 50-kva-three-phase-stabilizer-tns-z-abcos-automatic-voltage (similar name + same brand; not proof of identity); Register possible: MACIRE-116 (similar name + same brand; not proof of identity) | MACIRE-117 (similar name + same brand; not proof of identity),"Possible variant/model-family collision; compare power, capacity, phase, package and sale unit before any merge",Source product model/SKU; Essential attribute: Capacity (kVA); Essential attribute: Input voltage range (V); Essential attribute: Phase; Manufacturer/owner verification of identity and specifications; Nyce price and date or owner-approved quote-only policy; Nyce availability; Authorized product photo; Original Nyce descriptions and application classification,4 image(s) hosted by Macire; rights not cleared - do not reuse,"Reject - insufficient reliable information; enrich existing record only after verification, do not create duplicate",No reassignment proposed,Not approved - owner review pending; no import authorized
MACIRE-119,Panel Box 1000×800×300 – Chint,https://macire.co.ke/product/panel-box-1000x800x300-chint/,2026-10-10,Existing unpublished draft only,,panel-box-1000-800-300-chint | panel-box-800-600-250-chint | panel-box-600-400-200-chint | panel-box-500-400-200-chint | panel-box-400-300-200-chint,electrical-7,electrical,Electricals & Wiring,electrical-7,Panel Boxes,Fits current taxonomy provisionally,Draft exact: panel-box-1000-800-300-chint (exact normalized name); Draft possible: panel-box-800-600-250-chint (similar name + same brand; not proof of identity) | panel-box-600-400-200-chint (similar name + same brand; not proof of identity) | panel-box-500-400-200-chint (similar name + same brand; not proof of identity) | panel-box-400-300-200-chint (similar name + same brand; not proof of identity); Register possible: MACIRE-120 (similar name + same brand; not proof of identity) | MACIRE-121 (similar name + same brand; not proof of identity) | MACIRE-122 (similar name + same brand; not proof of identity) | MACIRE-123 (similar name + same brand; not proof of identity),"MACIRE-120 model: catalogue=Panel Box 800×600×250; source=Panel Box 1000×800×300; MACIRE-120 spec Model: catalogue=Panel Box 800×600×250; source=Panel Box 1000×800×300 (unit/meaning review needed); MACIRE-120 spec Dimensions: catalogue=800mm × 600mm × 250mm; source=1000mm × 800mm × 300mm (unit/meaning review needed); MACIRE-120 spec Applications: catalogue=Solar, Industrial, Residential & Commercial Installations; source=Solar PV Systems, Industrial, Residential & Commercial Installations (unit/meaning review needed); MACIRE-121 model: catalogue=Panel Box 600×400×200; source=Panel Box 1000×800×300; MACIRE-121 spec Model: catalogue=Panel Box 600×400×200; source=Panel Box 1000×800×300 (unit/meaning review needed); MACIRE-121 spec Dimensions: catalogue=600mm × 400mm × 200mm; source=1000mm × 800mm × 300mm (unit/meaning review needed); MACIRE-121 spec Applications: catalogue=Solar, Industrial, Residential & Commercial Installations; source=Solar PV Systems, Industrial, Residential & Commercial Installations (unit/meaning review needed); MACIRE-122 model: catalogue=Panel Box 500×400×200; source=Panel Box 1000×800×300; MACIRE-122 spec Model: catalogue=Panel Box 500×400×200; source=Panel Box 1000×800×300 (unit/meaning review needed); MACIRE-122 spec Dimensions: catalogue=500mm × 400mm × 200mm; source=1000mm × 800mm × 300mm (unit/meaning review needed); MACIRE-122 spec Applications: catalogue=Solar, Industrial, Residential & Commercial Installations; source=Solar PV Systems, Industrial, Residential & Commercial Installations (unit/meaning review needed); MACIRE-123 model: catalogue=Panel Box 400×300×200; source=Panel Box 1000×800×300; MACIRE-123 spec Model: catalogue=Panel Box 400×300×200; source=Panel Box 1000×800×300 (unit/meaning review needed); MACIRE-123 spec Dimensions: catalogue=400mm × 300mm × 200mm; source=1000mm × 800mm × 300mm (unit/meaning review needed); MACIRE-123 spec Applications: catalogue=Solar, Residential, Industrial & Commercial Installations; source=Solar PV Systems, Industrial, Residential & Commercial Installations (unit/meaning review needed); Retailer package/installation/warranty terms are not Nyce commitments; do not copy; Possible variant/model-family collision; compare power, capacity, phase, package and sale unit before any merge",Essential attribute: Ways; Essential attribute: Rating (A); Manufacturer/owner verification of identity and specifications; Nyce price and date or owner-approved quote-only policy; Nyce availability; Authorized product photo; Original Nyce descriptions and application classification,5 image(s) hosted by Macire; rights not cleared - do not reuse,"Reject - insufficient reliable information; enrich existing record only after verification, do not create duplicate",No reassignment proposed,Not approved - owner review pending; no import authorized
MACIRE-120,Panel Box 800×600×250 – Chint,https://macire.co.ke/product/panel-box-800x600x250-chint/,2026-10-10,Existing unpublished draft only,,panel-box-800-600-250-chint | panel-box-1000-800-300-chint | panel-box-600-400-200-chint | panel-box-500-400-200-chint | panel-box-400-300-200-chint,electrical-7,electrical,Electricals & Wiring,electrical-7,Panel Boxes,Fits current taxonomy provisionally,Draft exact: panel-box-800-600-250-chint (exact normalized name); Draft possible: panel-box-1000-800-300-chint (similar name + same brand; not proof of identity) | panel-box-600-400-200-chint (similar name + same brand; not proof of identity) | panel-box-500-400-200-chint (similar name + same brand; not proof of identity) | panel-box-400-300-200-chint (similar name + same brand; not proof of identity); Register possible: MACIRE-119 (similar name + same brand; not proof of identity) | MACIRE-121 (similar name + same brand; not proof of identity) | MACIRE-122 (similar name + same brand; not proof of identity) | MACIRE-123 (similar name + same brand; not proof of identity),"MACIRE-119 model: catalogue=Panel Box 1000×800×300; source=Panel Box 800×600×250; MACIRE-119 spec Model: catalogue=Panel Box 1000×800×300; source=Panel Box 800×600×250 (unit/meaning review needed); MACIRE-119 spec Dimensions: catalogue=1000mm × 800mm × 300mm; source=800mm × 600mm × 250mm (unit/meaning review needed); MACIRE-119 spec Applications: catalogue=Solar PV Systems, Industrial, Residential & Commercial Installations; source=Solar, Industrial, Residential & Commercial Installations (unit/meaning review needed); MACIRE-121 model: catalogue=Panel Box 600×400×200; source=Panel Box 800×600×250; MACIRE-121 spec Model: catalogue=Panel Box 600×400×200; source=Panel Box 800×600×250 (unit/meaning review needed); MACIRE-121 spec Dimensions: catalogue=600mm × 400mm × 200mm; source=800mm × 600mm × 250mm (unit/meaning review needed); MACIRE-122 model: catalogue=Panel Box 500×400×200; source=Panel Box 800×600×250; MACIRE-122 spec Model: catalogue=Panel Box 500×400×200; source=Panel Box 800×600×250 (unit/meaning review needed); MACIRE-122 spec Dimensions: catalogue=500mm × 400mm × 200mm; source=800mm × 600mm × 250mm (unit/meaning review needed); MACIRE-123 model: catalogue=Panel Box 400×300×200; source=Panel Box 800×600×250; MACIRE-123 spec Model: catalogue=Panel Box 400×300×200; source=Panel Box 800×600×250 (unit/meaning review needed); MACIRE-123 spec Dimensions: catalogue=400mm × 300mm × 200mm; source=800mm × 600mm × 250mm (unit/meaning review needed); MACIRE-123 spec Applications: catalogue=Solar, Residential, Industrial & Commercial Installations; source=Solar, Industrial, Residential & Commercial Installations (unit/meaning review needed); Retailer package/installation/warranty terms are not Nyce commitments; do not copy; Possible variant/model-family collision; compare power, capacity, phase, package and sale unit before any merge",Essential attribute: Ways; Essential attribute: Rating (A); Manufacturer/owner verification of identity and specifications; Nyce price and date or owner-approved quote-only policy; Nyce availability; Authorized product photo; Original Nyce descriptions and application classification,5 image(s) hosted by Macire; rights not cleared - do not reuse,"Reject - insufficient reliable information; enrich existing record only after verification, do not create duplicate",No reassignment proposed,Not approved - owner review pending; no import authorized
MACIRE-121,Panel Box 600×400×200 – Chint,https://macire.co.ke/product/panel-box-600x400x200-chint/,2026-10-10,Existing unpublished draft only,,panel-box-600-400-200-chint | panel-box-1000-800-300-chint | panel-box-800-600-250-chint | panel-box-500-400-200-chint | panel-box-400-300-200-chint,electrical-7,electrical,Electricals & Wiring,electrical-7,Panel Boxes,Fits current taxonomy provisionally,Draft exact: panel-box-600-400-200-chint (exact normalized name); Draft possible: panel-box-1000-800-300-chint (similar name + same brand; not proof of identity) | panel-box-800-600-250-chint (similar name + same brand; not proof of identity) | panel-box-500-400-200-chint (similar name + same brand; not proof of identity) | panel-box-400-300-200-chint (similar name + same brand; not proof of identity); Register possible: MACIRE-119 (similar name + same brand; not proof of identity) | MACIRE-120 (similar name + same brand; not proof of identity) | MACIRE-122 (similar name + same brand; not proof of identity) | MACIRE-123 (similar name + same brand; not proof of identity),"MACIRE-119 model: catalogue=Panel Box 1000×800×300; source=Panel Box 600×400×200; MACIRE-119 spec Model: catalogue=Panel Box 1000×800×300; source=Panel Box 600×400×200 (unit/meaning review needed); MACIRE-119 spec Dimensions: catalogue=1000mm × 800mm × 300mm; source=600mm × 400mm × 200mm (unit/meaning review needed); MACIRE-119 spec Applications: catalogue=Solar PV Systems, Industrial, Residential & Commercial Installations; source=Solar, Industrial, Residential & Commercial Installations (unit/meaning review needed); MACIRE-120 model: catalogue=Panel Box 800×600×250; source=Panel Box 600×400×200; MACIRE-120 spec Model: catalogue=Panel Box 800×600×250; source=Panel Box 600×400×200 (unit/meaning review needed); MACIRE-120 spec Dimensions: catalogue=800mm × 600mm × 250mm; source=600mm × 400mm × 200mm (unit/meaning review needed); MACIRE-122 model: catalogue=Panel Box 500×400×200; source=Panel Box 600×400×200; MACIRE-122 spec Model: catalogue=Panel Box 500×400×200; source=Panel Box 600×400×200 (unit/meaning review needed); MACIRE-122 spec Dimensions: catalogue=500mm × 400mm × 200mm; source=600mm × 400mm × 200mm (unit/meaning review needed); MACIRE-123 model: catalogue=Panel Box 400×300×200; source=Panel Box 600×400×200; MACIRE-123 spec Model: catalogue=Panel Box 400×300×200; source=Panel Box 600×400×200 (unit/meaning review needed); MACIRE-123 spec Dimensions: catalogue=400mm × 300mm × 200mm; source=600mm × 400mm × 200mm (unit/meaning review needed); MACIRE-123 spec Applications: catalogue=Solar, Residential, Industrial & Commercial Installations; source=Solar, Industrial, Residential & Commercial Installations (unit/meaning review needed); Retailer package/installation/warranty terms are not Nyce commitments; do not copy; Possible variant/model-family collision; compare power, capacity, phase, package and sale unit before any merge",Essential attribute: Ways; Essential attribute: Rating (A); Manufacturer/owner verification of identity and specifications; Nyce price and date or owner-approved quote-only policy; Nyce availability; Authorized product photo; Original Nyce descriptions and application classification,5 image(s) hosted by Macire; rights not cleared - do not reuse,"Reject - insufficient reliable information; enrich existing record only after verification, do not create duplicate",No reassignment proposed,Not approved - owner review pending; no import authorized
MACIRE-122,Panel Box 500×400×200 – Chint,https://macire.co.ke/product/panel-box-500x400x200-chint/,2026-10-10,Existing unpublished draft only,,panel-box-500-400-200-chint | panel-box-1000-800-300-chint | panel-box-800-600-250-chint | panel-box-600-400-200-chint | panel-box-400-300-200-chint,electrical-7,electrical,Electricals & Wiring,electrical-7,Panel Boxes,Fits current taxonomy provisionally,Draft exact: panel-box-500-400-200-chint (exact normalized name); Draft possible: panel-box-1000-800-300-chint (similar name + same brand; not proof of identity) | panel-box-800-600-250-chint (similar name + same brand; not proof of identity) | panel-box-600-400-200-chint (similar name + same brand; not proof of identity) | panel-box-400-300-200-chint (similar name + same brand; not proof of identity); Register possible: MACIRE-119 (similar name + same brand; not proof of identity) | MACIRE-120 (similar name + same brand; not proof of identity) | MACIRE-121 (similar name + same brand; not proof of identity) | MACIRE-123 (similar name + same brand; not proof of identity),"MACIRE-119 model: catalogue=Panel Box 1000×800×300; source=Panel Box 500×400×200; MACIRE-119 spec Model: catalogue=Panel Box 1000×800×300; source=Panel Box 500×400×200 (unit/meaning review needed); MACIRE-119 spec Dimensions: catalogue=1000mm × 800mm × 300mm; source=500mm × 400mm × 200mm (unit/meaning review needed); MACIRE-119 spec Applications: catalogue=Solar PV Systems, Industrial, Residential & Commercial Installations; source=Solar, Industrial, Residential & Commercial Installations (unit/meaning review needed); MACIRE-120 model: catalogue=Panel Box 800×600×250; source=Panel Box 500×400×200; MACIRE-120 spec Model: catalogue=Panel Box 800×600×250; source=Panel Box 500×400×200 (unit/meaning review needed); MACIRE-120 spec Dimensions: catalogue=800mm × 600mm × 250mm; source=500mm × 400mm × 200mm (unit/meaning review needed); MACIRE-121 model: catalogue=Panel Box 600×400×200; source=Panel Box 500×400×200; MACIRE-121 spec Model: catalogue=Panel Box 600×400×200; source=Panel Box 500×400×200 (unit/meaning review needed); MACIRE-121 spec Dimensions: catalogue=600mm × 400mm × 200mm; source=500mm × 400mm × 200mm (unit/meaning review needed); MACIRE-123 model: catalogue=Panel Box 400×300×200; source=Panel Box 500×400×200; MACIRE-123 spec Model: catalogue=Panel Box 400×300×200; source=Panel Box 500×400×200 (unit/meaning review needed); MACIRE-123 spec Dimensions: catalogue=400mm × 300mm × 200mm; source=500mm × 400mm × 200mm (unit/meaning review needed); MACIRE-123 spec Applications: catalogue=Solar, Residential, Industrial & Commercial Installations; source=Solar, Industrial, Residential & Commercial Installations (unit/meaning review needed); Retailer package/installation/warranty terms are not Nyce commitments; do not copy; Possible variant/model-family collision; compare power, capacity, phase, package and sale unit before any merge",Essential attribute: Ways; Essential attribute: Rating (A); Manufacturer/owner verification of identity and specifications; Nyce price and date or owner-approved quote-only policy; Nyce availability; Authorized product photo; Original Nyce descriptions and application classification,5 image(s) hosted by Macire; rights not cleared - do not reuse,"Reject - insufficient reliable information; enrich existing record only after verification, do not create duplicate",No reassignment proposed,Not approved - owner review pending; no import authorized
MACIRE-123,Panel Box 400×300×200 – Chint,https://macire.co.ke/product/panel-box-400x300x200-chint/,2026-10-10,Existing unpublished draft only,,panel-box-400-300-200-chint | panel-box-1000-800-300-chint | panel-box-800-600-250-chint | panel-box-600-400-200-chint | panel-box-500-400-200-chint,electrical-7,electrical,Electricals & Wiring,electrical-7,Panel Boxes,Fits current taxonomy provisionally,Draft exact: panel-box-400-300-200-chint (exact normalized name); Draft possible: panel-box-1000-800-300-chint (similar name + same brand; not proof of identity) | panel-box-800-600-250-chint (similar name + same brand; not proof of identity) | panel-box-600-400-200-chint (similar name + same brand; not proof of identity) | panel-box-500-400-200-chint (similar name + same brand; not proof of identity); Register possible: MACIRE-119 (similar name + same brand; not proof of identity) | MACIRE-120 (similar name + same brand; not proof of identity) | MACIRE-121 (similar name + same brand; not proof of identity) | MACIRE-122 (similar name + same brand; not proof of identity),"MACIRE-119 model: catalogue=Panel Box 1000×800×300; source=Panel Box 400×300×200; MACIRE-119 spec Model: catalogue=Panel Box 1000×800×300; source=Panel Box 400×300×200 (unit/meaning review needed); MACIRE-119 spec Dimensions: catalogue=1000mm × 800mm × 300mm; source=400mm × 300mm × 200mm (unit/meaning review needed); MACIRE-119 spec Applications: catalogue=Solar PV Systems, Industrial, Residential & Commercial Installations; source=Solar, Residential, Industrial & Commercial Installations (unit/meaning review needed); MACIRE-120 model: catalogue=Panel Box 800×600×250; source=Panel Box 400×300×200; MACIRE-120 spec Model: catalogue=Panel Box 800×600×250; source=Panel Box 400×300×200 (unit/meaning review needed); MACIRE-120 spec Dimensions: catalogue=800mm × 600mm × 250mm; source=400mm × 300mm × 200mm (unit/meaning review needed); MACIRE-120 spec Applications: catalogue=Solar, Industrial, Residential & Commercial Installations; source=Solar, Residential, Industrial & Commercial Installations (unit/meaning review needed); MACIRE-121 model: catalogue=Panel Box 600×400×200; source=Panel Box 400×300×200; MACIRE-121 spec Model: catalogue=Panel Box 600×400×200; source=Panel Box 400×300×200 (unit/meaning review needed); MACIRE-121 spec Dimensions: catalogue=600mm × 400mm × 200mm; source=400mm × 300mm × 200mm (unit/meaning review needed); MACIRE-121 spec Applications: catalogue=Solar, Industrial, Residential & Commercial Installations; source=Solar, Residential, Industrial & Commercial Installations (unit/meaning review needed); MACIRE-122 model: catalogue=Panel Box 500×400×200; source=Panel Box 400×300×200; MACIRE-122 spec Model: catalogue=Panel Box 500×400×200; source=Panel Box 400×300×200 (unit/meaning review needed); MACIRE-122 spec Dimensions: catalogue=500mm × 400mm × 200mm; source=400mm × 300mm × 200mm (unit/meaning review needed); MACIRE-122 spec Applications: catalogue=Solar, Industrial, Residential & Commercial Installations; source=Solar, Residential, Industrial & Commercial Installations (unit/meaning review needed); Retailer package/installation/warranty terms are not Nyce commitments; do not copy; Possible variant/model-family collision; compare power, capacity, phase, package and sale unit before any merge",Essential attribute: Ways; Essential attribute: Rating (A); Manufacturer/owner verification of identity and specifications; Nyce price and date or owner-approved quote-only policy; Nyce availability; Authorized product photo; Original Nyce descriptions and application classification,5 image(s) hosted by Macire; rights not cleared - do not reuse,"Reject - insufficient reliable information; enrich existing record only after verification, do not create duplicate",No reassignment proposed,Not approved - owner review pending; no import authorized
MACIRE-124,500V Suntree Series Surge Protector SUP2H-PV SPD 2 Poles 500V 20-40KA,https://macire.co.ke/product/500v-suntree-series-surge-protector-sup2h-pv-spd-2-poles-500v-20-40ka/,2026-10-10,New candidate (identity unconfirmed),,500v-suntree-series-surge-protector-sup2h-pv,electrical-8,solar,Solar & Renewable Energy,solar-9,Solar Accessories,Proposed reassignment; pending approval,Draft possible: 500v-suntree-series-surge-protector-sup2h-pv (similar name + same brand; not proof of identity),No comparable stated conflict found; unverified/missing values are not agreement,Source product model/SKU; Essential attribute: Accessory type; Essential attribute: Rating / compatibility; Manufacturer/owner verification of identity and specifications; Nyce price and date or owner-approved quote-only policy; Nyce availability; Authorized product photo; Original Nyce descriptions and application classification,6 image(s) hosted by Macire; rights not cleared - do not reuse,Reject - insufficient reliable information; do not merge similar names or model variants,Proposed reassignment electrical-8 -> solar-9; owner approval required,Not approved - owner review pending; no import authorized
MACIRE-125,Felicity FSPD2250 Lightning Protection Module,https://macire.co.ke/product/felicity-fspd2250-lightning-protection-module/,2026-10-10,Existing unpublished draft only,,felicity-fspd2250-lightning-protection-module,electrical-8,solar,Solar & Renewable Energy,solar-9,Solar Accessories,Proposed reassignment; pending approval,Draft exact: felicity-fspd2250-lightning-protection-module (exact normalized name),No comparable stated conflict found; unverified/missing values are not agreement,Source product model/SKU; Essential attribute: Accessory type; Essential attribute: Rating / compatibility; Manufacturer/owner verification of identity and specifications; Nyce price and date or owner-approved quote-only policy; Nyce availability; Authorized product photo; Original Nyce descriptions and application classification,4 image(s) hosted by Macire; rights not cleared - do not reuse,"Reject - insufficient reliable information; enrich existing record only after verification, do not create duplicate",Proposed reassignment electrical-8 -> solar-9; owner approval required; felicity-fspd2250-lightning-protection-module: target differs from existing placement ['electrical-8']; approval required,Not approved - owner review pending; no import authorized
MACIRE-126,1.0mm Twin with Earth Cable – West (Per Roll),https://macire.co.ke/product/1-0mm-twin-with-earth-cable-west-per-roll/,2026-10-10,Existing unpublished draft only,,1-0mm-twin-with-earth-cable-west-per-roll | 6-0mm-single-core-cable-west-per-roll | 10-0mm-single-core-cable-west-per-roll | 10mm-west-twin-with-earth-local-cable-per-100m-roll | 1-0mm-twin-with-earth-cable-west-per-meter,electrical-9,electrical,Electricals & Wiring,electrical-9,Twin & Earth Cables,Fits current taxonomy provisionally,Draft exact: 1-0mm-twin-with-earth-cable-west-per-roll (exact normalized name); Draft possible: 6-0mm-single-core-cable-west-per-roll (similar name + same brand; not proof of identity) | 10-0mm-single-core-cable-west-per-roll (similar name + same brand; not proof of identity) | 10mm-west-twin-with-earth-local-cable-per-100m-roll (similar name + same brand; not proof of identity) | 1-0mm-twin-with-earth-cable-west-per-meter (similar name + same brand; not proof of identity); Register possible: MACIRE-107 (similar name + same brand; not proof of identity) | MACIRE-108 (similar name + same brand; not proof of identity) | MACIRE-127 (similar name + same brand; not proof of identity),"MACIRE-107 spec Conductor Material: catalogue=High Conductivity Copper; source=99.9% Pure Copper (unit/meaning review needed); MACIRE-107 spec Insulation Material: catalogue=PVC (Flame Retardant); source=Heavy-Duty PVC (unit/meaning review needed); MACIRE-107 spec Temperature Range: catalogue=-15°C to +90°C; source=-10°C to +70°C (unit/meaning review needed); MACIRE-107 spec Length: catalogue=Per Roll (100 Meters); source=Sold Per Roll (unit/meaning review needed); MACIRE-108 spec Conductor Material: catalogue=High Conductivity Copper; source=99.9% Pure Copper (unit/meaning review needed); MACIRE-108 spec Insulation Material: catalogue=PVC (Flame Retardant); source=Heavy-Duty PVC (unit/meaning review needed); MACIRE-108 spec Temperature Range: catalogue=-15°C to +90°C; source=-10°C to +70°C (unit/meaning review needed); MACIRE-108 spec Length: catalogue=Per Roll (100 Meters); source=Sold Per Roll (unit/meaning review needed); MACIRE-127 spec ???? Length: catalogue=Sold Per Meter; source=Sold Per Roll (unit/meaning review needed); Possible variant/model-family collision; compare power, capacity, phase, package and sale unit before any merge",Source product model/SKU; Essential attribute: Cross-section (mm2); Essential attribute: Core count; Essential attribute: Conductor material; Essential attribute: Length / sale unit; Manufacturer/owner verification of identity and specifications; Nyce price and date or owner-approved quote-only policy; Nyce availability; Authorized product photo; Original Nyce descriptions and application classification,4 image(s) hosted by Macire; rights not cleared - do not reuse,"Reject - insufficient reliable information; enrich existing record only after verification, do not create duplicate",No reassignment proposed,Not approved - owner review pending; no import authorized
MACIRE-127,1.0mm Twin with Earth Cable – West (Per Meter),https://macire.co.ke/product/1-0mm-twin-with-earth-cable-west-per-meter/,2026-10-10,Existing unpublished draft only,,1-0mm-twin-with-earth-cable-west-per-meter | 4-0mm-single-core-cable-west-per-meter | 6-0mm-single-core-cable-west-per-meter | 16-0mm-single-core-cable-west-per-meter | 1-0mm-twin-with-earth-cable-west-per-roll,electrical-9,electrical,Electricals & Wiring,electrical-9,Twin & Earth Cables,Fits current taxonomy provisionally,Draft exact: 1-0mm-twin-with-earth-cable-west-per-meter (exact normalized name); Draft possible: 4-0mm-single-core-cable-west-per-meter (similar name + same brand; not proof of identity) | 6-0mm-single-core-cable-west-per-meter (similar name + same brand; not proof of identity) | 16-0mm-single-core-cable-west-per-meter (similar name + same brand; not proof of identity) | 1-0mm-twin-with-earth-cable-west-per-roll (similar name + same brand; not proof of identity); Register possible: MACIRE-105 (similar name + same brand; not proof of identity) | MACIRE-106 (similar name + same brand; not proof of identity) | MACIRE-126 (similar name + same brand; not proof of identity),"MACIRE-105 spec Conductor Material: catalogue=High Conductivity Copper; source=99.9% Pure Copper (unit/meaning review needed); MACIRE-105 spec Insulation Material: catalogue=PVC (Flame Retardant); source=Heavy-Duty PVC (unit/meaning review needed); MACIRE-105 spec Temperature Range: catalogue=-15°C to +90°C; source=-10°C to +70°C (unit/meaning review needed); MACIRE-105 spec Length: catalogue=Per Meter; source=Sold Per Meter (unit/meaning review needed); MACIRE-106 spec Conductor Material: catalogue=High Conductivity Copper; source=99.9% Pure Copper (unit/meaning review needed); MACIRE-106 spec Insulation Material: catalogue=PVC (Flame Retardant); source=Heavy-Duty PVC (unit/meaning review needed); MACIRE-106 spec Temperature Range: catalogue=-15°C to +90°C; source=-10°C to +70°C (unit/meaning review needed); MACIRE-106 spec Length: catalogue=Per Meter; source=Sold Per Meter (unit/meaning review needed); MACIRE-126 spec ???? Length: catalogue=Sold Per Roll; source=Sold Per Meter (unit/meaning review needed); Possible variant/model-family collision; compare power, capacity, phase, package and sale unit before any merge",Source product model/SKU; Essential attribute: Cross-section (mm2); Essential attribute: Core count; Essential attribute: Conductor material; Essential attribute: Length / sale unit; Manufacturer/owner verification of identity and specifications; Nyce price and date or owner-approved quote-only policy; Nyce availability; Authorized product photo; Original Nyce descriptions and application classification,4 image(s) hosted by Macire; rights not cleared - do not reuse,"Reject - insufficient reliable information; enrich existing record only after verification, do not create duplicate",No reassignment proposed,Not approved - owner review pending; no import authorized
MACIRE-128,12 Way Distribution Board – Europlus,https://macire.co.ke/product/12-way-distribution-board-europlus/,2026-10-10,Existing unpublished draft only,,12-way-distribution-board-europlus | 8-way-distribution-board-europlus | 6-way-distribution-board-europlus | 4-way-distribution-board-europlus,electrical-10,electrical,Electricals & Wiring,electrical-10,Distribution Boards,Fits current taxonomy provisionally,Draft exact: 12-way-distribution-board-europlus (exact normalized name); Draft possible: 8-way-distribution-board-europlus (similar name + same brand; not proof of identity) | 6-way-distribution-board-europlus (similar name + same brand; not proof of identity) | 4-way-distribution-board-europlus (similar name + same brand; not proof of identity); Register possible: MACIRE-129 (similar name + same brand; not proof of identity) | MACIRE-130 (similar name + same brand; not proof of identity) | MACIRE-131 (similar name + same brand; not proof of identity),"MACIRE-129 spec Type: catalogue=8-Way Distribution Board; source=12-Way Distribution Board (unit/meaning review needed); MACIRE-129 spec Construction: catalogue=Heavy-duty, insulated and corrosion-resistant; source=Heavy-duty, corrosion-resistant metal/ABS body (unit/meaning review needed); MACIRE-129 spec Application: catalogue=Domestic and commercial installations; source=Residential, commercial, and light industrial (unit/meaning review needed); MACIRE-129 spec Safety: catalogue=Shock-proof, compact, and secure; source=Shock-proof, fire-retardant, and compact design (unit/meaning review needed); MACIRE-130 spec Type: catalogue=6-Way Distribution Board; source=12-Way Distribution Board (unit/meaning review needed); MACIRE-130 spec Construction: catalogue=Heavy-duty, insulated enclosure; source=Heavy-duty, corrosion-resistant metal/ABS body (unit/meaning review needed); MACIRE-130 spec Mounting: catalogue=Wall-mount type; source=Wall-mounted (unit/meaning review needed); MACIRE-130 spec Application: catalogue=Domestic and commercial use; source=Residential, commercial, and light industrial (unit/meaning review needed); MACIRE-130 spec Safety: catalogue=Shock-proof and corrosion-resistant; source=Shock-proof, fire-retardant, and compact design (unit/meaning review needed); MACIRE-131 spec ???? Type: catalogue=4 Way Distribution Board; source=12-Way Distribution Board (unit/meaning review needed); Possible variant/model-family collision; compare power, capacity, phase, package and sale unit before any merge",Source product model/SKU; Essential attribute: Ways; Essential attribute: Rating (A); Essential attribute: Enclosure material; Manufacturer/owner verification of identity and specifications; Nyce price and date or owner-approved quote-only policy; Nyce availability; Authorized product photo; Original Nyce descriptions and application classification,6 image(s) hosted by Macire; rights not cleared - do not reuse,"Reject - insufficient reliable information; enrich existing record only after verification, do not create duplicate",No reassignment proposed,Not approved - owner review pending; no import authorized
MACIRE-129,8 Way Distribution Board – Europlus,https://macire.co.ke/product/8-way-distribution-board-europlus/,2026-10-10,Existing unpublished draft only,,8-way-distribution-board-europlus | 12-way-distribution-board-europlus | 6-way-distribution-board-europlus | 4-way-distribution-board-europlus,electrical-10,electrical,Electricals & Wiring,electrical-10,Distribution Boards,Fits current taxonomy provisionally,Draft exact: 8-way-distribution-board-europlus (exact normalized name); Draft possible: 12-way-distribution-board-europlus (similar name + same brand; not proof of identity) | 6-way-distribution-board-europlus (similar name + same brand; not proof of identity) | 4-way-distribution-board-europlus (similar name + same brand; not proof of identity); Register possible: MACIRE-128 (similar name + same brand; not proof of identity) | MACIRE-130 (similar name + same brand; not proof of identity) | MACIRE-131 (similar name + same brand; not proof of identity),"MACIRE-128 spec Type: catalogue=12-Way Distribution Board; source=8-Way Distribution Board (unit/meaning review needed); MACIRE-128 spec Construction: catalogue=Heavy-duty, corrosion-resistant metal/ABS body; source=Heavy-duty, insulated and corrosion-resistant (unit/meaning review needed); MACIRE-128 spec Application: catalogue=Residential, commercial, and light industrial; source=Domestic and commercial installations (unit/meaning review needed); MACIRE-128 spec Safety: catalogue=Shock-proof, fire-retardant, and compact design; source=Shock-proof, compact, and secure (unit/meaning review needed); MACIRE-130 spec Type: catalogue=6-Way Distribution Board; source=8-Way Distribution Board (unit/meaning review needed); MACIRE-130 spec Construction: catalogue=Heavy-duty, insulated enclosure; source=Heavy-duty, insulated and corrosion-resistant (unit/meaning review needed); MACIRE-130 spec Mounting: catalogue=Wall-mount type; source=Wall-mounted (unit/meaning review needed); MACIRE-130 spec Application: catalogue=Domestic and commercial use; source=Domestic and commercial installations (unit/meaning review needed); MACIRE-130 spec Safety: catalogue=Shock-proof and corrosion-resistant; source=Shock-proof, compact, and secure (unit/meaning review needed); MACIRE-131 spec ???? Type: catalogue=4 Way Distribution Board; source=8-Way Distribution Board (unit/meaning review needed); Retailer package/installation/warranty terms are not Nyce commitments; do not copy; Possible variant/model-family collision; compare power, capacity, phase, package and sale unit before any merge",Source product model/SKU; Essential attribute: Ways; Essential attribute: Rating (A); Essential attribute: Enclosure material; Manufacturer/owner verification of identity and specifications; Nyce price and date or owner-approved quote-only policy; Nyce availability; Authorized product photo; Original Nyce descriptions and application classification,6 image(s) hosted by Macire; rights not cleared - do not reuse,"Reject - insufficient reliable information; enrich existing record only after verification, do not create duplicate",No reassignment proposed,Not approved - owner review pending; no import authorized
MACIRE-130,6 Way Distribution Board – Europlus,https://macire.co.ke/product/6-way-distribution-board-europlus/,2026-10-10,Existing unpublished draft only,,6-way-distribution-board-europlus | 12-way-distribution-board-europlus | 8-way-distribution-board-europlus | 4-way-distribution-board-europlus,electrical-10,electrical,Electricals & Wiring,electrical-10,Distribution Boards,Fits current taxonomy provisionally,Draft exact: 6-way-distribution-board-europlus (exact normalized name); Draft possible: 12-way-distribution-board-europlus (similar name + same brand; not proof of identity) | 8-way-distribution-board-europlus (similar name + same brand; not proof of identity) | 4-way-distribution-board-europlus (similar name + same brand; not proof of identity); Register possible: MACIRE-128 (similar name + same brand; not proof of identity) | MACIRE-129 (similar name + same brand; not proof of identity) | MACIRE-131 (similar name + same brand; not proof of identity),"MACIRE-128 spec Type: catalogue=12-Way Distribution Board; source=6-Way Distribution Board (unit/meaning review needed); MACIRE-128 spec Construction: catalogue=Heavy-duty, corrosion-resistant metal/ABS body; source=Heavy-duty, insulated enclosure (unit/meaning review needed); MACIRE-128 spec Mounting: catalogue=Wall-mounted; source=Wall-mount type (unit/meaning review needed); MACIRE-128 spec Application: catalogue=Residential, commercial, and light industrial; source=Domestic and commercial use (unit/meaning review needed); MACIRE-128 spec Safety: catalogue=Shock-proof, fire-retardant, and compact design; source=Shock-proof and corrosion-resistant (unit/meaning review needed); MACIRE-129 spec Type: catalogue=8-Way Distribution Board; source=6-Way Distribution Board (unit/meaning review needed); MACIRE-129 spec Construction: catalogue=Heavy-duty, insulated and corrosion-resistant; source=Heavy-duty, insulated enclosure (unit/meaning review needed); MACIRE-129 spec Mounting: catalogue=Wall-mounted; source=Wall-mount type (unit/meaning review needed); MACIRE-129 spec Application: catalogue=Domestic and commercial installations; source=Domestic and commercial use (unit/meaning review needed); MACIRE-129 spec Safety: catalogue=Shock-proof, compact, and secure; source=Shock-proof and corrosion-resistant (unit/meaning review needed); MACIRE-131 spec ???? Type: catalogue=4 Way Distribution Board; source=6-Way Distribution Board (unit/meaning review needed); Possible variant/model-family collision; compare power, capacity, phase, package and sale unit before any merge",Source product model/SKU; Essential attribute: Ways; Essential attribute: Rating (A); Essential attribute: Enclosure material; Manufacturer/owner verification of identity and specifications; Nyce price and date or owner-approved quote-only policy; Nyce availability; Authorized product photo; Original Nyce descriptions and application classification,6 image(s) hosted by Macire; rights not cleared - do not reuse,"Reject - insufficient reliable information; enrich existing record only after verification, do not create duplicate",No reassignment proposed,Not approved - owner review pending; no import authorized
MACIRE-131,4 Way Distribution Board – Europlus,https://macire.co.ke/product/4-way-distribution-board-europlus/,2026-10-10,Existing unpublished draft only,,4-way-distribution-board-europlus | 12-way-distribution-board-europlus | 8-way-distribution-board-europlus | 6-way-distribution-board-europlus,electrical-10,electrical,Electricals & Wiring,electrical-10,Distribution Boards,Fits current taxonomy provisionally,Draft exact: 4-way-distribution-board-europlus (exact normalized name); Draft possible: 12-way-distribution-board-europlus (similar name + same brand; not proof of identity) | 8-way-distribution-board-europlus (similar name + same brand; not proof of identity) | 6-way-distribution-board-europlus (similar name + same brand; not proof of identity); Register possible: MACIRE-128 (similar name + same brand; not proof of identity) | MACIRE-129 (similar name + same brand; not proof of identity) | MACIRE-130 (similar name + same brand; not proof of identity),"MACIRE-128 spec Type: catalogue=12-Way Distribution Board; source=4 Way Distribution Board (unit/meaning review needed); MACIRE-129 spec Type: catalogue=8-Way Distribution Board; source=4 Way Distribution Board (unit/meaning review needed); MACIRE-130 spec Type: catalogue=6-Way Distribution Board; source=4 Way Distribution Board (unit/meaning review needed); Possible variant/model-family collision; compare power, capacity, phase, package and sale unit before any merge",Source product model/SKU; Essential attribute: Ways; Essential attribute: Rating (A); Essential attribute: Mounting; Essential attribute: Enclosure material; Manufacturer/owner verification of identity and specifications; Nyce price and date or owner-approved quote-only policy; Nyce availability; Authorized product photo; Original Nyce descriptions and application classification,6 image(s) hosted by Macire; rights not cleared - do not reuse,"Reject - insufficient reliable information; enrich existing record only after verification, do not create duplicate",No reassignment proposed,Not approved - owner review pending; no import authorized
MACIRE-132,8 Way Distribution Board – Havells,https://macire.co.ke/product/8-way-distribution-board-havells/,2026-10-10,Existing unpublished draft only,,8-way-distribution-board-havells,electrical-10,electrical,Electricals & Wiring,electrical-10,Distribution Boards,Fits current taxonomy provisionally,Draft exact: 8-way-distribution-board-havells (exact normalized name),No comparable stated conflict found; unverified/missing values are not agreement,Source product model/SKU; Essential attribute: Ways; Essential attribute: Rating (A); Essential attribute: Mounting; Essential attribute: Enclosure material; Manufacturer/owner verification of identity and specifications; Nyce price and date or owner-approved quote-only policy; Nyce availability; Authorized product photo; Original Nyce descriptions and application classification,5 image(s) hosted by Macire; rights not cleared - do not reuse,"Reject - insufficient reliable information; enrich existing record only after verification, do not create duplicate",No reassignment proposed,Not approved - owner review pending; no import authorized
MACIRE-133,0.25Kw 1.5m³ 70m Premier Brushless 3TG1.5-70-250W/24V 250W 0.34HP 1500L/h Borehole Submersible Water DC Pump (Screw Type),https://macire.co.ke/product/0-25kw-1-5m%c2%b3-70m-premier-brushless-3tg1-5-70-250w-24v-250w-0-34hp-1500l-h-borehole-submersible-water-dc-pump-screw-type/,2026-10-10,New candidate,,,water-1,solar,Solar & Renewable Energy,solar-7,Solar DC Borehole Pumps,Proposed reassignment; pending approval,No match found; absence is not proof of uniqueness,No comparable stated conflict found; unverified/missing values are not agreement,Essential attribute: Motor power (kW / HP); Essential attribute: Power supply (V / phase / DC); Manufacturer/owner verification of identity and specifications; Nyce price and date or owner-approved quote-only policy; Nyce availability; Authorized product photo; Original Nyce descriptions and application classification,13 image(s) hosted by Macire; rights not cleared - do not reuse,Reject - insufficient reliable information; do not merge similar names or model variants,Proposed reassignment water-1 -> solar-7; owner approval required,Not approved - owner review pending; no import authorized
MACIRE-134,"93m Doyin AC Borehole Submersible Water Pump – 0.75kW, 1HP, Ordinary Impeller",https://macire.co.ke/product/93m-doyin-ac-borehole-submersible-water-pump-0-75kw-1hp-ordinary-impeller/,2026-10-10,New candidate,,,water-1,water,Borehole & Water Solutions,water-1,Electric Borehole Pumps,Fits current taxonomy provisionally,No match found; absence is not proof of uniqueness,No comparable stated conflict found; unverified/missing values are not agreement,Essential attribute: Motor power (kW / HP); Essential attribute: Power supply (V / phase / DC); Essential attribute: Outlet size; Manufacturer/owner verification of identity and specifications; Nyce price and date or owner-approved quote-only policy; Nyce availability; Authorized product photo; Original Nyce descriptions and application classification,7 image(s) hosted by Macire; rights not cleared - do not reuse,Reject - insufficient reliable information; do not merge similar names or model variants,No reassignment proposed,Not approved - owner review pending; no import authorized
MACIRE-135,95M Premier 400W Solar DC Submersible Pump,https://macire.co.ke/product/95m-premier-400w-solar-dc-submersible-pump/,2026-10-10,New candidate (identity unconfirmed),,,water-1,solar,Solar & Renewable Energy,solar-7,Solar DC Borehole Pumps,Proposed reassignment; pending approval,Register possible: MACIRE-032 (similar name + same brand; not proof of identity),"MACIRE-032 spec Pump Type: catalogue=DC Solar Submersible; source=Solar DC Submersible Brushless Screw Pump (unit/meaning review needed); MACIRE-032 spec Power Rating: catalogue=250W; source=400W (unit/meaning review needed); MACIRE-032 spec Flow Rate: catalogue=1.5m³/hr (1,500L/hr); source=2,300 – 3,500 Liters/Hour (unit/meaning review needed); Possible variant/model-family collision; compare power, capacity, phase, package and sale unit before any merge",Source product model/SKU; Essential attribute: Maximum flow (m3/h); Essential attribute: Power supply (V / phase / DC); Essential attribute: Outlet size; Manufacturer/owner verification of identity and specifications; Nyce price and date or owner-approved quote-only policy; Nyce availability; Authorized product photo; Original Nyce descriptions and application classification,6 image(s) hosted by Macire; rights not cleared - do not reuse,Reject - insufficient reliable information; do not merge similar names or model variants,Proposed reassignment water-1 -> solar-7; owner approval required,Not approved - owner review pending; no import authorized
MACIRE-136,70M Premier 250W Solar DC Submersible Pump – DeepLift AquaForce Edition,https://macire.co.ke/product/70m-premier-250w-solar-dc-submersible-pump-deeplift-aquaforce-edition/,2026-10-10,New candidate (identity unconfirmed),,,water-1,solar,Solar & Renewable Energy,solar-7,Solar DC Borehole Pumps,Proposed reassignment; pending approval,No match found; absence is not proof of uniqueness,No comparable stated conflict found; unverified/missing values are not agreement,Source product model/SKU; Essential attribute: Motor power (kW / HP); Essential attribute: Maximum head (m); Essential attribute: Maximum flow (m3/h); Essential attribute: Power supply (V / phase / DC); Essential attribute: Outlet size; Manufacturer/owner verification of identity and specifications; Nyce price and date or owner-approved quote-only policy; Nyce availability; Authorized product photo; Original Nyce descriptions and application classification,4 image(s) hosted by Macire; rights not cleared - do not reuse,Reject - insufficient reliable information; do not merge similar names or model variants,Proposed reassignment water-1 -> solar-7; owner approval required,Not approved - owner review pending; no import authorized
MACIRE-137,25 Metres 0.75HP Aico Japan Grey Shallow Well Submersible Pump,https://macire.co.ke/product/25-metres-0-75hp-aico-japan-grey-shallow-well-submersible-pump/,2026-10-10,New candidate (identity unconfirmed),,,water-1,water,Borehole & Water Solutions,water-1,Electric Borehole Pumps,Shallow well pump is not confirmed as a borehole pump,No match found; absence is not proof of uniqueness,No comparable stated conflict found; unverified/missing values are not agreement,Source product model/SKU; Essential attribute: Motor power (kW / HP); Essential attribute: Maximum head (m); Essential attribute: Maximum flow (m3/h); Essential attribute: Power supply (V / phase / DC); Essential attribute: Outlet size; Manufacturer/owner verification of identity and specifications; Nyce price and date or owner-approved quote-only policy; Nyce availability; Authorized product photo; Original Nyce descriptions and application classification,5 image(s) hosted by Macire; rights not cleared - do not reuse,Reject - taxonomy fit not established; do not merge similar names or model variants,Rejected placement requires owner taxonomy/fit review; no category change authorized,Not approved - owner review pending; no import authorized
MACIRE-138,5500W 369m Cevada Italy 3-Phase AC/DC Borehole Pump – 2″ Extreme High-Lift Pump,https://macire.co.ke/product/5500w-369m-cevada-italy-3-phase-ac-dc-borehole-pump-2-extreme-high-lift-pump/,2026-10-10,Existing unpublished draft only,,5500w-369m-cevada-italy-3-phase-ac-dc-borehole-pump-2-extrem,water-3,water,Borehole & Water Solutions,water-3,AC DC Borehole Pumps,Fits current taxonomy provisionally,Draft exact: 5500w-369m-cevada-italy-3-phase-ac-dc-borehole-pump-2-extrem (exact normalized name); Register possible: MACIRE-141 (similar name + same brand; not proof of identity),"5500w-369m-cevada-italy-3-phase-ac-dc-borehole-pump-2-extrem brand: catalogue=Cevada; source=Doyin; MACIRE-141 spec Rated Power: catalogue=1500W / 1.5kW; source=5500W / 5.5kW (unit/meaning review needed); MACIRE-141 spec Maximum Head: catalogue=136m; source=369m (unit/meaning review needed); MACIRE-141 spec Pump Type: catalogue=Borehole Submersible Water Pump; source=Submersible Borehole Water Pump (unit/meaning review needed); Possible variant/model-family collision; compare power, capacity, phase, package and sale unit before any merge",Source product model/SKU; Essential attribute: Motor power (kW / HP); Essential attribute: Maximum flow (m3/h); Essential attribute: Power supply (V / phase / DC); Manufacturer/owner verification of identity and specifications; Nyce price and date or owner-approved quote-only policy; Nyce availability; Authorized product photo; Original Nyce descriptions and application classification,7 image(s) hosted by Macire; rights not cleared - do not reuse,"Reject - insufficient reliable information; enrich existing record only after verification, do not create duplicate",No reassignment proposed,Not approved - owner review pending; no import authorized
MACIRE-139,3000W 225m Cevada Italy AC/DC Borehole Pump – 2″ Ultra-High-Lift Water Pump,https://macire.co.ke/product/3000w-225m-cevada-italy-ac-dc-borehole-pump-2-ultra-high-lift-water-pump/,2026-10-10,Existing unpublished draft only,,3000w-225m-cevada-italy-ac-dc-borehole-pump-2-ultra-high-lif | 5500w-369m-cevada-italy-3-phase-ac-dc-borehole-pump-2-extrem | 2200w-185m-cevada-italy-ac-dc-borehole-pump-2-high-lift-wate | 1500w-136m-cevada-italy-ac-dc-borehole-pump-2-high-flow-outl,water-3,water,Borehole & Water Solutions,water-3,AC DC Borehole Pumps,Fits current taxonomy provisionally,Draft exact: 3000w-225m-cevada-italy-ac-dc-borehole-pump-2-ultra-high-lif (exact normalized name); Draft possible: 5500w-369m-cevada-italy-3-phase-ac-dc-borehole-pump-2-extrem (similar name + same brand; not proof of identity) | 2200w-185m-cevada-italy-ac-dc-borehole-pump-2-high-lift-wate (similar name + same brand; not proof of identity) | 1500w-136m-cevada-italy-ac-dc-borehole-pump-2-high-flow-outl (similar name + same brand; not proof of identity); Register possible: MACIRE-140 (similar name + same brand; not proof of identity),"MACIRE-140 spec Rated Power: catalogue=2200W / 2.2kW; source=3000W / 3kW (unit/meaning review needed); MACIRE-140 spec Maximum Head: catalogue=185m; source=225m (unit/meaning review needed); MACIRE-140 spec Pump Type: catalogue=Borehole Submersible Water Pump; source=Submersible Borehole Water Pump (unit/meaning review needed); Possible variant/model-family collision; compare power, capacity, phase, package and sale unit before any merge",Source product model/SKU; Essential attribute: Motor power (kW / HP); Essential attribute: Maximum flow (m3/h); Essential attribute: Power supply (V / phase / DC); Manufacturer/owner verification of identity and specifications; Nyce price and date or owner-approved quote-only policy; Nyce availability; Authorized product photo; Original Nyce descriptions and application classification,6 image(s) hosted by Macire; rights not cleared - do not reuse,"Reject - insufficient reliable information; enrich existing record only after verification, do not create duplicate",No reassignment proposed,Not approved - owner review pending; no import authorized
MACIRE-140,2200W 185m Cevada Italy AC/DC Borehole Pump – 2″ High-Lift Water Pump,https://macire.co.ke/product/2200w-185m-cevada-italy-ac-dc-borehole-pump-2-high-lift-water-pump/,2026-10-10,Existing unpublished draft only,,2200w-185m-cevada-italy-ac-dc-borehole-pump-2-high-lift-wate | 5500w-369m-cevada-italy-3-phase-ac-dc-borehole-pump-2-extrem | 3000w-225m-cevada-italy-ac-dc-borehole-pump-2-ultra-high-lif | 1500w-136m-cevada-italy-ac-dc-borehole-pump-2-high-flow-outl,water-3,water,Borehole & Water Solutions,water-3,AC DC Borehole Pumps,Fits current taxonomy provisionally,Draft exact: 2200w-185m-cevada-italy-ac-dc-borehole-pump-2-high-lift-wate (exact normalized name); Draft possible: 5500w-369m-cevada-italy-3-phase-ac-dc-borehole-pump-2-extrem (similar name + same brand; not proof of identity) | 3000w-225m-cevada-italy-ac-dc-borehole-pump-2-ultra-high-lif (similar name + same brand; not proof of identity) | 1500w-136m-cevada-italy-ac-dc-borehole-pump-2-high-flow-outl (similar name + same brand; not proof of identity); Register possible: MACIRE-139 (similar name + same brand; not proof of identity),"MACIRE-139 spec Rated Power: catalogue=3000W / 3kW; source=2200W / 2.2kW (unit/meaning review needed); MACIRE-139 spec Maximum Head: catalogue=225m; source=185m (unit/meaning review needed); MACIRE-139 spec Pump Type: catalogue=Submersible Borehole Water Pump; source=Borehole Submersible Water Pump (unit/meaning review needed); Possible variant/model-family collision; compare power, capacity, phase, package and sale unit before any merge",Source product model/SKU; Essential attribute: Motor power (kW / HP); Essential attribute: Maximum flow (m3/h); Essential attribute: Power supply (V / phase / DC); Manufacturer/owner verification of identity and specifications; Nyce price and date or owner-approved quote-only policy; Nyce availability; Authorized product photo; Original Nyce descriptions and application classification,9 image(s) hosted by Macire; rights not cleared - do not reuse,"Reject - insufficient reliable information; enrich existing record only after verification, do not create duplicate",No reassignment proposed,Not approved - owner review pending; no import authorized
MACIRE-141,1500W 136m Cevada Italy AC/DC Borehole Pump – 2″ High-Flow Outlet,https://macire.co.ke/product/1500w-136m-cevada-italy-ac-dc-borehole-pump-2-high-flow-outlet/,2026-10-10,Existing unpublished draft only,,1500w-136m-cevada-italy-ac-dc-borehole-pump-2-high-flow-outl,water-3,water,Borehole & Water Solutions,water-3,AC DC Borehole Pumps,Fits current taxonomy provisionally,Draft exact: 1500w-136m-cevada-italy-ac-dc-borehole-pump-2-high-flow-outl (exact normalized name); Register possible: MACIRE-138 (similar name + same brand; not proof of identity),"1500w-136m-cevada-italy-ac-dc-borehole-pump-2-high-flow-outl brand: catalogue=Cevada; source=Doyin; MACIRE-138 spec Rated Power: catalogue=5500W / 5.5kW; source=1500W / 1.5kW (unit/meaning review needed); MACIRE-138 spec Maximum Head: catalogue=369m; source=136m (unit/meaning review needed); MACIRE-138 spec Pump Type: catalogue=Submersible Borehole Water Pump; source=Borehole Submersible Water Pump (unit/meaning review needed); Possible variant/model-family collision; compare power, capacity, phase, package and sale unit before any merge",Source product model/SKU; Essential attribute: Motor power (kW / HP); Essential attribute: Maximum flow (m3/h); Essential attribute: Power supply (V / phase / DC); Manufacturer/owner verification of identity and specifications; Nyce price and date or owner-approved quote-only policy; Nyce availability; Authorized product photo; Original Nyce descriptions and application classification,7 image(s) hosted by Macire; rights not cleared - do not reuse,"Reject - insufficient reliable information; enrich existing record only after verification, do not create duplicate",No reassignment proposed,Not approved - owner review pending; no import authorized
MACIRE-142,5.5HP 4.8m³/h 358m Doyin 4SD3/50 Ordinary Impeller Borehole Pump Body,https://macire.co.ke/product/5-5hp-4-8m%c2%b3-h-358m-doyin-4sd3-50-ordinary-impeller-borehole-pump-body/,2026-10-10,New candidate,,,water-3,water,Borehole & Water Solutions,water-3,AC DC Borehole Pumps,Pump body only; AC/DC motor compatibility not established,No match found; absence is not proof of uniqueness,No comparable stated conflict found; unverified/missing values are not agreement,Essential attribute: Motor power (kW / HP); Essential attribute: Power supply (V / phase / DC); Essential attribute: Outlet size; Manufacturer/owner verification of identity and specifications; Nyce price and date or owner-approved quote-only policy; Nyce availability; Authorized product photo; Original Nyce descriptions and application classification,8 image(s) hosted by Macire; rights not cleared - do not reuse,Reject - taxonomy fit not established; do not merge similar names or model variants,Rejected placement requires owner taxonomy/fit review; no category change authorized,Not approved - owner review pending; no import authorized
MACIRE-143,16 mm 3 Core Submersible Cable – East African (Per Meter),https://macire.co.ke/product/16mm-3-core-submersible-cable-east-african-kenya/,2026-10-10,Existing unpublished draft only,,16-mm-3-core-submersible-cable-east-african-per-meter,water-4,water,Borehole & Water Solutions,water-4,Borehole Cables & Accessories,Fits current taxonomy provisionally,Draft exact: 16-mm-3-core-submersible-cable-east-african-per-meter (exact normalized name),No comparable stated conflict found; unverified/missing values are not agreement,Source brand; Source product model/SKU; Essential attribute: Cross-section (mm2); Essential attribute: Core count; Essential attribute: Length / sale unit; Manufacturer/owner verification of identity and specifications; Nyce price and date or owner-approved quote-only policy; Nyce availability; Authorized product photo; Original Nyce descriptions and application classification,6 image(s) hosted by Macire; rights not cleared - do not reuse,"Reject - insufficient reliable information; enrich existing record only after verification, do not create duplicate",No reassignment proposed,Not approved - owner review pending; no import authorized
MACIRE-144,25 mm 4 Core Submersible Cable – East African (Per Meter),https://macire.co.ke/product/25mm-4-core-submersible-cable-east-african-kenya/,2026-10-10,Existing unpublished draft only,,25-mm-4-core-submersible-cable-east-african-per-meter,water-4,water,Borehole & Water Solutions,water-4,Borehole Cables & Accessories,Fits current taxonomy provisionally,Draft exact: 25-mm-4-core-submersible-cable-east-african-per-meter (exact normalized name),No comparable stated conflict found; unverified/missing values are not agreement,Source brand; Source product model/SKU; Essential attribute: Cross-section (mm2); Essential attribute: Core count; Essential attribute: Length / sale unit; Manufacturer/owner verification of identity and specifications; Nyce price and date or owner-approved quote-only policy; Nyce availability; Authorized product photo; Original Nyce descriptions and application classification,6 image(s) hosted by Macire; rights not cleared - do not reuse,"Reject - insufficient reliable information; enrich existing record only after verification, do not create duplicate",No reassignment proposed,Not approved - owner review pending; no import authorized
MACIRE-145,25 mm 3 Core Submersible Cable – East African (Per Meter),https://macire.co.ke/product/25mm-3-core-submersible-cable-east-african-kenya/,2026-10-10,Existing unpublished draft only,,25-mm-3-core-submersible-cable-east-african-per-meter,water-4,water,Borehole & Water Solutions,water-4,Borehole Cables & Accessories,Fits current taxonomy provisionally,Draft exact: 25-mm-3-core-submersible-cable-east-african-per-meter (exact normalized name),No comparable stated conflict found; unverified/missing values are not agreement,Source brand; Source product model/SKU; Essential attribute: Cross-section (mm2); Essential attribute: Core count; Essential attribute: Length / sale unit; Manufacturer/owner verification of identity and specifications; Nyce price and date or owner-approved quote-only policy; Nyce availability; Authorized product photo; Original Nyce descriptions and application classification,6 image(s) hosted by Macire; rights not cleared - do not reuse,"Reject - insufficient reliable information; enrich existing record only after verification, do not create duplicate",No reassignment proposed,Not approved - owner review pending; no import authorized
MACIRE-146,16 mm 4 Core Submersible Cable – East African (Per Meter),https://macire.co.ke/product/16mm-4-core-submersible-cable-east-african-kenya/,2026-10-10,Existing unpublished draft only,,16-mm-4-core-submersible-cable-east-african-per-meter,water-4,water,Borehole & Water Solutions,water-4,Borehole Cables & Accessories,Fits current taxonomy provisionally,Draft exact: 16-mm-4-core-submersible-cable-east-african-per-meter (exact normalized name),No comparable stated conflict found; unverified/missing values are not agreement,Source brand; Source product model/SKU; Essential attribute: Cross-section (mm2); Essential attribute: Core count; Essential attribute: Length / sale unit; Manufacturer/owner verification of identity and specifications; Nyce price and date or owner-approved quote-only policy; Nyce availability; Authorized product photo; Original Nyce descriptions and application classification,6 image(s) hosted by Macire; rights not cleared - do not reuse,"Reject - insufficient reliable information; enrich existing record only after verification, do not create duplicate",No reassignment proposed,Not approved - owner review pending; no import authorized
MACIRE-147,6 mm 3 Core Submersible Cable – East African (Per Meter),https://macire.co.ke/product/6-mm-3-core-submersible-cable-east-african-per-meter/,2026-10-10,Existing unpublished draft only,,6-mm-3-core-submersible-cable-east-african-per-meter,water-4,water,Borehole & Water Solutions,water-4,Borehole Cables & Accessories,Fits current taxonomy provisionally,Draft exact: 6-mm-3-core-submersible-cable-east-african-per-meter (exact normalized name),No comparable stated conflict found; unverified/missing values are not agreement,Source brand; Source product model/SKU; Essential attribute: Cross-section (mm2); Essential attribute: Core count; Essential attribute: Length / sale unit; Manufacturer/owner verification of identity and specifications; Nyce price and date or owner-approved quote-only policy; Nyce availability; Authorized product photo; Original Nyce descriptions and application classification,6 image(s) hosted by Macire; rights not cleared - do not reuse,"Reject - insufficient reliable information; enrich existing record only after verification, do not create duplicate",No reassignment proposed,Not approved - owner review pending; no import authorized
MACIRE-148,Toller Automatic Pump Control – Automatic Water Pump Pressure Controller,https://macire.co.ke/product/toller-automatic-pump-control-automatic-water-pump-pressure-controller/,2026-10-10,Existing unpublished draft only,,toller-automatic-pump-control-automatic-water-pump-pressure,water-5,water,Borehole & Water Solutions,water-5,Automatic Pump Control Switch,Fits current taxonomy provisionally,Draft exact: toller-automatic-pump-control-automatic-water-pump-pressure (exact normalized name),Retailer package/installation/warranty terms are not Nyce commitments; do not copy,Source product model/SKU; Essential attribute: Function; Essential attribute: Rating; Essential attribute: Supply; Manufacturer/owner verification of identity and specifications; Nyce price and date or owner-approved quote-only policy; Nyce availability; Authorized product photo; Original Nyce descriptions and application classification,5 image(s) hosted by Macire; rights not cleared - do not reuse,"Reject - insufficient reliable information; enrich existing record only after verification, do not create duplicate",No reassignment proposed,Not approved - owner review pending; no import authorized
MACIRE-149,0.7KVA Lorentz PS2-600 Controller,https://macire.co.ke/product/0-7kva-lorentz-ps2-600-controller/,2026-10-10,New candidate,,,water-5,water,Borehole & Water Solutions,water-5,Automatic Pump Control Switch,Fits current taxonomy provisionally,Register possible: MACIRE-150 (similar name + same brand; not proof of identity) | MACIRE-151 (similar name + same brand; not proof of identity),"MACIRE-150 model: catalogue=PS2-200; source=PS2-600; MACIRE-150 spec Model: catalogue=PS2-200; source=PS2-600 (unit/meaning review needed); MACIRE-150 spec Input Voltage: catalogue=120–375V DC (Solar Panel Input); source=Max. 150V DC (unit/meaning review needed); MACIRE-150 spec Efficiency: catalogue=>95% MPPT Controller; source=Up to 98% (unit/meaning review needed); MACIRE-151 model: catalogue=PS2-150; source=PS2-600; MACIRE-151 spec Model: catalogue=PS2-150; source=PS2-600 (unit/meaning review needed); Possible variant/model-family collision; compare power, capacity, phase, package and sale unit before any merge",Essential attribute: Function; Essential attribute: Rating; Essential attribute: Supply; Manufacturer/owner verification of identity and specifications; Nyce price and date or owner-approved quote-only policy; Nyce availability; Authorized product photo; Original Nyce descriptions and application classification,4 image(s) hosted by Macire; rights not cleared - do not reuse,Reject - insufficient reliable information; do not merge similar names or model variants,No reassignment proposed,Not approved - owner review pending; no import authorized
MACIRE-150,0.3KVA Lorentz PS2-200 Pump Controller,https://macire.co.ke/product/0-3kva-lorentz-ps2-200-pump-controller/,2026-10-10,New candidate,,,water-5,water,Borehole & Water Solutions,water-5,Automatic Pump Control Switch,Fits current taxonomy provisionally,Register possible: MACIRE-149 (similar name + same brand; not proof of identity) | MACIRE-151 (similar name + same brand; not proof of identity),"MACIRE-149 model: catalogue=PS2-600; source=PS2-200; MACIRE-149 spec Model: catalogue=PS2-600; source=PS2-200 (unit/meaning review needed); MACIRE-149 spec Input Voltage: catalogue=Max. 150V DC; source=120–375V DC (Solar Panel Input) (unit/meaning review needed); MACIRE-149 spec Efficiency: catalogue=Up to 98%; source=>95% MPPT Controller (unit/meaning review needed); MACIRE-151 model: catalogue=PS2-150; source=PS2-200; MACIRE-151 spec Model: catalogue=PS2-150; source=PS2-200 (unit/meaning review needed); MACIRE-151 spec Power Output: catalogue=0.3KVA (300W); source=0.3KVA (300 Watts) (unit/meaning review needed); MACIRE-151 spec Protection: catalogue=Dry Run, Overheat, Overvoltage, Overload; source=Dry Run, Overheat, Overload, Overvoltage (unit/meaning review needed); MACIRE-151 spec Display: catalogue=Status LEDs / Optional data interface; source=LED Status Indicators (unit/meaning review needed); MACIRE-151 spec Cooling: catalogue=Passive air-cooled; source=Natural Air Cooling (unit/meaning review needed); Retailer package/installation/warranty terms are not Nyce commitments; do not copy; Possible variant/model-family collision; compare power, capacity, phase, package and sale unit before any merge",Essential attribute: Function; Essential attribute: Rating; Essential attribute: Supply; Manufacturer/owner verification of identity and specifications; Nyce price and date or owner-approved quote-only policy; Nyce availability; Authorized product photo; Original Nyce descriptions and application classification,5 image(s) hosted by Macire; rights not cleared - do not reuse,Reject - insufficient reliable information; do not merge similar names or model variants,No reassignment proposed,Not approved - owner review pending; no import authorized
MACIRE-151,0.3KVA Lorentz PS2-150 Pump Controller,https://macire.co.ke/product/0-3kva-lorentz-ps2-150-pump-controller/,2026-10-10,New candidate,,,water-5,water,Borehole & Water Solutions,water-5,Automatic Pump Control Switch,Fits current taxonomy provisionally,Register possible: MACIRE-149 (similar name + same brand; not proof of identity) | MACIRE-150 (similar name + same brand; not proof of identity),"MACIRE-149 model: catalogue=PS2-600; source=PS2-150; MACIRE-149 spec Model: catalogue=PS2-600; source=PS2-150 (unit/meaning review needed); MACIRE-150 model: catalogue=PS2-200; source=PS2-150; MACIRE-150 spec Model: catalogue=PS2-200; source=PS2-150 (unit/meaning review needed); MACIRE-150 spec Power Output: catalogue=0.3KVA (300 Watts); source=0.3KVA (300W) (unit/meaning review needed); MACIRE-150 spec Cooling: catalogue=Natural Air Cooling; source=Passive air-cooled (unit/meaning review needed); MACIRE-150 spec Protection: catalogue=Dry Run, Overheat, Overload, Overvoltage; source=Dry Run, Overheat, Overvoltage, Overload (unit/meaning review needed); MACIRE-150 spec Display: catalogue=LED Status Indicators; source=Status LEDs / Optional data interface (unit/meaning review needed); Possible variant/model-family collision; compare power, capacity, phase, package and sale unit before any merge",Essential attribute: Function; Essential attribute: Rating; Essential attribute: Supply; Manufacturer/owner verification of identity and specifications; Nyce price and date or owner-approved quote-only policy; Nyce availability; Authorized product photo; Original Nyce descriptions and application classification,5 image(s) hosted by Macire; rights not cleared - do not reuse,Reject - insufficient reliable information; do not merge similar names or model variants,No reassignment proposed,Not approved - owner review pending; no import authorized
MACIRE-152,Wokin 791015 Automatic Pump Control Switch,https://macire.co.ke/product/wokin-791015-automatic-pump-control-switch/,2026-10-10,Existing unpublished draft only,,wokin-791015-automatic-pump-control-switch,water-5,water,Borehole & Water Solutions,water-5,Automatic Pump Control Switch,Fits current taxonomy provisionally,Draft exact: wokin-791015-automatic-pump-control-switch (exact normalized name),No comparable stated conflict found; unverified/missing values are not agreement,Source product model/SKU; Essential attribute: Function; Essential attribute: Rating; Essential attribute: Supply; Manufacturer/owner verification of identity and specifications; Nyce price and date or owner-approved quote-only policy; Nyce availability; Authorized product photo; Original Nyce descriptions and application classification,1 image(s) hosted by Macire; rights not cleared - do not reuse,"Reject - insufficient reliable information; enrich existing record only after verification, do not create duplicate",No reassignment proposed,Not approved - owner review pending; no import authorized
MACIRE-153,TOTAL Automatic Pump Control TWPS101 (1.5bar Start 10bar Max 1″x1″),https://macire.co.ke/product/total-automatic-pump-control-twps101-1-5bar-start-10bar-max-1x1/,2026-10-10,New candidate,,total-automatic-pump-control-twps101,water-6,water,Borehole & Water Solutions,water-5,Automatic Pump Control Switch,Proposed reassignment; pending approval,Draft possible: total-automatic-pump-control-twps101 (similar name + same brand; not proof of identity),No comparable stated conflict found; unverified/missing values are not agreement,Essential attribute: Function; Essential attribute: Rating; Essential attribute: Supply; Manufacturer/owner verification of identity and specifications; Nyce price and date or owner-approved quote-only policy; Nyce availability; Authorized product photo; Original Nyce descriptions and application classification,7 image(s) hosted by Macire; rights not cleared - do not reuse,Reject - insufficient reliable information; do not merge similar names or model variants,Proposed reassignment water-6 -> water-5; owner approval required,Not approved - owner review pending; no import authorized
MACIRE-154,55m Shiyuan Solar Submersible Borehole pump,https://macire.co.ke/product/55m-shiyuan-solar-submersible-borehole-pump/,2026-10-10,New candidate (identity unconfirmed),,,water-6,solar,Solar & Renewable Energy,solar-7,Solar DC Borehole Pumps,Proposed reassignment; pending approval,No match found; absence is not proof of uniqueness,No comparable stated conflict found; unverified/missing values are not agreement,Source product model/SKU; Essential attribute: Motor power (kW / HP); Essential attribute: Maximum head (m); Essential attribute: Maximum flow (m3/h); Essential attribute: Power supply (V / phase / DC); Essential attribute: Outlet size; Manufacturer/owner verification of identity and specifications; Nyce price and date or owner-approved quote-only policy; Nyce availability; Authorized product photo; Original Nyce descriptions and application classification,4 image(s) hosted by Macire; rights not cleared - do not reuse,Reject - insufficient reliable information; do not merge similar names or model variants,Proposed reassignment water-6 -> solar-7; owner approval required,Not approved - owner review pending; no import authorized
MACIRE-155,20m Premier Solar Submersible Pump 24V/150Watts 7000L/Hr,https://macire.co.ke/product/20m-premier-solar-submersible-pump-24v-150watts-7000l-hr/,2026-10-10,New candidate (identity unconfirmed),,,water-6,solar,Solar & Renewable Energy,solar-7,Solar DC Borehole Pumps,Proposed reassignment; pending approval,Register possible: MACIRE-032 (similar name + same brand; not proof of identity),"Possible variant/model-family collision; compare power, capacity, phase, package and sale unit before any merge",Source product model/SKU; Essential attribute: Motor power (kW / HP); Essential attribute: Maximum head (m); Essential attribute: Maximum flow (m3/h); Essential attribute: Power supply (V / phase / DC); Essential attribute: Outlet size; Manufacturer/owner verification of identity and specifications; Nyce price and date or owner-approved quote-only policy; Nyce availability; Authorized product photo; Original Nyce descriptions and application classification,5 image(s) hosted by Macire; rights not cleared - do not reuse,Reject - insufficient reliable information; do not merge similar names or model variants,Proposed reassignment water-6 -> solar-7; owner approval required,Not approved - owner review pending; no import authorized
MACIRE-156,90m Premier 7.5HP Three-Phase Sewage Mining Water Pump – Tough Site Dewatering,https://macire.co.ke/product/90m-premier-7-5hp-three-phase-sewage-mining-water-pump-tough-site-dewatering/,2026-10-10,New candidate (identity unconfirmed),,,water-6,construction,Construction & Tools,construction-6,Plumbing & Sewage Pumps,Proposed reassignment; pending approval,No match found; absence is not proof of uniqueness,No comparable stated conflict found; unverified/missing values are not agreement,Source product model/SKU; Essential attribute: Maximum flow (m3/h); Essential attribute: Power supply (V / phase / DC); Manufacturer/owner verification of identity and specifications; Nyce price and date or owner-approved quote-only policy; Nyce availability; Authorized product photo; Original Nyce descriptions and application classification,5 image(s) hosted by Macire; rights not cleared - do not reuse,Reject - insufficient reliable information; do not merge similar names or model variants,Proposed reassignment water-6 -> construction-6; owner approval required,Not approved - owner review pending; no import authorized
MACIRE-157,3hp 15m 15m³/h Electric Sewage Dirty Water Shallow Well Pump Premier 2 inches QDX3HP,https://macire.co.ke/product/3hp-15m-15m%c2%b3-h-electric-sewage-dirty-water-shallow-well-pump-premier-2-inches-qdx3hp/,2026-10-10,New candidate (identity unconfirmed),,,water-6,construction,Construction & Tools,construction-6,Plumbing & Sewage Pumps,Proposed reassignment; pending approval,No match found; absence is not proof of uniqueness,No comparable stated conflict found; unverified/missing values are not agreement,Source product model/SKU; Essential attribute: Motor power (kW / HP); Essential attribute: Maximum head (m); Essential attribute: Maximum flow (m3/h); Essential attribute: Power supply (V / phase / DC); Essential attribute: Outlet size; Manufacturer/owner verification of identity and specifications; Nyce price and date or owner-approved quote-only policy; Nyce availability; Authorized product photo; Original Nyce descriptions and application classification,4 image(s) hosted by Macire; rights not cleared - do not reuse,Reject - insufficient reliable information; do not merge similar names or model variants,Proposed reassignment water-6 -> construction-6; owner approval required,Not approved - owner review pending; no import authorized
MACIRE-158,60M Aico Japan 1HP Centrifugal Water Booster Pump AKP80,https://macire.co.ke/product/60m-aico-japan-1hp-centrifugal-water-booster-pump-akp80/,2026-10-10,New candidate,,,water-7,water,Borehole & Water Solutions,water-7,Booster Centrifugal Water Pumps,Fits current taxonomy provisionally,No match found; absence is not proof of uniqueness,No comparable stated conflict found; unverified/missing values are not agreement,Essential attribute: Motor power (kW / HP); Essential attribute: Maximum head (m); Essential attribute: Maximum flow (m3/h); Essential attribute: Power supply (V / phase / DC); Essential attribute: Outlet size; Manufacturer/owner verification of identity and specifications; Nyce price and date or owner-approved quote-only policy; Nyce availability; Authorized product photo; Original Nyce descriptions and application classification,5 image(s) hosted by Macire; rights not cleared - do not reuse,Reject - insufficient reliable information; do not merge similar names or model variants,No reassignment proposed,Not approved - owner review pending; no import authorized
MACIRE-159,0.32hp 0.25Kw Dayliff DDP 50A Automatic Mini Electric Booster Water Pump,https://macire.co.ke/product/dayliff-ddp-50a-automatic-mini-booster-pump/,2026-10-10,New candidate (identity unconfirmed),,,water-7,water,Borehole & Water Solutions,water-7,Booster Centrifugal Water Pumps,Fits current taxonomy provisionally,Register possible: MACIRE-162 (similar name + same brand; not proof of identity),"Possible variant/model-family collision; compare power, capacity, phase, package and sale unit before any merge",Source product model/SKU; Essential attribute: Motor power (kW / HP); Essential attribute: Maximum head (m); Essential attribute: Maximum flow (m3/h); Essential attribute: Power supply (V / phase / DC); Essential attribute: Outlet size; Manufacturer/owner verification of identity and specifications; Nyce price and date or owner-approved quote-only policy; Nyce availability; Authorized product photo; Original Nyce descriptions and application classification,3 image(s) hosted by Macire; rights not cleared - do not reuse,Reject - insufficient reliable information; do not merge similar names or model variants,No reassignment proposed,Not approved - owner review pending; no import authorized
MACIRE-160,0.5hp 0.37Kw 35m Dayliff DDP 60 Electric Booster Water Pump High Quality,https://macire.co.ke/product/dayliff-ddp-60-high-quality-booster-pump/,2026-10-10,New candidate (identity unconfirmed),,,water-7,water,Borehole & Water Solutions,water-7,Booster Centrifugal Water Pumps,Fits current taxonomy provisionally,No match found; absence is not proof of uniqueness,No comparable stated conflict found; unverified/missing values are not agreement,Source product model/SKU; Essential attribute: Motor power (kW / HP); Essential attribute: Maximum head (m); Essential attribute: Maximum flow (m3/h); Essential attribute: Power supply (V / phase / DC); Essential attribute: Outlet size; Manufacturer/owner verification of identity and specifications; Nyce price and date or owner-approved quote-only policy; Nyce availability; Authorized product photo; Original Nyce descriptions and application classification,3 image(s) hosted by Macire; rights not cleared - do not reuse,Reject - insufficient reliable information; do not merge similar names or model variants,No reassignment proposed,Not approved - owner review pending; no import authorized
MACIRE-161,0.5hp 28m 1.8m³ Electric Booster Peripheral Water Pump Premier QB60,https://macire.co.ke/product/0-5hp-28m-1-8m%c2%b3-electric-booster-peripheral-water-pump-premier-qb60/,2026-10-10,New candidate (identity unconfirmed),,,water-7,water,Borehole & Water Solutions,water-7,Booster Centrifugal Water Pumps,Fits current taxonomy provisionally,Register possible: MACIRE-092 (similar name + same brand; not proof of identity),"Possible variant/model-family collision; compare power, capacity, phase, package and sale unit before any merge",Source product model/SKU; Essential attribute: Motor power (kW / HP); Essential attribute: Maximum head (m); Essential attribute: Maximum flow (m3/h); Essential attribute: Power supply (V / phase / DC); Essential attribute: Outlet size; Manufacturer/owner verification of identity and specifications; Nyce price and date or owner-approved quote-only policy; Nyce availability; Authorized product photo; Original Nyce descriptions and application classification,4 image(s) hosted by Macire; rights not cleared - do not reuse,Reject - insufficient reliable information; do not merge similar names or model variants,No reassignment proposed,Not approved - owner review pending; no import authorized
MACIRE-162,0.32hp 0.25Kw Dayliff DQ15F Automatic Shower Booster Water Pump,https://macire.co.ke/product/dayliff-dq15f-automatic-shower-boosterdayliff-dq15f-automatic-shower-booster/,2026-10-10,New candidate (identity unconfirmed),,,water-7,water,Borehole & Water Solutions,water-7,Booster Centrifugal Water Pumps,Fits current taxonomy provisionally,Register possible: MACIRE-159 (similar name + same brand; not proof of identity),"Possible variant/model-family collision; compare power, capacity, phase, package and sale unit before any merge",Source product model/SKU; Essential attribute: Motor power (kW / HP); Essential attribute: Maximum head (m); Essential attribute: Maximum flow (m3/h); Essential attribute: Power supply (V / phase / DC); Essential attribute: Outlet size; Manufacturer/owner verification of identity and specifications; Nyce price and date or owner-approved quote-only policy; Nyce availability; Authorized product photo; Original Nyce descriptions and application classification,3 image(s) hosted by Macire; rights not cleared - do not reuse,Reject - insufficient reliable information; do not merge similar names or model variants,No reassignment proposed,Not approved - owner review pending; no import authorized
MACIRE-163,"1.1kW Aico Japan Swimming Pool Pump – AC-SPP, 366L/min Flow, 25m Head",https://macire.co.ke/product/1-1kw-aico-japan-swimming-pool-pump-ac-spp-366l-min-flow-25m-head/,2026-10-10,New candidate,,,water-8,water,Borehole & Water Solutions,water-8,Swimming Pools Pumps & Accessories,Fits current taxonomy provisionally,No match found; absence is not proof of uniqueness,No comparable stated conflict found; unverified/missing values are not agreement,Essential attribute: Outlet size; Manufacturer/owner verification of identity and specifications; Nyce price and date or owner-approved quote-only policy; Nyce availability; Authorized product photo; Original Nyce descriptions and application classification,5 image(s) hosted by Macire; rights not cleared - do not reuse,Reject - insufficient reliable information; do not merge similar names or model variants,No reassignment proposed,Not approved - owner review pending; no import authorized
MACIRE-164,4.0kW Dayliff DPX4000 Swimming Pool Pump – Heavy-Duty Commercial Pool Circulation,https://macire.co.ke/product/4-0kw-dayliff-dpx4000-swimming-pool-pump-heavy-duty-commercial-pool-circulation/,2026-10-10,Existing unpublished draft only,,4-0kw-dayliff-dpx4000-swimming-pool-pump-heavy-duty-commerci | 1-5kw-dayliff-dpx1500-swimming-pool-pump-high-flow-durable-m | 1-0kw-dayliff-dpsolar1000-solar-swimming-pool-pump-energy-sa,water-8,water,Borehole & Water Solutions,water-8,Swimming Pools Pumps & Accessories,Fits current taxonomy provisionally,Draft exact: 4-0kw-dayliff-dpx4000-swimming-pool-pump-heavy-duty-commerci (exact normalized name); Draft possible: 1-5kw-dayliff-dpx1500-swimming-pool-pump-high-flow-durable-m (similar name + same brand; not proof of identity) | 1-0kw-dayliff-dpsolar1000-solar-swimming-pool-pump-energy-sa (similar name + same brand; not proof of identity); Register possible: MACIRE-166 (similar name + same brand; not proof of identity) | MACIRE-167 (similar name + same brand; not proof of identity),"MACIRE-166 model: catalogue=DPX1500; source=DPX4000; MACIRE-166 spec Model: catalogue=DPX1500; source=DPX4000 (unit/meaning review needed); MACIRE-166 spec Power Rating: catalogue=1.5 kW; source=4.0 kW (unit/meaning review needed); MACIRE-166 spec Motor Type: catalogue=Single-phase electric motor; source=Electric motor (unit/meaning review needed); MACIRE-166 spec Voltage: catalogue=1 × 240 V; source=400 V (unit/meaning review needed); MACIRE-167 model: catalogue=DPSOLAR1000; source=DPX4000; MACIRE-167 spec Model: catalogue=DPSOLAR1000; source=DPX4000 (unit/meaning review needed); MACIRE-167 spec Pump Type: catalogue=Solar Swimming Pool Pump; source=Swimming Pool Circulation Pump (unit/meaning review needed); MACIRE-167 spec Power Rating: catalogue=1.0 kW; source=4.0 kW (unit/meaning review needed); MACIRE-167 spec Motor Type: catalogue=Brushless DC, variable speed; source=Electric motor (unit/meaning review needed); Possible variant/model-family collision; compare power, capacity, phase, package and sale unit before any merge",Essential attribute: Maximum head (m); Essential attribute: Maximum flow (m3/h); Essential attribute: Power supply (V / phase / DC); Essential attribute: Outlet size; Manufacturer/owner verification of identity and specifications; Nyce price and date or owner-approved quote-only policy; Nyce availability; Authorized product photo; Original Nyce descriptions and application classification,11 image(s) hosted by Macire; rights not cleared - do not reuse,"Reject - insufficient reliable information; enrich existing record only after verification, do not create duplicate",No reassignment proposed,Not approved - owner review pending; no import authorized
MACIRE-165,"3.0kW Dayliff DPX3000 Swimming Pool Pump – Commercial, High Flow & Heavy Duty",https://macire.co.ke/product/3-0kw-dayliff-dpx3000-swimming-pool-pump-commercial-high-flow-heavy-duty/,2026-10-10,Existing unpublished draft only,,3-0kw-dayliff-dpx3000-swimming-pool-pump-commercial-high-flo,water-8,water,Borehole & Water Solutions,water-8,Swimming Pools Pumps & Accessories,Fits current taxonomy provisionally,Draft exact: 3-0kw-dayliff-dpx3000-swimming-pool-pump-commercial-high-flo (exact normalized name),No comparable stated conflict found; unverified/missing values are not agreement,Essential attribute: Maximum head (m); Essential attribute: Maximum flow (m3/h); Essential attribute: Power supply (V / phase / DC); Essential attribute: Outlet size; Manufacturer/owner verification of identity and specifications; Nyce price and date or owner-approved quote-only policy; Nyce availability; Authorized product photo; Original Nyce descriptions and application classification,11 image(s) hosted by Macire; rights not cleared - do not reuse,"Reject - insufficient reliable information; enrich existing record only after verification, do not create duplicate",No reassignment proposed,Not approved - owner review pending; no import authorized
MACIRE-166,"1.5kW Dayliff DPX1500 Swimming Pool Pump – High Flow, Durable Motor & Quiet Circulation",https://macire.co.ke/product/1-5kw-dayliff-dpx1500-swimming-pool-pump-high-flow-durable-motor-quiet-circulation/,2026-10-10,Existing unpublished draft only,,1-5kw-dayliff-dpx1500-swimming-pool-pump-high-flow-durable-m,water-8,water,Borehole & Water Solutions,water-8,Swimming Pools Pumps & Accessories,Fits current taxonomy provisionally,Draft exact: 1-5kw-dayliff-dpx1500-swimming-pool-pump-high-flow-durable-m (exact normalized name),Retailer package/installation/warranty terms are not Nyce commitments; do not copy,Essential attribute: Maximum head (m); Essential attribute: Maximum flow (m3/h); Essential attribute: Power supply (V / phase / DC); Essential attribute: Outlet size; Manufacturer/owner verification of identity and specifications; Nyce price and date or owner-approved quote-only policy; Nyce availability; Authorized product photo; Original Nyce descriptions and application classification,11 image(s) hosted by Macire; rights not cleared - do not reuse,"Reject - insufficient reliable information; enrich existing record only after verification, do not create duplicate",No reassignment proposed,Not approved - owner review pending; no import authorized
MACIRE-167,1.0kW Dayliff DPSOLAR1000 Solar Swimming Pool Pump – Energy-Saving Pool Circulation,https://macire.co.ke/product/1-0kw-dayliff-dpsolar1000-solar-swimming-pool-pump-energy-saving-pool-circulation/,2026-10-10,Existing unpublished draft only,,1-0kw-dayliff-dpsolar1000-solar-swimming-pool-pump-energy-sa | 4-0kw-dayliff-dpx4000-swimming-pool-pump-heavy-duty-commerci,water-8,water,Borehole & Water Solutions,water-8,Swimming Pools Pumps & Accessories,Fits current taxonomy provisionally,Draft exact: 1-0kw-dayliff-dpsolar1000-solar-swimming-pool-pump-energy-sa (exact normalized name); Draft possible: 4-0kw-dayliff-dpx4000-swimming-pool-pump-heavy-duty-commerci (similar name + same brand; not proof of identity); Register possible: MACIRE-164 (similar name + same brand; not proof of identity),"MACIRE-164 model: catalogue=DPX4000; source=DPSOLAR1000; MACIRE-164 spec Model: catalogue=DPX4000; source=DPSOLAR1000 (unit/meaning review needed); MACIRE-164 spec Pump Type: catalogue=Swimming Pool Circulation Pump; source=Solar Swimming Pool Pump (unit/meaning review needed); MACIRE-164 spec Power Rating: catalogue=4.0 kW; source=1.0 kW (unit/meaning review needed); MACIRE-164 spec Motor Type: catalogue=Electric motor; source=Brushless DC, variable speed (unit/meaning review needed); Possible variant/model-family collision; compare power, capacity, phase, package and sale unit before any merge",Essential attribute: Maximum head (m); Essential attribute: Maximum flow (m3/h); Essential attribute: Power supply (V / phase / DC); Essential attribute: Outlet size; Manufacturer/owner verification of identity and specifications; Nyce price and date or owner-approved quote-only policy; Nyce availability; Authorized product photo; Original Nyce descriptions and application classification,10 image(s) hosted by Macire; rights not cleared - do not reuse,"Reject - insufficient reliable information; enrich existing record only after verification, do not create duplicate",No reassignment proposed,Not approved - owner review pending; no import authorized
MACIRE-168,Dayliff Chlorine 65 – from 5kgs,https://macire.co.ke/product/dayliff-chlorine-65-40kgs/,2026-10-10,New candidate (identity unconfirmed),,,water-9,water,Borehole & Water Solutions,water-9,Water Treatment,Fits current taxonomy provisionally,No match found; absence is not proof of uniqueness,No comparable stated conflict found; unverified/missing values are not agreement,Source product model/SKU; Essential attribute: Treatment type; Essential attribute: Flow rate; Essential attribute: Connection size; Manufacturer/owner verification of identity and specifications; Nyce price and date or owner-approved quote-only policy; Nyce availability; Authorized product photo; Original Nyce descriptions and application classification,2 image(s) hosted by Macire; rights not cleared - do not reuse,Reject - insufficient reliable information; do not merge similar names or model variants,No reassignment proposed,Not approved - owner review pending; no import authorized
MACIRE-169,Dayliff Mineral Water Pot Premium Water Treatment Equipment,https://macire.co.ke/product/dayliff-mineral-water-pot-premium-water-treatment-equipment/,2026-10-10,Existing unpublished draft only,,dayliff-mineral-water-pot-premium-water-treatment-equipment | dayliff-triple-filter-uv-purifier-premium-water-treatment-eq | dayliff-6-stage-mini-ro-400litres-day-premium-water-treatmen | dayliff-6-stage-mini-ro-200litres-day-premium-water-treatmen,water-9,water,Borehole & Water Solutions,water-9,Water Treatment,Fits current taxonomy provisionally,Draft exact: dayliff-mineral-water-pot-premium-water-treatment-equipment (exact normalized name); Draft possible: dayliff-triple-filter-uv-purifier-premium-water-treatment-eq (similar name + same brand; not proof of identity) | dayliff-6-stage-mini-ro-400litres-day-premium-water-treatmen (similar name + same brand; not proof of identity) | dayliff-6-stage-mini-ro-200litres-day-premium-water-treatmen (similar name + same brand; not proof of identity),No comparable stated conflict found; unverified/missing values are not agreement,Source product model/SKU; Essential attribute: Treatment type; Essential attribute: Flow rate; Essential attribute: Connection size; Manufacturer/owner verification of identity and specifications; Nyce price and date or owner-approved quote-only policy; Nyce availability; Authorized product photo; Original Nyce descriptions and application classification,3 image(s) hosted by Macire; rights not cleared - do not reuse,"Reject - insufficient reliable information; enrich existing record only after verification, do not create duplicate",No reassignment proposed,Not approved - owner review pending; no import authorized
MACIRE-170,7 Stage Hanti Reverse Osmosis Water Purifier,https://macire.co.ke/product/7-stage-hanti-reverse-osmosis-water-purifier/,2026-10-10,New candidate (identity unconfirmed),,3-stage-hanti-aro4a-reverse-osmosis-system,water-9,water,Borehole & Water Solutions,water-9,Water Treatment,Fits current taxonomy provisionally,Draft possible: 3-stage-hanti-aro4a-reverse-osmosis-system (similar name + same brand; not proof of identity); Register possible: MACIRE-172 (similar name + same brand; not proof of identity),"Possible variant/model-family collision; compare power, capacity, phase, package and sale unit before any merge",Source product model/SKU; Essential attribute: Treatment type; Essential attribute: Flow rate; Essential attribute: Connection size; Manufacturer/owner verification of identity and specifications; Nyce price and date or owner-approved quote-only policy; Nyce availability; Authorized product photo; Original Nyce descriptions and application classification,4 image(s) hosted by Macire; rights not cleared - do not reuse,Reject - insufficient reliable information; do not merge similar names or model variants,No reassignment proposed,Not approved - owner review pending; no import authorized
MACIRE-171,ATLAS OASIS DP Sanic 100GPD Water Treatment,https://macire.co.ke/product/atlas-oasis-dp-sanic-100gpd-water-treatment/,2026-10-10,New candidate (identity unconfirmed),,,water-9,water,Borehole & Water Solutions,water-9,Water Treatment,Fits current taxonomy provisionally,No match found; absence is not proof of uniqueness,No comparable stated conflict found; unverified/missing values are not agreement,Source product model/SKU; Essential attribute: Treatment type; Essential attribute: Flow rate; Essential attribute: Connection size; Manufacturer/owner verification of identity and specifications; Nyce price and date or owner-approved quote-only policy; Nyce availability; Authorized product photo; Original Nyce descriptions and application classification,1 image(s) hosted by Macire; rights not cleared - do not reuse,Reject - insufficient reliable information; do not merge similar names or model variants,No reassignment proposed,Not approved - owner review pending; no import authorized
MACIRE-172,3-Stage Hanti ARO4A Reverse Osmosis System,https://macire.co.ke/product/3-stage-hanti-aro4a-reverse-osmosis-system/,2026-10-10,Existing unpublished draft only,,3-stage-hanti-aro4a-reverse-osmosis-system,water-9,water,Borehole & Water Solutions,water-9,Water Treatment,Fits current taxonomy provisionally,Draft exact: 3-stage-hanti-aro4a-reverse-osmosis-system (exact normalized name); Register possible: MACIRE-170 (similar name + same brand; not proof of identity),"Retailer package/installation/warranty terms are not Nyce commitments; do not copy; Possible variant/model-family collision; compare power, capacity, phase, package and sale unit before any merge",Essential attribute: Treatment type; Essential attribute: Flow rate; Essential attribute: Connection size; Manufacturer/owner verification of identity and specifications; Nyce price and date or owner-approved quote-only policy; Nyce availability; Authorized product photo; Original Nyce descriptions and application classification,6 image(s) hosted by Macire; rights not cleared - do not reuse,"Reject - insufficient reliable information; enrich existing record only after verification, do not create duplicate",No reassignment proposed,Not approved - owner review pending; no import authorized
MACIRE-173,65m 2″ Pulsar Petrol Water Pump WP30 – Double Impeller High Pressure – 6.5hp Engine 60000L/H,https://macire.co.ke/product/65m-2-pulsar-petrol-water-pump-wp30-double-impeller-high-pressure-6-5hp-engine-60000l-h/,2026-10-10,New candidate (identity unconfirmed),,,water-10,agriculture,Agriculture & Irrigation,agriculture-9,Farm Irrigation Equipment,Proposed reassignment; pending approval,No match found; absence is not proof of uniqueness,No comparable stated conflict found; unverified/missing values are not agreement,Source product model/SKU; Essential attribute: Irrigation type; Essential attribute: Coverage area; Essential attribute: Pipe / emitter size; Essential attribute: Water source / pressure; Manufacturer/owner verification of identity and specifications; Nyce price and date or owner-approved quote-only policy; Nyce availability; Authorized product photo; Original Nyce descriptions and application classification,6 image(s) hosted by Macire; rights not cleared - do not reuse,Reject - insufficient reliable information; do not merge similar names or model variants,Proposed reassignment water-10 -> agriculture-9; owner approval required,Not approved - owner review pending; no import authorized
MACIRE-174,3″ 14hp Aico Japan Diesel Water Pump – Rope Start – 110m 65000L/Hr,https://macire.co.ke/product/3-14hp-aico-japan-diesel-water-pump-rope-start-110m-65000l-hr/,2026-10-10,New candidate (identity unconfirmed),,,water-10,agriculture,Agriculture & Irrigation,agriculture-9,Farm Irrigation Equipment,Proposed reassignment; pending approval,No match found; absence is not proof of uniqueness,No comparable stated conflict found; unverified/missing values are not agreement,Source product model/SKU; Essential attribute: Irrigation type; Essential attribute: Coverage area; Essential attribute: Pipe / emitter size; Essential attribute: Water source / pressure; Manufacturer/owner verification of identity and specifications; Nyce price and date or owner-approved quote-only policy; Nyce availability; Authorized product photo; Original Nyce descriptions and application classification,4 image(s) hosted by Macire; rights not cleared - do not reuse,Reject - insufficient reliable information; do not merge similar names or model variants,Proposed reassignment water-10 -> agriculture-9; owner approval required,Not approved - owner review pending; no import authorized
MACIRE-175,14hp 3″ 110m 65m3/Hr Milano Diesel Water Pump Rope Start,https://macire.co.ke/product/14hp-3-110m-65m3-hr-milano-diesel-water-pump-rope-start/,2026-10-10,New candidate (identity unconfirmed),,,water-10,agriculture,Agriculture & Irrigation,agriculture-9,Farm Irrigation Equipment,Proposed reassignment; pending approval,No match found; absence is not proof of uniqueness,No comparable stated conflict found; unverified/missing values are not agreement,Source product model/SKU; Essential attribute: Irrigation type; Essential attribute: Coverage area; Essential attribute: Pipe / emitter size; Essential attribute: Water source / pressure; Manufacturer/owner verification of identity and specifications; Nyce price and date or owner-approved quote-only policy; Nyce availability; Authorized product photo; Original Nyce descriptions and application classification,3 image(s) hosted by Macire; rights not cleared - do not reuse,Reject - insufficient reliable information; do not merge similar names or model variants,Proposed reassignment water-10 -> agriculture-9; owner approval required,Not approved - owner review pending; no import authorized
MACIRE-176,450L WASP Concrete Mixer with Diesel Engine Heavy Duty,https://macire.co.ke/product/450l-wasp-concrete-mixer-with-diesel-engine-heavy-duty/,2026-10-10,New candidate (identity unconfirmed),,,construction-1,construction,Construction & Tools,construction-1,Building Equipment,Fits current taxonomy provisionally,No match found; absence is not proof of uniqueness,No comparable stated conflict found; unverified/missing values are not agreement,Source product model/SKU; Essential attribute: Capacity / load; Essential attribute: Power source; Essential attribute: Motor / engine power; Manufacturer/owner verification of identity and specifications; Nyce price and date or owner-approved quote-only policy; Nyce availability; Authorized product photo; Original Nyce descriptions and application classification,4 image(s) hosted by Macire; rights not cleared - do not reuse,Reject - insufficient reliable information; do not merge similar names or model variants,No reassignment proposed,Not approved - owner review pending; no import authorized
MACIRE-177,CONCRETE MIXER,https://macire.co.ke/product/concrete-mixer-2/,2026-10-10,New candidate (identity unconfirmed),,,construction-1,construction,Construction & Tools,construction-1,Building Equipment,Fits current taxonomy provisionally,No match found; absence is not proof of uniqueness,No comparable stated conflict found; unverified/missing values are not agreement,Source product model/SKU; Essential attribute: Capacity / load; Essential attribute: Power source; Essential attribute: Motor / engine power; Manufacturer/owner verification of identity and specifications; Nyce price and date or owner-approved quote-only policy; Nyce availability; Authorized product photo; Original Nyce descriptions and application classification,1 image(s) hosted by Macire; rights not cleared - do not reuse,Reject - insufficient reliable information; do not merge similar names or model variants,No reassignment proposed,Not approved - owner review pending; no import authorized
MACIRE-178,Poker Vibrator Golf Germany HT-ZB50 – Petrol Portable and durable,https://macire.co.ke/product/poker-vibrator-golf-germany-ht-zb50-petrol-portable-and-durable/,2026-10-10,New candidate (identity unconfirmed),,,construction-1,construction,Construction & Tools,construction-1,Building Equipment,Fits current taxonomy provisionally,No match found; absence is not proof of uniqueness,No comparable stated conflict found; unverified/missing values are not agreement,Source product model/SKU; Essential attribute: Capacity / load; Essential attribute: Power source; Essential attribute: Motor / engine power; Manufacturer/owner verification of identity and specifications; Nyce price and date or owner-approved quote-only policy; Nyce availability; Authorized product photo; Original Nyce descriptions and application classification,14 image(s) hosted by Macire; rights not cleared - do not reuse,Reject - insufficient reliable information; do not merge similar names or model variants,No reassignment proposed,Not approved - owner review pending; no import authorized
MACIRE-179,Aico Japan Petrol Poker Vibrator Complete with 45mm Poker Shaft,https://macire.co.ke/product/aico-japan-petrol-poker-vibrator-complete-with-45mm-poker-shaft/,2026-10-10,New candidate (identity unconfirmed),,,construction-1,construction,Construction & Tools,construction-1,Building Equipment,Fits current taxonomy provisionally,No match found; absence is not proof of uniqueness,No comparable stated conflict found; unverified/missing values are not agreement,Source product model/SKU; Essential attribute: Capacity / load; Essential attribute: Motor / engine power; Manufacturer/owner verification of identity and specifications; Nyce price and date or owner-approved quote-only policy; Nyce availability; Authorized product photo; Original Nyce descriptions and application classification,8 image(s) hosted by Macire; rights not cleared - do not reuse,Reject - insufficient reliable information; do not merge similar names or model variants,No reassignment proposed,Not approved - owner review pending; no import authorized
MACIRE-180,90kg Tolsen Gasoline Plate Compactor 86103,https://macire.co.ke/product/90kg-tolsen-gasoline-plate-compactor-86103/,2026-10-10,New candidate,,,construction-1,construction,Construction & Tools,construction-1,Building Equipment,Fits current taxonomy provisionally,No match found; absence is not proof of uniqueness,No comparable stated conflict found; unverified/missing values are not agreement,Essential attribute: Capacity / load; Essential attribute: Motor / engine power; Manufacturer/owner verification of identity and specifications; Nyce price and date or owner-approved quote-only policy; Nyce availability; Authorized product photo; Original Nyce descriptions and application classification,6 image(s) hosted by Macire; rights not cleared - do not reuse,Reject - insufficient reliable information; do not merge similar names or model variants,No reassignment proposed,Not approved - owner review pending; no import authorized
MACIRE-181,Aico Japan Power Trowel with Honda GP160 Engine,https://macire.co.ke/product/aico-japan-power-trowel-with-honda-gp160-engine/,2026-10-10,New candidate (identity unconfirmed),,,construction-2,construction,Construction & Tools,construction-2,Construction Machinery,Fits current taxonomy provisionally,No match found; absence is not proof of uniqueness,No comparable stated conflict found; unverified/missing values are not agreement,Source product model/SKU; Essential attribute: Capacity / load; Essential attribute: Power source; Essential attribute: Motor / engine power; Manufacturer/owner verification of identity and specifications; Nyce price and date or owner-approved quote-only policy; Nyce availability; Authorized product photo; Original Nyce descriptions and application classification,8 image(s) hosted by Macire; rights not cleared - do not reuse,Reject - insufficient reliable information; do not merge similar names or model variants,No reassignment proposed,Not approved - owner review pending; no import authorized
MACIRE-182,Mercury Weldmaster Inverter Welder Evo-300,https://macire.co.ke/product/mercury-weldmaster-inverter-welder-evo-300/,2026-10-10,New candidate,,,construction-3,construction,Construction & Tools,construction-3,Welding Machines & Accessories,Fits current taxonomy provisionally,No match found; absence is not proof of uniqueness,No comparable stated conflict found; unverified/missing values are not agreement,Manufacturer/owner verification of identity and specifications; Nyce price and date or owner-approved quote-only policy; Nyce availability; Authorized product photo; Original Nyce descriptions and application classification,4 image(s) hosted by Macire; rights not cleared - do not reuse,Conditional review candidate - not importable; do not merge similar names or model variants,No reassignment proposed,Not approved - owner review pending; no import authorized
MACIRE-183,200A TOTAL Inverter MMA Welding Machine TW220069 (1~220–240V LED Kit),https://macire.co.ke/product/200a-total-inverter-mma-welding-machine-tw220069-1220-240v-led-kit/,2026-10-10,New candidate (identity unconfirmed),,130a-total-inverter-mma-welding-machine-tw213059-1-220-240v,construction-3,construction,Construction & Tools,construction-3,Welding Machines & Accessories,Fits current taxonomy provisionally,Draft possible: 130a-total-inverter-mma-welding-machine-tw213059-1-220-240v (similar name + same brand; not proof of identity),No comparable stated conflict found; unverified/missing values are not agreement,Source product model/SKU; Essential attribute: Output current (A); Essential attribute: Input voltage (V); Essential attribute: Duty cycle; Manufacturer/owner verification of identity and specifications; Nyce price and date or owner-approved quote-only policy; Nyce availability; Authorized product photo; Original Nyce descriptions and application classification,10 image(s) hosted by Macire; rights not cleared - do not reuse,Reject - insufficient reliable information; do not merge similar names or model variants,No reassignment proposed,Not approved - owner review pending; no import authorized
MACIRE-184,Aico Japan MIG-200I Portable HEAVY DUTY MIG Inverter Welder AMPS AC/DC,https://macire.co.ke/product/aico-japan-mig-200i-portable-heavy-duty-mig-inverter-welder-amps-ac-dc/,2026-10-10,New candidate (identity unconfirmed),,,construction-3,construction,Construction & Tools,construction-3,Welding Machines & Accessories,Fits current taxonomy provisionally,No match found; absence is not proof of uniqueness,No comparable stated conflict found; unverified/missing values are not agreement,Source product model/SKU; Essential attribute: Output current (A); Essential attribute: Input voltage (V); Essential attribute: Duty cycle; Manufacturer/owner verification of identity and specifications; Nyce price and date or owner-approved quote-only policy; Nyce availability; Authorized product photo; Original Nyce descriptions and application classification,4 image(s) hosted by Macire; rights not cleared - do not reuse,Reject - insufficient reliable information; do not merge similar names or model variants,No reassignment proposed,Not approved - owner review pending; no import authorized
MACIRE-185,300A Aico Japan MMA300 Portable Arc Inverter Welding Machine,https://macire.co.ke/product/300a-aico-japan-mma300-portable-arc-inverter-welding-machine/,2026-10-10,New candidate (identity unconfirmed),,,construction-3,construction,Construction & Tools,construction-3,Welding Machines & Accessories,Fits current taxonomy provisionally,No match found; absence is not proof of uniqueness,No comparable stated conflict found; unverified/missing values are not agreement,Source product model/SKU; Essential attribute: Output current (A); Essential attribute: Input voltage (V); Essential attribute: Duty cycle; Manufacturer/owner verification of identity and specifications; Nyce price and date or owner-approved quote-only policy; Nyce availability; Authorized product photo; Original Nyce descriptions and application classification,7 image(s) hosted by Macire; rights not cleared - do not reuse,Reject - insufficient reliable information; do not merge similar names or model variants,No reassignment proposed,Not approved - owner review pending; no import authorized
MACIRE-186,Riland MIG 350 Welding Machine,https://macire.co.ke/product/riland-mig-350-welding-machine/,2026-10-10,New candidate (identity unconfirmed),,,construction-3,construction,Construction & Tools,construction-3,Welding Machines & Accessories,Fits current taxonomy provisionally,No match found; absence is not proof of uniqueness,No comparable stated conflict found; unverified/missing values are not agreement,Source product model/SKU; Essential attribute: Output current (A); Essential attribute: Input voltage (V); Essential attribute: Duty cycle; Manufacturer/owner verification of identity and specifications; Nyce price and date or owner-approved quote-only policy; Nyce availability; Authorized product photo; Original Nyce descriptions and application classification,4 image(s) hosted by Macire; rights not cleared - do not reuse,Reject - insufficient reliable information; do not merge similar names or model variants,No reassignment proposed,Not approved - owner review pending; no import authorized
MACIRE-187,Planer Blade 16” for ML393 Woodworking Table Saw Spare,https://macire.co.ke/product/planer-blade-16-for-ml393-woodworking-table-saw-spare/,2026-10-10,New candidate (identity unconfirmed),,,construction-4,construction,Construction & Tools,construction-4,Wood Working & Carpentry,Fits current taxonomy provisionally,Register possible: MACIRE-188 (similar name + same brand; not proof of identity),"Possible variant/model-family collision; compare power, capacity, phase, package and sale unit before any merge",Source product model/SKU; Essential attribute: Power (W) / battery (V); Essential attribute: Tool type; Essential attribute: Chuck / blade size; Manufacturer/owner verification of identity and specifications; Nyce price and date or owner-approved quote-only policy; Nyce availability; Authorized product photo; Original Nyce descriptions and application classification,3 image(s) hosted by Macire; rights not cleared - do not reuse,Reject - insufficient reliable information; do not merge similar names or model variants,No reassignment proposed,Not approved - owner review pending; no import authorized
MACIRE-188,Planer Shaft for Ml393 Woodworking Table Saw Spare,https://macire.co.ke/product/planer-shaft-for-ml393-woodworking-table-saw-spare/,2026-10-10,New candidate (identity unconfirmed),,,construction-4,construction,Construction & Tools,construction-4,Wood Working & Carpentry,Fits current taxonomy provisionally,Register possible: MACIRE-187 (similar name + same brand; not proof of identity),"Possible variant/model-family collision; compare power, capacity, phase, package and sale unit before any merge",Source product model/SKU; Essential attribute: Power (W) / battery (V); Essential attribute: Tool type; Essential attribute: Chuck / blade size; Manufacturer/owner verification of identity and specifications; Nyce price and date or owner-approved quote-only policy; Nyce availability; Authorized product photo; Original Nyce descriptions and application classification,3 image(s) hosted by Macire; rights not cleared - do not reuse,Reject - insufficient reliable information; do not merge similar names or model variants,No reassignment proposed,Not approved - owner review pending; no import authorized
MACIRE-189,Tolsen Jigsaw 800w Variable Speed,https://macire.co.ke/product/tolsen-jigsaw-800w-variable-speed/,2026-10-10,New candidate (identity unconfirmed),,,construction-4,construction,Construction & Tools,construction-4,Wood Working & Carpentry,Fits current taxonomy provisionally,No match found; absence is not proof of uniqueness,No comparable stated conflict found; unverified/missing values are not agreement,Source brand; Source product model/SKU; Essential attribute: Power (W) / battery (V); Essential attribute: Tool type; Essential attribute: Chuck / blade size; Manufacturer/owner verification of identity and specifications; Nyce price and date or owner-approved quote-only policy; Nyce availability; Authorized product photo; Original Nyce descriptions and application classification,2 image(s) hosted by Macire; rights not cleared - do not reuse,Reject - insufficient reliable information; do not merge similar names or model variants,No reassignment proposed,Not approved - owner review pending; no import authorized
MACIRE-190,Original! Husqvarna 272 XP Power Saw – Forestry & Timber Cutting,https://macire.co.ke/product/original-husqvarna-272-xp-power-saw-forestry-timber-cutting/,2026-10-10,New candidate,,,construction-4,construction,Construction & Tools,construction-4,Wood Working & Carpentry,Fits current taxonomy provisionally,No match found; absence is not proof of uniqueness,No comparable stated conflict found; unverified/missing values are not agreement,Source brand; Essential attribute: Power (W) / battery (V); Essential attribute: Tool type; Essential attribute: Chuck / blade size; Manufacturer/owner verification of identity and specifications; Nyce price and date or owner-approved quote-only policy; Nyce availability; Authorized product photo; Original Nyce descriptions and application classification,16 image(s) hosted by Macire; rights not cleared - do not reuse,Reject - insufficient reliable information; do not merge similar names or model variants,No reassignment proposed,Not approved - owner review pending; no import authorized
MACIRE-191,Lida Woodworking Table Saw – Workshop Wood Cutting Machine,https://macire.co.ke/product/lida-woodworking-table-saw-workshop-wood-cutting-machine/,2026-10-10,New candidate (identity unconfirmed),,,construction-4,construction,Construction & Tools,construction-4,Wood Working & Carpentry,Fits current taxonomy provisionally,No match found; absence is not proof of uniqueness,No comparable stated conflict found; unverified/missing values are not agreement,Source product model/SKU; Essential attribute: Tool type; Manufacturer/owner verification of identity and specifications; Nyce price and date or owner-approved quote-only policy; Nyce availability; Authorized product photo; Original Nyce descriptions and application classification,6 image(s) hosted by Macire; rights not cleared - do not reuse,Reject - insufficient reliable information; do not merge similar names or model variants,No reassignment proposed,Not approved - owner review pending; no import authorized
MACIRE-192,SILVERLINE TRUCK SACK 120KG,https://macire.co.ke/product/silverline-truck-sack-120kg/,2026-10-10,New candidate (identity unconfirmed),,,construction-5,construction,Construction & Tools,construction-5,Power & Hand Tools,Sack truck is not a power/hand tool; possible Building Equipment requires owner review,No match found; absence is not proof of uniqueness,No comparable stated conflict found; unverified/missing values are not agreement,Source brand; Source product model/SKU; Essential attribute: Power (W) / battery (V); Essential attribute: Tool type; Essential attribute: Chuck / blade size; Manufacturer/owner verification of identity and specifications; Nyce price and date or owner-approved quote-only policy; Nyce availability; Authorized product photo; Original Nyce descriptions and application classification,1 image(s) hosted by Macire; rights not cleared - do not reuse,Reject - taxonomy fit not established; do not merge similar names or model variants,Rejected placement requires owner taxonomy/fit review; no category change authorized,Not approved - owner review pending; no import authorized
MACIRE-193,Tolsen Industrial 1/2″ Air Impact Wrench,https://macire.co.ke/product/tolsen-industrial-1-2-air-impact-wrench/,2026-10-10,New candidate (identity unconfirmed),,,construction-5,construction,Construction & Tools,construction-5,Power & Hand Tools,Fits current taxonomy provisionally,No match found; absence is not proof of uniqueness,No comparable stated conflict found; unverified/missing values are not agreement,Source brand; Source product model/SKU; Essential attribute: Power (W) / battery (V); Essential attribute: Tool type; Essential attribute: Chuck / blade size; Manufacturer/owner verification of identity and specifications; Nyce price and date or owner-approved quote-only policy; Nyce availability; Authorized product photo; Original Nyce descriptions and application classification,4 image(s) hosted by Macire; rights not cleared - do not reuse,Reject - insufficient reliable information; do not merge similar names or model variants,No reassignment proposed,Not approved - owner review pending; no import authorized
MACIRE-194,MAKITA PW5001C POLISHER STONE(MARBLE/GRANITE) 7” 900W,https://macire.co.ke/product/makita-pw5001c-polisher-stonemarble-granite-7-900w/,2026-10-10,New candidate (identity unconfirmed),,,construction-5,construction,Construction & Tools,construction-5,Power & Hand Tools,Fits current taxonomy provisionally,No match found; absence is not proof of uniqueness,No comparable stated conflict found; unverified/missing values are not agreement,Source brand; Source product model/SKU; Essential attribute: Power (W) / battery (V); Essential attribute: Tool type; Essential attribute: Chuck / blade size; Manufacturer/owner verification of identity and specifications; Nyce price and date or owner-approved quote-only policy; Nyce availability; Authorized product photo; Original Nyce descriptions and application classification,1 image(s) hosted by Macire; rights not cleared - do not reuse,Reject - insufficient reliable information; do not merge similar names or model variants,No reassignment proposed,Not approved - owner review pending; no import authorized
MACIRE-195,750Watts CAT Impact Drill DX17,https://macire.co.ke/product/750watts-cat-impact-drill-dx17/,2026-10-10,New candidate (identity unconfirmed),,,construction-5,construction,Construction & Tools,construction-5,Power & Hand Tools,Fits current taxonomy provisionally,No match found; absence is not proof of uniqueness,No comparable stated conflict found; unverified/missing values are not agreement,Source product model/SKU; Essential attribute: Power (W) / battery (V); Essential attribute: Tool type; Essential attribute: Chuck / blade size; Manufacturer/owner verification of identity and specifications; Nyce price and date or owner-approved quote-only policy; Nyce availability; Authorized product photo; Original Nyce descriptions and application classification,6 image(s) hosted by Macire; rights not cleared - do not reuse,Reject - insufficient reliable information; do not merge similar names or model variants,No reassignment proposed,Not approved - owner review pending; no import authorized
MACIRE-196,2-Stroke Premier Brush Cutter – Heavy-Duty Grass & Weed Clearing Machine,https://macire.co.ke/product/2-stroke-premier-brush-cutter-heavy-duty-grass-weed-clearing-machine/,2026-10-10,New candidate (identity unconfirmed),,,construction-5,construction,Construction & Tools,construction-10,Gardening & Lawn Mowers,Proposed reassignment; pending approval,No match found; absence is not proof of uniqueness,No comparable stated conflict found; unverified/missing values are not agreement,Source product model/SKU; Essential attribute: Engine power; Essential attribute: Cutting width; Essential attribute: Fuel; Manufacturer/owner verification of identity and specifications; Nyce price and date or owner-approved quote-only policy; Nyce availability; Authorized product photo; Original Nyce descriptions and application classification,8 image(s) hosted by Macire; rights not cleared - do not reuse,Reject - insufficient reliable information; do not merge similar names or model variants,Proposed reassignment construction-5 -> construction-10; owner approval required,Not approved - owner review pending; no import authorized
MACIRE-197,0.75kW 1.0HP TOTAL Sewage Submersible Pump Electric AC TWP87506 750w (Dirty Water 8m Head 217L/min),https://macire.co.ke/product/0-75kw-1-0hp-total-sewage-submersible-pump-electric-ac-twp87506-750w-dirty-water-8m-head-217l-min/,2026-10-10,New candidate (identity unconfirmed),,,construction-6,construction,Construction & Tools,construction-6,Plumbing & Sewage Pumps,Fits current taxonomy provisionally,No match found; absence is not proof of uniqueness,No comparable stated conflict found; unverified/missing values are not agreement,Source product model/SKU; Essential attribute: Motor power (kW / HP); Essential attribute: Maximum head (m); Essential attribute: Maximum flow (m3/h); Essential attribute: Power supply (V / phase / DC); Essential attribute: Outlet size; Manufacturer/owner verification of identity and specifications; Nyce price and date or owner-approved quote-only policy; Nyce availability; Authorized product photo; Original Nyce descriptions and application classification,7 image(s) hosted by Macire; rights not cleared - do not reuse,Reject - insufficient reliable information; do not merge similar names or model variants,No reassignment proposed,Not approved - owner review pending; no import authorized
MACIRE-198,2.2kW 3″ TOTAL Sewage Submersible Pump Electric 3hp AC TWP7220026 (633L/min),https://macire.co.ke/product/2-2kw-3-total-sewage-submersible-pump-electric-3hp-ac-twp7220026-633l-min/,2026-10-10,New candidate (identity unconfirmed),,,construction-6,construction,Construction & Tools,construction-6,Plumbing & Sewage Pumps,Fits current taxonomy provisionally,No match found; absence is not proof of uniqueness,No comparable stated conflict found; unverified/missing values are not agreement,Source product model/SKU; Essential attribute: Motor power (kW / HP); Essential attribute: Maximum head (m); Essential attribute: Maximum flow (m3/h); Essential attribute: Power supply (V / phase / DC); Essential attribute: Outlet size; Manufacturer/owner verification of identity and specifications; Nyce price and date or owner-approved quote-only policy; Nyce availability; Authorized product photo; Original Nyce descriptions and application classification,7 image(s) hosted by Macire; rights not cleared - do not reuse,Reject - insufficient reliable information; do not merge similar names or model variants,No reassignment proposed,Not approved - owner review pending; no import authorized
MACIRE-199,5hp 10m Sewage Pump Shallow Well Water Pump QXD,https://macire.co.ke/product/5hp-10m-sewage-pump-shallow-well-water-pump-qxd/,2026-10-10,New candidate (identity unconfirmed),,,construction-6,construction,Construction & Tools,construction-6,Plumbing & Sewage Pumps,Fits current taxonomy provisionally,No match found; absence is not proof of uniqueness,No comparable stated conflict found; unverified/missing values are not agreement,Source product model/SKU; Essential attribute: Motor power (kW / HP); Essential attribute: Maximum head (m); Essential attribute: Maximum flow (m3/h); Essential attribute: Power supply (V / phase / DC); Essential attribute: Outlet size; Manufacturer/owner verification of identity and specifications; Nyce price and date or owner-approved quote-only policy; Nyce availability; Authorized product photo; Original Nyce descriptions and application classification,4 image(s) hosted by Macire; rights not cleared - do not reuse,Reject - insufficient reliable information; do not merge similar names or model variants,No reassignment proposed,Not approved - owner review pending; no import authorized
MACIRE-200,3-Inch Aico Japan ACP30T Petrol Sewage Pump,https://macire.co.ke/product/3-inch-aico-japan-acp30t-petrol-sewage-pump/,2026-10-10,Existing unpublished draft only,,3-inch-aico-japan-acp30t-petrol-sewage-pump,construction-6,construction,Construction & Tools,construction-6,Plumbing & Sewage Pumps,Fits current taxonomy provisionally,Draft exact: 3-inch-aico-japan-acp30t-petrol-sewage-pump (exact normalized name),No comparable stated conflict found; unverified/missing values are not agreement,Essential attribute: Motor power (kW / HP); Essential attribute: Maximum head (m); Essential attribute: Maximum flow (m3/h); Essential attribute: Power supply (V / phase / DC); Essential attribute: Outlet size; Manufacturer/owner verification of identity and specifications; Nyce price and date or owner-approved quote-only policy; Nyce availability; Authorized product photo; Original Nyce descriptions and application classification,5 image(s) hosted by Macire; rights not cleared - do not reuse,"Reject - insufficient reliable information; enrich existing record only after verification, do not create duplicate",No reassignment proposed,Not approved - owner review pending; no import authorized
MACIRE-201,"15HP Aico Japan WQD10-130 Sewage Submersible Pump – 11KW, 170m Head, Three Phase, 2-Inch Outlet",https://macire.co.ke/product/15hp-aico-japan-wqd10-130-sewage-submersible-pump-11kw-170m-head-three-phase-2-inch-outlet/,2026-10-10,New candidate (identity unconfirmed),,,construction-6,construction,Construction & Tools,construction-6,Plumbing & Sewage Pumps,Fits current taxonomy provisionally,No match found; absence is not proof of uniqueness,No comparable stated conflict found; unverified/missing values are not agreement,Source product model/SKU; Essential attribute: Motor power (kW / HP); Essential attribute: Maximum head (m); Essential attribute: Maximum flow (m3/h); Essential attribute: Power supply (V / phase / DC); Essential attribute: Outlet size; Manufacturer/owner verification of identity and specifications; Nyce price and date or owner-approved quote-only policy; Nyce availability; Authorized product photo; Original Nyce descriptions and application classification,6 image(s) hosted by Macire; rights not cleared - do not reuse,Reject - insufficient reliable information; do not merge similar names or model variants,No reassignment proposed,Not approved - owner review pending; no import authorized
MACIRE-202,Camire UK 6MP Wireless Solar Security Camera – 4G Triple-Lens PTZ,https://macire.co.ke/product/camire-uk-6mp-4g-solar-security-camera-with-ptz/,2026-10-10,Existing unpublished draft only,,camire-uk-6mp-wireless-solar-security-camera-4g-triple-lens,construction-7,construction,Construction & Tools,construction-7,Security,Fits current taxonomy provisionally,Draft exact: camire-uk-6mp-wireless-solar-security-camera-4g-triple-lens (exact normalized name),No comparable stated conflict found; unverified/missing values are not agreement,Source product model/SKU; Essential attribute: Resolution; Essential attribute: Power supply; Manufacturer/owner verification of identity and specifications; Nyce price and date or owner-approved quote-only policy; Nyce availability; Authorized product photo; Original Nyce descriptions and application classification,6 image(s) hosted by Macire; rights not cleared - do not reuse,"Reject - insufficient reliable information; enrich existing record only after verification, do not create duplicate",No reassignment proposed,Not approved - owner review pending; no import authorized
MACIRE-203,"Bolesi Q19 Premium Digital Smart Lock – Fingerprint, WiFi, App Control & Multiple Access Modes",https://macire.co.ke/product/bolesi-q19-premium-digital-smart-lock-fingerprint-wifi-app-control-multiple-access-modes/,2026-10-10,Existing unpublished draft only,,bolesi-q19-premium-digital-smart-lock-fingerprint-wifi-app-c,construction-7,construction,Construction & Tools,construction-7,Security,Fits current taxonomy provisionally,Draft exact: bolesi-q19-premium-digital-smart-lock-fingerprint-wifi-app-c (exact normalized name),No comparable stated conflict found; unverified/missing values are not agreement,Essential attribute: Resolution; Essential attribute: Power supply; Manufacturer/owner verification of identity and specifications; Nyce price and date or owner-approved quote-only policy; Nyce availability; Authorized product photo; Original Nyce descriptions and application classification,7 image(s) hosted by Macire; rights not cleared - do not reuse,"Reject - insufficient reliable information; enrich existing record only after verification, do not create duplicate",No reassignment proposed,Not approved - owner review pending; no import authorized
MACIRE-204,Bolesi A5PRO Digital Smart Door Lock,https://macire.co.ke/product/bolesi-a5pro-smart-door-lock-wifi-biometric/,2026-10-10,Existing unpublished draft only,,bolesi-a5pro-digital-smart-door-lock | bolesi-g1f-n9-digital-smart-door-lock,construction-7,construction,Construction & Tools,construction-7,Security,Fits current taxonomy provisionally,Draft exact: bolesi-a5pro-digital-smart-door-lock (exact normalized name); Draft possible: bolesi-g1f-n9-digital-smart-door-lock (similar name + same brand; not proof of identity); Register possible: MACIRE-205 (similar name + same brand; not proof of identity),"MACIRE-205 model: catalogue=G1F-N9; source=A5PRO; MACIRE-205 spec Model: catalogue=G1F-N9; source=A5PRO (unit/meaning review needed); MACIRE-205 spec Access Methods: catalogue=Fingerprint, PIN, RFID Card, Mechanical Key; source=Fingerprint, PIN, RFID, App, Mechanical Key (unit/meaning review needed); MACIRE-205 spec Power Supply: catalogue=4 × AA Alkaline Batteries; source=4–8 × AA Alkaline Batteries (unit/meaning review needed); MACIRE-205 spec Material: catalogue=Zinc Alloy; source=Zinc Alloy + Tempered Glass (unit/meaning review needed); Possible variant/model-family collision; compare power, capacity, phase, package and sale unit before any merge",Essential attribute: Resolution; Manufacturer/owner verification of identity and specifications; Nyce price and date or owner-approved quote-only policy; Nyce availability; Authorized product photo; Original Nyce descriptions and application classification,8 image(s) hosted by Macire; rights not cleared - do not reuse,"Reject - insufficient reliable information; enrich existing record only after verification, do not create duplicate",No reassignment proposed,Not approved - owner review pending; no import authorized
MACIRE-205,Bolesi G1F-N9 Digital Smart Door Lock,https://macire.co.ke/product/bolesi-g1f-n9-smart-door-lock-biometric/,2026-10-10,Existing unpublished draft only,,bolesi-g1f-n9-digital-smart-door-lock | bolesi-a5pro-digital-smart-door-lock,construction-7,construction,Construction & Tools,construction-7,Security,Fits current taxonomy provisionally,Draft exact: bolesi-g1f-n9-digital-smart-door-lock (exact normalized name); Draft possible: bolesi-a5pro-digital-smart-door-lock (similar name + same brand; not proof of identity); Register possible: MACIRE-204 (similar name + same brand; not proof of identity),"MACIRE-204 model: catalogue=A5PRO; source=G1F-N9; MACIRE-204 spec Model: catalogue=A5PRO; source=G1F-N9 (unit/meaning review needed); MACIRE-204 spec Access Methods: catalogue=Fingerprint, PIN, RFID, App, Mechanical Key; source=Fingerprint, PIN, RFID Card, Mechanical Key (unit/meaning review needed); MACIRE-204 spec Power Supply: catalogue=4–8 × AA Alkaline Batteries; source=4 × AA Alkaline Batteries (unit/meaning review needed); MACIRE-204 spec Material: catalogue=Zinc Alloy + Tempered Glass; source=Zinc Alloy (unit/meaning review needed); Possible variant/model-family collision; compare power, capacity, phase, package and sale unit before any merge",Essential attribute: Resolution; Essential attribute: Connectivity; Manufacturer/owner verification of identity and specifications; Nyce price and date or owner-approved quote-only policy; Nyce availability; Authorized product photo; Original Nyce descriptions and application classification,7 image(s) hosted by Macire; rights not cleared - do not reuse,"Reject - insufficient reliable information; enrich existing record only after verification, do not create duplicate",No reassignment proposed,Not approved - owner review pending; no import authorized
MACIRE-206,New! Macire Safety Locker Safe Box ???????? – Size 30cm x 38cm x 30cm – Model 3027,https://macire.co.ke/product/new-macire-safety-locker-safe-box-%f0%9f%94%90%f0%9f%92%8e-size-30cm-x-38cm-x-30cm-model-3027/,2026-10-10,Existing unpublished draft only,,new-macire-safety-locker-safe-box-size-30cm-x-38cm-x-30cm-mo,construction-7,construction,Construction & Tools,construction-7,Security,Fits current taxonomy provisionally,Draft exact: new-macire-safety-locker-safe-box-size-30cm-x-38cm-x-30cm-mo (exact normalized name),No comparable stated conflict found; unverified/missing values are not agreement,Source product model/SKU; Essential attribute: Resolution; Essential attribute: Power supply; Essential attribute: Connectivity; Manufacturer/owner verification of identity and specifications; Nyce price and date or owner-approved quote-only policy; Nyce availability; Authorized product photo; Original Nyce descriptions and application classification,8 image(s) hosted by Macire; rights not cleared - do not reuse,"Reject - insufficient reliable information; enrich existing record only after verification, do not create duplicate",No reassignment proposed,Not approved - owner review pending; no import authorized
MACIRE-207,6 Step Ladder Red Foldable – Heavy Duty,https://macire.co.ke/product/6-step-ladder-red-foldable-heavy-duty/,2026-10-10,New candidate (identity unconfirmed),,,construction-8,construction,Construction & Tools,construction-8,Ladders,Fits current taxonomy provisionally,Register possible: MACIRE-208 (similar name + same brand; not proof of identity),"Possible variant/model-family collision; compare power, capacity, phase, package and sale unit before any merge",Source product model/SKU; Essential attribute: Working height / steps; Essential attribute: Material; Essential attribute: Load rating (kg); Manufacturer/owner verification of identity and specifications; Nyce price and date or owner-approved quote-only policy; Nyce availability; Authorized product photo; Original Nyce descriptions and application classification,4 image(s) hosted by Macire; rights not cleared - do not reuse,Reject - insufficient reliable information; do not merge similar names or model variants,No reassignment proposed,Not approved - owner review pending; no import authorized
MACIRE-208,5 Step Ladder Red Foldable – Heavy Duty,https://macire.co.ke/product/5-step-ladder-red-foldable-heavy-duty/,2026-10-10,New candidate (identity unconfirmed),,,construction-8,construction,Construction & Tools,construction-8,Ladders,Fits current taxonomy provisionally,Register possible: MACIRE-207 (similar name + same brand; not proof of identity),"Possible variant/model-family collision; compare power, capacity, phase, package and sale unit before any merge",Source product model/SKU; Essential attribute: Working height / steps; Essential attribute: Material; Essential attribute: Load rating (kg); Manufacturer/owner verification of identity and specifications; Nyce price and date or owner-approved quote-only policy; Nyce availability; Authorized product photo; Original Nyce descriptions and application classification,5 image(s) hosted by Macire; rights not cleared - do not reuse,Reject - insufficient reliable information; do not merge similar names or model variants,No reassignment proposed,Not approved - owner review pending; no import authorized
MACIRE-209,A’ Type 5 Steps Aluminum Ladder,https://macire.co.ke/product/a-type-5-steps-aluminum-ladder/,2026-10-10,New candidate (identity unconfirmed),,,construction-8,construction,Construction & Tools,construction-8,Ladders,Fits current taxonomy provisionally,No match found; absence is not proof of uniqueness,No comparable stated conflict found; unverified/missing values are not agreement,Source brand; Source product model/SKU; Essential attribute: Working height / steps; Essential attribute: Material; Essential attribute: Load rating (kg); Manufacturer/owner verification of identity and specifications; Nyce price and date or owner-approved quote-only policy; Nyce availability; Authorized product photo; Original Nyce descriptions and application classification,3 image(s) hosted by Macire; rights not cleared - do not reuse,Reject - insufficient reliable information; do not merge similar names or model variants,No reassignment proposed,Not approved - owner review pending; no import authorized
MACIRE-210,6-Step Premier Steel Folding Lightweight Multipurpose Ladder,https://macire.co.ke/product/6-step-premier-steel-folding-lightweight-multipurpose-ladder/,2026-10-10,Existing unpublished draft only,,6-step-premier-steel-folding-lightweight-multipurpose-ladder | 5-step-premier-steel-folding-lightweight-multipurpose-ladder,construction-8,construction,Construction & Tools,construction-8,Ladders,Fits current taxonomy provisionally,Draft exact: 6-step-premier-steel-folding-lightweight-multipurpose-ladder (exact normalized name); Draft possible: 5-step-premier-steel-folding-lightweight-multipurpose-ladder (similar name + same brand; not proof of identity); Register possible: MACIRE-211 (similar name + same brand; not proof of identity),"MACIRE-211 spec Number of Steps: catalogue=5; source=6 (unit/meaning review needed); MACIRE-211 spec Applications: catalogue=Residential, Commercial & Industrial; source=Home, Commercial & Industrial (unit/meaning review needed); Possible variant/model-family collision; compare power, capacity, phase, package and sale unit before any merge",Source product model/SKU; Essential attribute: Working height / steps; Essential attribute: Load rating (kg); Manufacturer/owner verification of identity and specifications; Nyce price and date or owner-approved quote-only policy; Nyce availability; Authorized product photo; Original Nyce descriptions and application classification,5 image(s) hosted by Macire; rights not cleared - do not reuse,"Reject - insufficient reliable information; enrich existing record only after verification, do not create duplicate",No reassignment proposed,Not approved - owner review pending; no import authorized
MACIRE-211,5-Step Premier Steel Folding Lightweight Multipurpose Ladder,https://macire.co.ke/product/5-step-premier-steel-folding-lightweight-multipurpose-ladder/,2026-10-10,Existing unpublished draft only,,5-step-premier-steel-folding-lightweight-multipurpose-ladder | 6-step-premier-steel-folding-lightweight-multipurpose-ladder,construction-8,construction,Construction & Tools,construction-8,Ladders,Fits current taxonomy provisionally,Draft exact: 5-step-premier-steel-folding-lightweight-multipurpose-ladder (exact normalized name); Draft possible: 6-step-premier-steel-folding-lightweight-multipurpose-ladder (similar name + same brand; not proof of identity); Register possible: MACIRE-210 (similar name + same brand; not proof of identity),"MACIRE-210 spec Number of Steps: catalogue=6; source=5 (unit/meaning review needed); MACIRE-210 spec Applications: catalogue=Home, Commercial & Industrial; source=Residential, Commercial & Industrial (unit/meaning review needed); Possible variant/model-family collision; compare power, capacity, phase, package and sale unit before any merge",Source product model/SKU; Essential attribute: Working height / steps; Essential attribute: Load rating (kg); Manufacturer/owner verification of identity and specifications; Nyce price and date or owner-approved quote-only policy; Nyce availability; Authorized product photo; Original Nyce descriptions and application classification,4 image(s) hosted by Macire; rights not cleared - do not reuse,"Reject - insufficient reliable information; enrich existing record only after verification, do not create duplicate",No reassignment proposed,Not approved - owner review pending; no import authorized
MACIRE-212,5kg Carbon Dioxide CO2 Fire Extinguisher Premier Germany Technology,https://macire.co.ke/product/5kg-carbon-dioxide-co2-fire-extinguisher-premier-germany-technology/,2026-10-10,Existing unpublished draft only,,5kg-carbon-dioxide-co2-fire-extinguisher-premier-germany-tec | 9kgs-abc-dry-powder-fire-extinguisher-premier-germany-techno,construction-9,construction,Construction & Tools,construction-9,Fire Safety Equipment,Fits current taxonomy provisionally,Draft exact: 5kg-carbon-dioxide-co2-fire-extinguisher-premier-germany-tec (exact normalized name); Draft possible: 9kgs-abc-dry-powder-fire-extinguisher-premier-germany-techno (similar name + same brand; not proof of identity); Register possible: MACIRE-213 (similar name + same brand; not proof of identity),"Possible variant/model-family collision; compare power, capacity, phase, package and sale unit before any merge",Source product model/SKU; Essential attribute: Extinguishing agent; Essential attribute: Capacity (kg / L); Essential attribute: Fire classes; Manufacturer/owner verification of identity and specifications; Nyce price and date or owner-approved quote-only policy; Nyce availability; Authorized product photo; Original Nyce descriptions and application classification,4 image(s) hosted by Macire; rights not cleared - do not reuse,"Reject - insufficient reliable information; enrich existing record only after verification, do not create duplicate",No reassignment proposed,Not approved - owner review pending; no import authorized
MACIRE-213,9kgs ABC Dry Powder Fire Extinguisher Premier Germany Technology,https://macire.co.ke/product/9kgs-abc-dry-powder-fire-extinguisher-premier-germany-technology/,2026-10-10,Existing unpublished draft only,,9kgs-abc-dry-powder-fire-extinguisher-premier-germany-techno | 5kg-carbon-dioxide-co2-fire-extinguisher-premier-germany-tec,construction-9,construction,Construction & Tools,construction-9,Fire Safety Equipment,Fits current taxonomy provisionally,Draft exact: 9kgs-abc-dry-powder-fire-extinguisher-premier-germany-techno (exact normalized name); Draft possible: 5kg-carbon-dioxide-co2-fire-extinguisher-premier-germany-tec (similar name + same brand; not proof of identity); Register possible: MACIRE-212 (similar name + same brand; not proof of identity),"Possible variant/model-family collision; compare power, capacity, phase, package and sale unit before any merge",Source product model/SKU; Essential attribute: Extinguishing agent; Essential attribute: Capacity (kg / L); Essential attribute: Fire classes; Manufacturer/owner verification of identity and specifications; Nyce price and date or owner-approved quote-only policy; Nyce availability; Authorized product photo; Original Nyce descriptions and application classification,5 image(s) hosted by Macire; rights not cleared - do not reuse,"Reject - insufficient reliable information; enrich existing record only after verification, do not create duplicate",No reassignment proposed,Not approved - owner review pending; no import authorized
MACIRE-214,16″ 3.5hp 123cc Lawn Mower Loncin Germany Brand Hand Push LYS16,https://macire.co.ke/product/16-3-5hp-123cc-lawn-mower-loncin-germany-brand-hand-push-lys16/,2026-10-10,New candidate (identity unconfirmed),,,construction-10,construction,Construction & Tools,construction-10,Gardening & Lawn Mowers,Fits current taxonomy provisionally,Register possible: MACIRE-215 (similar name + same brand; not proof of identity),"Possible variant/model-family collision; compare power, capacity, phase, package and sale unit before any merge",Source product model/SKU; Essential attribute: Engine power; Essential attribute: Cutting width; Essential attribute: Fuel; Manufacturer/owner verification of identity and specifications; Nyce price and date or owner-approved quote-only policy; Nyce availability; Authorized product photo; Original Nyce descriptions and application classification,4 image(s) hosted by Macire; rights not cleared - do not reuse,Reject - insufficient reliable information; do not merge similar names or model variants,No reassignment proposed,Not approved - owner review pending; no import authorized
MACIRE-215,18″ 4hp 139cc Lawn Mower Loncin Germany Brand hand push LYS18,https://macire.co.ke/product/18-4hp-139cc-lawn-mower-loncin-germany-brand-hand-push-lys18/,2026-10-10,New candidate (identity unconfirmed),,,construction-10,construction,Construction & Tools,construction-10,Gardening & Lawn Mowers,Fits current taxonomy provisionally,Register possible: MACIRE-214 (similar name + same brand; not proof of identity),"Possible variant/model-family collision; compare power, capacity, phase, package and sale unit before any merge",Source product model/SKU; Essential attribute: Engine power; Essential attribute: Cutting width; Essential attribute: Fuel; Manufacturer/owner verification of identity and specifications; Nyce price and date or owner-approved quote-only policy; Nyce availability; Authorized product photo; Original Nyce descriptions and application classification,4 image(s) hosted by Macire; rights not cleared - do not reuse,Reject - insufficient reliable information; do not merge similar names or model variants,No reassignment proposed,Not approved - owner review pending; no import authorized
MACIRE-216,21-Inch Briggs & Stratton WYS21 Lawn Mower – Wide-Cut Lawn Maintenance,https://macire.co.ke/product/21-inch-briggs-stratton-wys21-lawn-mower-wide-cut-lawn-maintenance/,2026-10-10,New candidate,,,construction-10,construction,Construction & Tools,construction-10,Gardening & Lawn Mowers,Fits current taxonomy provisionally,No match found; absence is not proof of uniqueness,No comparable stated conflict found; unverified/missing values are not agreement,Essential attribute: Engine power; Essential attribute: Cutting width; Essential attribute: Fuel; Manufacturer/owner verification of identity and specifications; Nyce price and date or owner-approved quote-only policy; Nyce availability; Authorized product photo; Original Nyce descriptions and application classification,7 image(s) hosted by Macire; rights not cleared - do not reuse,Reject - insufficient reliable information; do not merge similar names or model variants,No reassignment proposed,Not approved - owner review pending; no import authorized
MACIRE-217,16 Inches AICO Japan Manual Lawn Mower AC16MW,https://macire.co.ke/product/16-inches-aico-japan-manual-lawn-mower-ac16mw/,2026-10-10,New candidate,,,construction-10,construction,Construction & Tools,construction-10,Gardening & Lawn Mowers,Fits current taxonomy provisionally,No match found; absence is not proof of uniqueness,No comparable stated conflict found; unverified/missing values are not agreement,Source brand; Essential attribute: Engine power; Essential attribute: Fuel; Manufacturer/owner verification of identity and specifications; Nyce price and date or owner-approved quote-only policy; Nyce availability; Authorized product photo; Original Nyce descriptions and application classification,6 image(s) hosted by Macire; rights not cleared - do not reuse,Reject - insufficient reliable information; do not merge similar names or model variants,No reassignment proposed,Not approved - owner review pending; no import authorized
MACIRE-218,"20” 170cc Toller Lawn Mower, Self Propelled",https://macire.co.ke/product/20-170cc-toller-lawn-mower-self-propelled-copy/,2026-10-10,New candidate,,18-140cc-toller-lawn-mower-self-propelled,construction-10,construction,Construction & Tools,construction-10,Gardening & Lawn Mowers,Fits current taxonomy provisionally,Draft possible: 18-140cc-toller-lawn-mower-self-propelled (similar name + same brand; not proof of identity),Retailer package/installation/warranty terms are not Nyce commitments; do not copy,Essential attribute: Engine power; Essential attribute: Fuel; Manufacturer/owner verification of identity and specifications; Nyce price and date or owner-approved quote-only policy; Nyce availability; Authorized product photo; Original Nyce descriptions and application classification,4 image(s) hosted by Macire; rights not cleared - do not reuse,Reject - insufficient reliable information; do not merge similar names or model variants,No reassignment proposed,Not approved - owner review pending; no import authorized
MACIRE-219,"6.8kVA Cigma-UK Petrol Generator (5.0kW Rated, Key Start, Trolley & Wheels) 6500AE2",https://macire.co.ke/product/6-8kva-cigma-uk-petrol-generator-5-0kw-rated-key-start-trolley-wheels-6500ae2/,2026-10-10,New candidate,,,generators-1,generators,Petrol & Diesel Generators,generators-1,Petrol Generators,Fits current taxonomy provisionally,No match found; absence is not proof of uniqueness,No comparable stated conflict found; unverified/missing values are not agreement,Essential attribute: Phase; Essential attribute: Starting method; Essential attribute: Fuel tank (L); Manufacturer/owner verification of identity and specifications; Nyce price and date or owner-approved quote-only policy; Nyce availability; Authorized product photo; Original Nyce descriptions and application classification,10 image(s) hosted by Macire; rights not cleared - do not reuse,Reject - insufficient reliable information; do not merge similar names or model variants,No reassignment proposed,Not approved - owner review pending; no import authorized
MACIRE-220,8.1Kva Pioneer Japan Petrol Generator LT8000EN-6,https://macire.co.ke/product/8-1kva-pioneer-japan-petrol-generator-lt8000en-6/,2026-10-10,New candidate (identity unconfirmed),,,generators-1,generators,Petrol & Diesel Generators,generators-1,Petrol Generators,Fits current taxonomy provisionally,Register possible: MACIRE-261 (similar name + same brand; not proof of identity),"Possible variant/model-family collision; compare power, capacity, phase, package and sale unit before any merge",Source product model/SKU; Essential attribute: Rated output (kVA / kW); Essential attribute: Fuel; Essential attribute: Phase; Essential attribute: Starting method; Essential attribute: Fuel tank (L); Manufacturer/owner verification of identity and specifications; Nyce price and date or owner-approved quote-only policy; Nyce availability; Authorized product photo; Original Nyce descriptions and application classification,4 image(s) hosted by Macire; rights not cleared - do not reuse,Reject - insufficient reliable information; do not merge similar names or model variants,No reassignment proposed,Not approved - owner review pending; no import authorized
MACIRE-221,"9kW TOTAL TP190006 Petrol Generator – Industrial Portable Power for Homes, Businesses & Construction",https://macire.co.ke/product/9kw-total-tp190006-petrol-generator-industrial-portable-power-for-homes-businesses-construction/,2026-10-10,New candidate,,3kw-total-tp130005-18-petrol-generator-heavy-duty-portable-p,generators-1,generators,Petrol & Diesel Generators,generators-1,Petrol Generators,Fits current taxonomy provisionally,Draft possible: 3kw-total-tp130005-18-petrol-generator-heavy-duty-portable-p (similar name + same brand; not proof of identity),No comparable stated conflict found; unverified/missing values are not agreement,Essential attribute: Phase; Essential attribute: Starting method; Essential attribute: Fuel tank (L); Manufacturer/owner verification of identity and specifications; Nyce price and date or owner-approved quote-only policy; Nyce availability; Authorized product photo; Original Nyce descriptions and application classification,7 image(s) hosted by Macire; rights not cleared - do not reuse,Reject - insufficient reliable information; do not merge similar names or model variants,No reassignment proposed,Not approved - owner review pending; no import authorized
MACIRE-222,2.4kW DAICHI DC2500 Petrol Generator – Key Start,https://macire.co.ke/product/2-4kw-daichi-dc2500-petrol-generator-key-start/,2026-10-10,New candidate,,,generators-1,generators,Petrol & Diesel Generators,generators-1,Petrol Generators,Fits current taxonomy provisionally,No match found; absence is not proof of uniqueness,No comparable stated conflict found; unverified/missing values are not agreement,Essential attribute: Phase; Essential attribute: Starting method; Manufacturer/owner verification of identity and specifications; Nyce price and date or owner-approved quote-only policy; Nyce availability; Authorized product photo; Original Nyce descriptions and application classification,5 image(s) hosted by Macire; rights not cleared - do not reuse,Reject - insufficient reliable information; do not merge similar names or model variants,No reassignment proposed,Not approved - owner review pending; no import authorized
MACIRE-223,1.2kva 4 stroke Aico Japan LT2000CL Petrol Generator,https://macire.co.ke/product/1-2kva-4-stroke-aico-japan-lt2000cl-petrol-generator/,2026-10-10,New candidate,,,generators-1,generators,Petrol & Diesel Generators,generators-1,Petrol Generators,Fits current taxonomy provisionally,No match found; absence is not proof of uniqueness,No comparable stated conflict found; unverified/missing values are not agreement,Essential attribute: Rated output (kVA / kW); Essential attribute: Phase; Essential attribute: Starting method; Manufacturer/owner verification of identity and specifications; Nyce price and date or owner-approved quote-only policy; Nyce availability; Authorized product photo; Original Nyce descriptions and application classification,4 image(s) hosted by Macire; rights not cleared - do not reuse,Reject - insufficient reliable information; do not merge similar names or model variants,No reassignment proposed,Not approved - owner review pending; no import authorized
MACIRE-224,10.5kw Benford Uk Diesel Silent Genset – Compact Design,https://macire.co.ke/product/10-5kw-benford-uk-diesel-silent-genset-compact-design/,2026-10-10,New candidate (identity unconfirmed),,,generators-2,generators,Petrol & Diesel Generators,generators-2,Diesel Generators,Fits current taxonomy provisionally,No match found; absence is not proof of uniqueness,No comparable stated conflict found; unverified/missing values are not agreement,Source brand; Source product model/SKU; Essential attribute: Rated output (kVA / kW); Essential attribute: Fuel; Essential attribute: Phase; Essential attribute: Starting method; Essential attribute: Fuel tank (L); Manufacturer/owner verification of identity and specifications; Nyce price and date or owner-approved quote-only policy; Nyce availability; Authorized product photo; Original Nyce descriptions and application classification,5 image(s) hosted by Macire; rights not cleared - do not reuse,Reject - insufficient reliable information; do not merge similar names or model variants,No reassignment proposed,Not approved - owner review pending; no import authorized
MACIRE-225,16.25Kva Hisaki Japan Diesel Generator,https://macire.co.ke/product/16-25kva-hisaki-japan-diesel-generator/,2026-10-10,New candidate (identity unconfirmed),,,generators-2,generators,Petrol & Diesel Generators,generators-2,Diesel Generators,Fits current taxonomy provisionally,No match found; absence is not proof of uniqueness,No comparable stated conflict found; unverified/missing values are not agreement,Source product model/SKU; Essential attribute: Rated output (kVA / kW); Essential attribute: Fuel; Essential attribute: Phase; Essential attribute: Starting method; Essential attribute: Fuel tank (L); Manufacturer/owner verification of identity and specifications; Nyce price and date or owner-approved quote-only policy; Nyce availability; Authorized product photo; Original Nyce descriptions and application classification,2 image(s) hosted by Macire; rights not cleared - do not reuse,Reject - insufficient reliable information; do not merge similar names or model variants,No reassignment proposed,Not approved - owner review pending; no import authorized
MACIRE-226,5kVA Dayliff Open Diesel Generator – Fuel-Efficient Industrial Power Solution,https://macire.co.ke/product/5kva-dayliff-open-diesel-generator-fuel-efficient-industrial-power-solution/,2026-10-10,New candidate (identity unconfirmed),,,generators-2,generators,Petrol & Diesel Generators,generators-2,Diesel Generators,Fits current taxonomy provisionally,No match found; absence is not proof of uniqueness,No comparable stated conflict found; unverified/missing values are not agreement,Source product model/SKU; Essential attribute: Phase; Essential attribute: Starting method; Essential attribute: Fuel tank (L); Manufacturer/owner verification of identity and specifications; Nyce price and date or owner-approved quote-only policy; Nyce availability; Authorized product photo; Original Nyce descriptions and application classification,5 image(s) hosted by Macire; rights not cleared - do not reuse,Reject - insufficient reliable information; do not merge similar names or model variants,No reassignment proposed,Not approved - owner review pending; no import authorized
MACIRE-227,6.5kVA Aico Japan ADG6000SN Silent Diesel Generator with ATS,https://macire.co.ke/product/6-5kva-aico-japan-adg6000sn-silent-diesel-generator-with-ats/,2026-10-10,New candidate,,10kva-aico-japan-adg10000sna-single-phase-silent-diesel-gene | 8-75kva-aico-japan-adg8000sn-closed-type-diesel-generator-si,generators-2,generators,Petrol & Diesel Generators,generators-2,Diesel Generators,Fits current taxonomy provisionally,Draft possible: 10kva-aico-japan-adg10000sna-single-phase-silent-diesel-gene (similar name + same brand; not proof of identity) | 8-75kva-aico-japan-adg8000sn-closed-type-diesel-generator-si (similar name + same brand; not proof of identity),No comparable stated conflict found; unverified/missing values are not agreement,Essential attribute: Rated output (kVA / kW); Essential attribute: Phase; Essential attribute: Starting method; Essential attribute: Fuel tank (L); Manufacturer/owner verification of identity and specifications; Nyce price and date or owner-approved quote-only policy; Nyce availability; Authorized product photo; Original Nyce descriptions and application classification,5 image(s) hosted by Macire; rights not cleared - do not reuse,Reject - insufficient reliable information; do not merge similar names or model variants,No reassignment proposed,Not approved - owner review pending; no import authorized
MACIRE-228,15kva Maybach Diesel Generator,https://macire.co.ke/product/15kva-maybach-diesel-generator-model-mb15000ds3rated-power-12-0kvamax/,2026-10-10,New candidate (identity unconfirmed),,,generators-2,generators,Petrol & Diesel Generators,generators-2,Diesel Generators,Fits current taxonomy provisionally,No match found; absence is not proof of uniqueness,No comparable stated conflict found; unverified/missing values are not agreement,Source product model/SKU; Essential attribute: Rated output (kVA / kW); Essential attribute: Fuel; Essential attribute: Phase; Essential attribute: Starting method; Essential attribute: Fuel tank (L); Manufacturer/owner verification of identity and specifications; Nyce price and date or owner-approved quote-only policy; Nyce availability; Authorized product photo; Original Nyce descriptions and application classification,6 image(s) hosted by Macire; rights not cleared - do not reuse,Reject - insufficient reliable information; do not merge similar names or model variants,No reassignment proposed,Not approved - owner review pending; no import authorized
MACIRE-229,19Kva HK19000SNA-D Hisaki Japan Diesel Generator Double Switch Single And Three Phase,https://macire.co.ke/product/19kva-hk19000sna-d-hisaki-japan-diesel-generator-double-switch-single-and-three-phase/,2026-10-10,New candidate,,,generators-3,generators,Petrol & Diesel Generators,generators-3,Single Phase Diesel Generators,Proposed reassignment; pending approval,Register possible: MACIRE-230 (similar name + same brand; not proof of identity) | MACIRE-231 (similar name + same brand; not proof of identity) | MACIRE-233 (similar name + same brand; not proof of identity),"MACIRE-230 model: catalogue=HK13000SNA (Double Switch); source=HK19000SNA-D; MACIRE-230 spec Model: catalogue=HK13000SNA (Double Switch); source=HK19000SNA-D (unit/meaning review needed); MACIRE-230 spec Rated Output: catalogue=~11.0 kW / 13.75 kVA BusinessClaud +1; source=~18.75–19.375 kVA businessclaud.co.ke +1 (unit/meaning review needed); MACIRE-230 spec Automatic Transfer: catalogue=Included (ATS); source=May be optional – confirm with supplier (unit/meaning review needed); MACIRE-230 spec Enclosure: catalogue=Silent / Closed Type; source=Silent / Closed Type (depending on variant) (unit/meaning review needed); MACIRE-231 model: catalogue=HK8000SNA-3; source=HK19000SNA-D; MACIRE-231 spec Model: catalogue=HK8000SNA-3; source=HK19000SNA-D (unit/meaning review needed); MACIRE-231 spec Rated Output: catalogue=10 kVA; source=~18.75–19.375 kVA businessclaud.co.ke +1 (unit/meaning review needed); MACIRE-231 spec Enclosure: catalogue=Silent / Closed Type; source=Silent / Closed Type (depending on variant) (unit/meaning review needed); MACIRE-233 model: catalogue=HK7000SNA; source=HK19000SNA-D; MACIRE-233 spec Model: catalogue=HK7000SNA; source=HK19000SNA-D (unit/meaning review needed); MACIRE-233 spec Phase Type: catalogue=Single Phase; source=Single & Three Phase (unit/meaning review needed); MACIRE-233 spec Automatic Transfer: catalogue=ATS Compatible; source=May be optional – confirm with supplier (unit/meaning review needed); Possible variant/model-family collision; compare power, capacity, phase, package and sale unit before any merge",Essential attribute: Starting method; Essential attribute: Fuel tank (L); Manufacturer/owner verification of identity and specifications; Nyce price and date or owner-approved quote-only policy; Nyce availability; Authorized product photo; Original Nyce descriptions and application classification,3 image(s) hosted by Macire; rights not cleared - do not reuse,Reject - insufficient reliable information; do not merge similar names or model variants,Dual-phase model: confirm ratings before approving single-/three-phase placement,Not approved - owner review pending; no import authorized
MACIRE-230,13.75Kva HK13000SNA Hisaki Japan Diesel Generator Double Switch Single And Three Phase,https://macire.co.ke/product/13-75kva-hk13000sna-hisaki-japan-diesel-generator-double-switch-single-and-three-phase/,2026-10-10,New candidate,,,generators-3,generators,Petrol & Diesel Generators,generators-3,Single Phase Diesel Generators,Proposed reassignment; pending approval,Register possible: MACIRE-229 (similar name + same brand; not proof of identity) | MACIRE-231 (similar name + same brand; not proof of identity) | MACIRE-233 (similar name + same brand; not proof of identity),"MACIRE-229 model: catalogue=HK19000SNA-D; source=HK13000SNA (Double Switch); MACIRE-229 spec Model: catalogue=HK19000SNA-D; source=HK13000SNA (Double Switch) (unit/meaning review needed); MACIRE-229 spec Rated Output: catalogue=~18.75–19.375 kVA businessclaud.co.ke +1; source=~11.0 kW / 13.75 kVA BusinessClaud +1 (unit/meaning review needed); MACIRE-229 spec Automatic Transfer: catalogue=May be optional – confirm with supplier; source=Included (ATS) (unit/meaning review needed); MACIRE-229 spec Enclosure: catalogue=Silent / Closed Type (depending on variant); source=Silent / Closed Type (unit/meaning review needed); MACIRE-231 model: catalogue=HK8000SNA-3; source=HK13000SNA (Double Switch); MACIRE-231 spec Model: catalogue=HK8000SNA-3; source=HK13000SNA (Double Switch) (unit/meaning review needed); MACIRE-231 spec Rated Output: catalogue=10 kVA; source=~11.0 kW / 13.75 kVA BusinessClaud +1 (unit/meaning review needed); MACIRE-233 model: catalogue=HK7000SNA; source=HK13000SNA (Double Switch); MACIRE-233 spec Model: catalogue=HK7000SNA; source=HK13000SNA (Double Switch) (unit/meaning review needed); MACIRE-233 spec Phase Type: catalogue=Single Phase; source=Single & Three Phase (unit/meaning review needed); MACIRE-233 spec Automatic Transfer: catalogue=ATS Compatible; source=Included (ATS) (unit/meaning review needed); Possible variant/model-family collision; compare power, capacity, phase, package and sale unit before any merge",Essential attribute: Starting method; Essential attribute: Fuel tank (L); Manufacturer/owner verification of identity and specifications; Nyce price and date or owner-approved quote-only policy; Nyce availability; Authorized product photo; Original Nyce descriptions and application classification,3 image(s) hosted by Macire; rights not cleared - do not reuse,Reject - insufficient reliable information; do not merge similar names or model variants,Dual-phase model: confirm ratings before approving single-/three-phase placement,Not approved - owner review pending; no import authorized
MACIRE-231,10Kva HK8000SNA-3 Hisaki Japan Diesel Generator Single And Three Phase,https://macire.co.ke/product/10kva-hk8000sna-3-hisaki-japan-diesel-generator-single-and-three-phase/,2026-10-10,Existing unpublished draft only,,10kva-hk8000sna-3-hisaki-japan-diesel-generator-single-and-t,generators-3,generators,Petrol & Diesel Generators,generators-3,Single Phase Diesel Generators,Proposed reassignment; pending approval,Draft exact: 10kva-hk8000sna-3-hisaki-japan-diesel-generator-single-and-t (exact normalized name); Register possible: MACIRE-229 (similar name + same brand; not proof of identity) | MACIRE-230 (similar name + same brand; not proof of identity) | MACIRE-233 (similar name + same brand; not proof of identity),"10kva-hk8000sna-3-hisaki-japan-diesel-generator-single-and-t brand: catalogue=Hisaki Japan; source=Hisaki; MACIRE-229 model: catalogue=HK19000SNA-D; source=HK8000SNA-3; MACIRE-229 spec Model: catalogue=HK19000SNA-D; source=HK8000SNA-3 (unit/meaning review needed); MACIRE-229 spec Rated Output: catalogue=~18.75–19.375 kVA businessclaud.co.ke +1; source=10 kVA (unit/meaning review needed); MACIRE-229 spec Enclosure: catalogue=Silent / Closed Type (depending on variant); source=Silent / Closed Type (unit/meaning review needed); MACIRE-230 model: catalogue=HK13000SNA (Double Switch); source=HK8000SNA-3; MACIRE-230 spec Model: catalogue=HK13000SNA (Double Switch); source=HK8000SNA-3 (unit/meaning review needed); MACIRE-230 spec Rated Output: catalogue=~11.0 kW / 13.75 kVA BusinessClaud +1; source=10 kVA (unit/meaning review needed); MACIRE-233 model: catalogue=HK7000SNA; source=HK8000SNA-3; MACIRE-233 spec Model: catalogue=HK7000SNA; source=HK8000SNA-3 (unit/meaning review needed); MACIRE-233 spec Phase Type: catalogue=Single Phase; source=Single & Three Phase (unit/meaning review needed); Retailer package/installation/warranty terms are not Nyce commitments; do not copy; Possible variant/model-family collision; compare power, capacity, phase, package and sale unit before any merge",Essential attribute: Starting method; Essential attribute: Fuel tank (L); Manufacturer/owner verification of identity and specifications; Nyce price and date or owner-approved quote-only policy; Nyce availability; Authorized product photo; Original Nyce descriptions and application classification,3 image(s) hosted by Macire; rights not cleared - do not reuse,"Reject - insufficient reliable information; enrich existing record only after verification, do not create duplicate",Dual-phase model: confirm ratings before approving single-/three-phase placement; 10kva-hk8000sna-3-hisaki-japan-diesel-generator-single-and-t: target differs from existing placement ['generators-4']; approval required,Not approved - owner review pending; no import authorized
MACIRE-232,10Kva HK8000SNA Hisaki Japan Diesel Generator Single Phase,https://macire.co.ke/product/10kva-hk8000sna-hisaki-japan-diesel-generator-single-phase/,2026-10-10,Existing unpublished draft only,,10kva-hk8000sna-hisaki-japan-diesel-generator-single-phase,generators-3,generators,Petrol & Diesel Generators,generators-3,Single Phase Diesel Generators,Fits current taxonomy provisionally,Draft exact: 10kva-hk8000sna-hisaki-japan-diesel-generator-single-phase (exact normalized name),No comparable stated conflict found; unverified/missing values are not agreement,Source brand; Essential attribute: Starting method; Essential attribute: Fuel tank (L); Manufacturer/owner verification of identity and specifications; Nyce price and date or owner-approved quote-only policy; Nyce availability; Authorized product photo; Original Nyce descriptions and application classification,3 image(s) hosted by Macire; rights not cleared - do not reuse,"Reject - insufficient reliable information; enrich existing record only after verification, do not create duplicate",No reassignment proposed,Not approved - owner review pending; no import authorized
MACIRE-233,8.75Kva HK7000SNA Hisaki Japan Diesel Generator Single Phase,https://macire.co.ke/product/8-75kva-hk7000sna-hisaki-japan-diesel-generator-single-phase/,2026-10-10,Existing live product,hisaki-generator,,generators-3,generators,Petrol & Diesel Generators,generators-3,Single Phase Diesel Generators,Fits current taxonomy provisionally,Live exact: hisaki-generator (exact brand + model (variant details still require review)); Register possible: MACIRE-229 (similar name + same brand; not proof of identity) | MACIRE-230 (similar name + same brand; not proof of identity) | MACIRE-231 (similar name + same brand; not proof of identity),"MACIRE-229 model: catalogue=HK19000SNA-D; source=HK7000SNA; MACIRE-229 spec Model: catalogue=HK19000SNA-D; source=HK7000SNA (unit/meaning review needed); MACIRE-229 spec Phase Type: catalogue=Single & Three Phase; source=Single Phase (unit/meaning review needed); MACIRE-229 spec Automatic Transfer: catalogue=May be optional – confirm with supplier; source=ATS Compatible (unit/meaning review needed); MACIRE-230 model: catalogue=HK13000SNA (Double Switch); source=HK7000SNA; MACIRE-230 spec Model: catalogue=HK13000SNA (Double Switch); source=HK7000SNA (unit/meaning review needed); MACIRE-230 spec Phase Type: catalogue=Single & Three Phase; source=Single Phase (unit/meaning review needed); MACIRE-230 spec Automatic Transfer: catalogue=Included (ATS); source=ATS Compatible (unit/meaning review needed); MACIRE-231 model: catalogue=HK8000SNA-3; source=HK7000SNA; MACIRE-231 spec Model: catalogue=HK8000SNA-3; source=HK7000SNA (unit/meaning review needed); MACIRE-231 spec Phase Type: catalogue=Single & Three Phase; source=Single Phase (unit/meaning review needed); Possible variant/model-family collision; compare power, capacity, phase, package and sale unit before any merge",Essential attribute: Rated output (kVA / kW); Essential attribute: Starting method; Essential attribute: Fuel tank (L); Manufacturer/owner verification of identity and specifications; Nyce price and date or owner-approved quote-only policy; Nyce availability; Authorized product photo; Original Nyce descriptions and application classification,3 image(s) hosted by Macire; rights not cleared - do not reuse,"Reject - insufficient reliable information; enrich existing record only after verification, do not create duplicate",No reassignment proposed,Not approved - owner review pending; no import authorized
MACIRE-234,"10kVA Pulsar Diesel Silent Generator – Three Phase, ATS",https://macire.co.ke/product/10kva-pulsar-diesel-silent-generator-three-phase-ats/,2026-10-10,New candidate (identity unconfirmed),,,generators-4,generators,Petrol & Diesel Generators,generators-4,Three Phase Diesel Generators,Fits current taxonomy provisionally,Register possible: MACIRE-235 (similar name + same brand; not proof of identity) | MACIRE-236 (similar name + same brand; not proof of identity),"MACIRE-235 spec Generator Type: catalogue=Diesel Silent Generator; source=Silent (unit/meaning review needed); MACIRE-236 spec Generator Type: catalogue=Diesel Silent Generator; source=Silent (unit/meaning review needed); Possible variant/model-family collision; compare power, capacity, phase, package and sale unit before any merge",Source product model/SKU; Essential attribute: Rated output (kVA / kW); Essential attribute: Starting method; Essential attribute: Fuel tank (L); Manufacturer/owner verification of identity and specifications; Nyce price and date or owner-approved quote-only policy; Nyce availability; Authorized product photo; Original Nyce descriptions and application classification,10 image(s) hosted by Macire; rights not cleared - do not reuse,Reject - insufficient reliable information; do not merge similar names or model variants,No reassignment proposed,Not approved - owner review pending; no import authorized
MACIRE-235,"20kVA Pulsar Diesel Silent Generator – Three Phase, ATS, 380V",https://macire.co.ke/product/20kva-pulsar-three-phase-diesel-silent-generator-with-ats/,2026-10-10,New candidate (identity unconfirmed),,,generators-4,generators,Petrol & Diesel Generators,generators-4,Three Phase Diesel Generators,Fits current taxonomy provisionally,Register possible: MACIRE-234 (similar name + same brand; not proof of identity) | MACIRE-236 (similar name + same brand; not proof of identity),"MACIRE-234 spec Generator Type: catalogue=Silent; source=Diesel Silent Generator (unit/meaning review needed); MACIRE-236 spec Maximum Power: catalogue=17 kVA; source=20 kVA (unit/meaning review needed); MACIRE-236 spec Rated Power: catalogue=15 kVA; source=18.8 kVA (unit/meaning review needed); MACIRE-236 spec Voltage: catalogue=230V / 400V (Dual Power); source=380V (unit/meaning review needed); MACIRE-236 spec Engine Model: catalogue=2V92; source=2V95 (unit/meaning review needed); Possible variant/model-family collision; compare power, capacity, phase, package and sale unit before any merge",Source product model/SKU; Essential attribute: Rated output (kVA / kW); Essential attribute: Fuel; Essential attribute: Fuel tank (L); Manufacturer/owner verification of identity and specifications; Nyce price and date or owner-approved quote-only policy; Nyce availability; Authorized product photo; Original Nyce descriptions and application classification,10 image(s) hosted by Macire; rights not cleared - do not reuse,Reject - insufficient reliable information; do not merge similar names or model variants,No reassignment proposed,Not approved - owner review pending; no import authorized
MACIRE-236,"17kVA Pulsar Diesel Silent Generator – Three Phase, Dual Power, ATS",https://macire.co.ke/product/17kva-pulsar-three-phase-diesel-silent-generator-with-ats/,2026-10-10,New candidate (identity unconfirmed),,,generators-4,generators,Petrol & Diesel Generators,generators-4,Three Phase Diesel Generators,Fits current taxonomy provisionally,Register possible: MACIRE-234 (similar name + same brand; not proof of identity) | MACIRE-235 (similar name + same brand; not proof of identity),"MACIRE-234 spec Generator Type: catalogue=Silent; source=Diesel Silent Generator (unit/meaning review needed); MACIRE-235 spec Maximum Power: catalogue=20 kVA; source=17 kVA (unit/meaning review needed); MACIRE-235 spec Rated Power: catalogue=18.8 kVA; source=15 kVA (unit/meaning review needed); MACIRE-235 spec Voltage: catalogue=380V; source=230V / 400V (Dual Power) (unit/meaning review needed); MACIRE-235 spec Engine Model: catalogue=2V95; source=2V92 (unit/meaning review needed); Possible variant/model-family collision; compare power, capacity, phase, package and sale unit before any merge",Source product model/SKU; Essential attribute: Rated output (kVA / kW); Essential attribute: Fuel; Essential attribute: Fuel tank (L); Manufacturer/owner verification of identity and specifications; Nyce price and date or owner-approved quote-only policy; Nyce availability; Authorized product photo; Original Nyce descriptions and application classification,10 image(s) hosted by Macire; rights not cleared - do not reuse,Reject - insufficient reliable information; do not merge similar names or model variants,No reassignment proposed,Not approved - owner review pending; no import authorized
MACIRE-237,Cummins 33kVA C33D5 – Super Silent Diesel Generator Three Phase,https://macire.co.ke/product/cummins-33kva-c33d5-super-silent-diesel-generator/,2026-10-10,New candidate (identity unconfirmed),,,generators-4,generators,Petrol & Diesel Generators,generators-4,Three Phase Diesel Generators,Fits current taxonomy provisionally,No match found; absence is not proof of uniqueness,No comparable stated conflict found; unverified/missing values are not agreement,Source product model/SKU; Essential attribute: Rated output (kVA / kW); Essential attribute: Fuel; Essential attribute: Phase; Essential attribute: Starting method; Essential attribute: Fuel tank (L); Manufacturer/owner verification of identity and specifications; Nyce price and date or owner-approved quote-only policy; Nyce availability; Authorized product photo; Original Nyce descriptions and application classification,4 image(s) hosted by Macire; rights not cleared - do not reuse,Reject - insufficient reliable information; do not merge similar names or model variants,No reassignment proposed,Not approved - owner review pending; no import authorized
MACIRE-238,6.5kVA Mercury UK Single-Phase Silent Diesel Generator with ATS,https://macire.co.ke/product/6-5kva-mercury-uk-single-phase-silent-diesel-generator-with-ats/,2026-10-10,New candidate (identity unconfirmed),,,generators-4,generators,Petrol & Diesel Generators,generators-3,Single Phase Diesel Generators,Proposed reassignment; pending approval,No match found; absence is not proof of uniqueness,No comparable stated conflict found; unverified/missing values are not agreement,Source product model/SKU; Essential attribute: Starting method; Essential attribute: Fuel tank (L); Manufacturer/owner verification of identity and specifications; Nyce price and date or owner-approved quote-only policy; Nyce availability; Authorized product photo; Original Nyce descriptions and application classification,7 image(s) hosted by Macire; rights not cleared - do not reuse,Reject - insufficient reliable information; do not merge similar names or model variants,Proposed reassignment generators-4 -> generators-3; owner approval required,Not approved - owner review pending; no import authorized
MACIRE-239,10.5kVA Maybach 3 Phase Silent Diesel Generator with ATS – White,https://macire.co.ke/product/10-5kva-maybach-3-phase-silent-diesel-generator-with-ats-white/,2026-10-10,New candidate (identity unconfirmed),,,generators-5,generators,Petrol & Diesel Generators,generators-5,Silent Canopy Generators,Fits current taxonomy provisionally,Register possible: MACIRE-262 (similar name + same brand; not proof of identity),"MACIRE-262 spec Rated Power: catalogue=10kVA; source=10.5kVA (unit/meaning review needed); MACIRE-262 spec Phase: catalogue=Single Phase; source=Three Phase (unit/meaning review needed); MACIRE-262 spec Application: catalogue=Standby & Prime Backup Power; source=Standby & Prime Power (unit/meaning review needed); Possible variant/model-family collision; compare power, capacity, phase, package and sale unit before any merge",Source product model/SKU; Essential attribute: Rated output (kVA / kW); Essential attribute: Starting method; Essential attribute: Fuel tank (L); Manufacturer/owner verification of identity and specifications; Nyce price and date or owner-approved quote-only policy; Nyce availability; Authorized product photo; Original Nyce descriptions and application classification,7 image(s) hosted by Macire; rights not cleared - do not reuse,Reject - insufficient reliable information; do not merge similar names or model variants,No reassignment proposed,Not approved - owner review pending; no import authorized
MACIRE-240,15kVA Pyramid Germany Silent Diesel Generator with ATS – Heavy-Duty Three-Phase Power,https://macire.co.ke/product/15kva-pyramid-germany-silent-diesel-generator-with-ats-heavy-duty-three-phase-power/,2026-10-10,New candidate (identity unconfirmed),,,generators-5,generators,Petrol & Diesel Generators,generators-5,Silent Canopy Generators,Fits current taxonomy provisionally,No match found; absence is not proof of uniqueness,No comparable stated conflict found; unverified/missing values are not agreement,Source product model/SKU; Essential attribute: Rated output (kVA / kW); Essential attribute: Starting method; Essential attribute: Fuel tank (L); Manufacturer/owner verification of identity and specifications; Nyce price and date or owner-approved quote-only policy; Nyce availability; Authorized product photo; Original Nyce descriptions and application classification,9 image(s) hosted by Macire; rights not cleared - do not reuse,Reject - insufficient reliable information; do not merge similar names or model variants,No reassignment proposed,Not approved - owner review pending; no import authorized
MACIRE-241,10.5kVA Maybach Yellow Silent Diesel Generator – Reliable Single-Phase Power,https://macire.co.ke/product/10-5kva-maybach-yellow-silent-diesel-generator-reliable-single-phase-power/,2026-10-10,New candidate (identity unconfirmed),,,generators-5,generators,Petrol & Diesel Generators,generators-5,Silent Canopy Generators,Fits current taxonomy provisionally,No match found; absence is not proof of uniqueness,No comparable stated conflict found; unverified/missing values are not agreement,Source product model/SKU; Essential attribute: Rated output (kVA / kW); Essential attribute: Starting method; Essential attribute: Fuel tank (L); Manufacturer/owner verification of identity and specifications; Nyce price and date or owner-approved quote-only policy; Nyce availability; Authorized product photo; Original Nyce descriptions and application classification,8 image(s) hosted by Macire; rights not cleared - do not reuse,Reject - insufficient reliable information; do not merge similar names or model variants,No reassignment proposed,Not approved - owner review pending; no import authorized
MACIRE-242,"12kVA CIGMA-UK Diesel Silent Generator – Electric Start, Dual Power",https://macire.co.ke/product/12kva-cigma-uk-diesel-silent-generator-electric-start-dual-power/,2026-10-10,New candidate,,,generators-5,generators,Petrol & Diesel Generators,generators-5,Silent Canopy Generators,Fits current taxonomy provisionally,No match found; absence is not proof of uniqueness,Retailer package/installation/warranty terms are not Nyce commitments; do not copy,Essential attribute: Rated output (kVA / kW); Essential attribute: Phase; Essential attribute: Fuel tank (L); Manufacturer/owner verification of identity and specifications; Nyce price and date or owner-approved quote-only policy; Nyce availability; Authorized product photo; Original Nyce descriptions and application classification,8 image(s) hosted by Macire; rights not cleared - do not reuse,Reject - insufficient reliable information; do not merge similar names or model variants,No reassignment proposed,Not approved - owner review pending; no import authorized
MACIRE-243,8.5Kva 1-Phase Premier Silent Diesel Generator w/o ATS – Heavy-Duty Design,https://macire.co.ke/product/8-5kva-1-phase-premier-silent-diesel-generator-w-o-ats-heavy-duty-design/,2026-10-10,New candidate (identity unconfirmed),,,generators-5,generators,Petrol & Diesel Generators,generators-5,Silent Canopy Generators,Fits current taxonomy provisionally,No match found; absence is not proof of uniqueness,No comparable stated conflict found; unverified/missing values are not agreement,Source product model/SKU; Essential attribute: Rated output (kVA / kW); Essential attribute: Starting method; Manufacturer/owner verification of identity and specifications; Nyce price and date or owner-approved quote-only policy; Nyce availability; Authorized product photo; Original Nyce descriptions and application classification,6 image(s) hosted by Macire; rights not cleared - do not reuse,Reject - insufficient reliable information; do not merge similar names or model variants,No reassignment proposed,Not approved - owner review pending; no import authorized
MACIRE-244,150kVA Cummins JDP-C120SA Water-Cooled Diesel Generator,https://macire.co.ke/product/150kva-cummins-jdp-c120sa-diesel-generator/,2026-10-10,Existing unpublished draft only,,150kva-cummins-jdp-c120sa-water-cooled-diesel-generator,generators-6,generators,Petrol & Diesel Generators,generators-6,Industrial Water Cooled Generators,Fits current taxonomy provisionally,Draft exact: 150kva-cummins-jdp-c120sa-water-cooled-diesel-generator (exact normalized name),No comparable stated conflict found; unverified/missing values are not agreement,Source brand; Essential attribute: Rated output (kVA / kW); Essential attribute: Starting method; Essential attribute: Fuel tank (L); Manufacturer/owner verification of identity and specifications; Nyce price and date or owner-approved quote-only policy; Nyce availability; Authorized product photo; Original Nyce descriptions and application classification,7 image(s) hosted by Macire; rights not cleared - do not reuse,"Reject - insufficient reliable information; enrich existing record only after verification, do not create duplicate",No reassignment proposed,Not approved - owner review pending; no import authorized
MACIRE-245,100kVA JDP-H80SA Simba Voltsilent Water Cooled Diesel Generator,https://macire.co.ke/product/100kva-simba-voltsilent-diesel-generator-jdp-h80sa/,2026-10-10,Existing unpublished draft only,,100kva-jdp-h80sa-simba-voltsilent-water-cooled-diesel-genera,generators-6,generators,Petrol & Diesel Generators,generators-6,Industrial Water Cooled Generators,Fits current taxonomy provisionally,Draft exact: 100kva-jdp-h80sa-simba-voltsilent-water-cooled-diesel-genera (exact normalized name),No comparable stated conflict found; unverified/missing values are not agreement,Source brand; Essential attribute: Rated output (kVA / kW); Essential attribute: Starting method; Essential attribute: Fuel tank (L); Manufacturer/owner verification of identity and specifications; Nyce price and date or owner-approved quote-only policy; Nyce availability; Authorized product photo; Original Nyce descriptions and application classification,5 image(s) hosted by Macire; rights not cleared - do not reuse,"Reject - insufficient reliable information; enrich existing record only after verification, do not create duplicate",No reassignment proposed,Not approved - owner review pending; no import authorized
MACIRE-246,85kVA JDP-H68SA Simba Voltsilent Water Cooled Diesel Generator,https://macire.co.ke/product/85kva-simba-voltsilent-diesel-generator-jdp-h68sa/,2026-10-10,Existing unpublished draft only,,85kva-jdp-h68sa-simba-voltsilent-water-cooled-diesel-generat,generators-6,generators,Petrol & Diesel Generators,generators-6,Industrial Water Cooled Generators,Fits current taxonomy provisionally,Draft exact: 85kva-jdp-h68sa-simba-voltsilent-water-cooled-diesel-generat (exact normalized name),No comparable stated conflict found; unverified/missing values are not agreement,Source brand; Essential attribute: Rated output (kVA / kW); Essential attribute: Starting method; Essential attribute: Fuel tank (L); Manufacturer/owner verification of identity and specifications; Nyce price and date or owner-approved quote-only policy; Nyce availability; Authorized product photo; Original Nyce descriptions and application classification,5 image(s) hosted by Macire; rights not cleared - do not reuse,"Reject - insufficient reliable information; enrich existing record only after verification, do not create duplicate",No reassignment proposed,Not approved - owner review pending; no import authorized
MACIRE-247,60kVA JDP-H48SA Simba Voltsilent Water Cooled Diesel Generator,https://macire.co.ke/product/60kva-simba-voltsilent-diesel-generator-jdp-h48sa/,2026-10-10,Existing unpublished draft only,,60kva-jdp-h48sa-simba-voltsilent-water-cooled-diesel-generat,generators-6,generators,Petrol & Diesel Generators,generators-6,Industrial Water Cooled Generators,Fits current taxonomy provisionally,Draft exact: 60kva-jdp-h48sa-simba-voltsilent-water-cooled-diesel-generat (exact normalized name),No comparable stated conflict found; unverified/missing values are not agreement,Source brand; Essential attribute: Rated output (kVA / kW); Essential attribute: Starting method; Essential attribute: Fuel tank (L); Manufacturer/owner verification of identity and specifications; Nyce price and date or owner-approved quote-only policy; Nyce availability; Authorized product photo; Original Nyce descriptions and application classification,7 image(s) hosted by Macire; rights not cleared - do not reuse,"Reject - insufficient reliable information; enrich existing record only after verification, do not create duplicate",No reassignment proposed,Not approved - owner review pending; no import authorized
MACIRE-248,125kVA JDP-H100SA Simba Voltsilent Water Cooled Diesel Generator,https://macire.co.ke/product/125kva-simba-voltsilent-diesel-generator-jdp-h100sa-2/,2026-10-10,Existing unpublished draft only,,125kva-jdp-h100sa-simba-voltsilent-water-cooled-diesel-gener,generators-6,generators,Petrol & Diesel Generators,generators-6,Industrial Water Cooled Generators,Fits current taxonomy provisionally,Draft exact: 125kva-jdp-h100sa-simba-voltsilent-water-cooled-diesel-gener (exact normalized name),No comparable stated conflict found; unverified/missing values are not agreement,Source brand; Essential attribute: Rated output (kVA / kW); Essential attribute: Starting method; Essential attribute: Fuel tank (L); Manufacturer/owner verification of identity and specifications; Nyce price and date or owner-approved quote-only policy; Nyce availability; Authorized product photo; Original Nyce descriptions and application classification,7 image(s) hosted by Macire; rights not cleared - do not reuse,"Reject - insufficient reliable information; enrich existing record only after verification, do not create duplicate",No reassignment proposed,Not approved - owner review pending; no import authorized
MACIRE-249,30HP KMAX Italy Alternator Three Phase AC – Synchronous Generator,https://macire.co.ke/product/30hp-kmax-italy-alternator-three-phase-ac-synchronous-generator/,2026-10-10,Existing unpublished draft only,,30hp-kmax-italy-alternator-three-phase-ac-synchronous-genera | 25hp-kmax-italy-alternator-three-phase-ac-synchronous-genera | 20hp-kmax-italy-alternator-three-phase-ac-synchronous-genera | 10hp-kmax-italy-alternator-synchronous-generator-single-phas,generators-7,generators,Petrol & Diesel Generators,generators-7,Alternators,Fits current taxonomy provisionally,Draft exact: 30hp-kmax-italy-alternator-three-phase-ac-synchronous-genera (exact normalized name); Draft possible: 25hp-kmax-italy-alternator-three-phase-ac-synchronous-genera (similar name + same brand; not proof of identity) | 20hp-kmax-italy-alternator-three-phase-ac-synchronous-genera (similar name + same brand; not proof of identity) | 10hp-kmax-italy-alternator-synchronous-generator-single-phas (similar name + same brand; not proof of identity); Register possible: MACIRE-250 (similar name + same brand; not proof of identity) | MACIRE-251 (similar name + same brand; not proof of identity),"MACIRE-250 spec Rated Power: catalogue=25HP; source=30HP (unit/meaning review needed); MACIRE-250 spec Applications: catalogue=Industrial, Agricultural & Commercial Power Generation; source=Industrial, Commercial & Agricultural Power Generation (unit/meaning review needed); Possible variant/model-family collision; compare power, capacity, phase, package and sale unit before any merge",Source product model/SKU; Essential attribute: Rated output (kVA); Essential attribute: Voltage (V); Manufacturer/owner verification of identity and specifications; Nyce price and date or owner-approved quote-only policy; Nyce availability; Authorized product photo; Original Nyce descriptions and application classification,6 image(s) hosted by Macire; rights not cleared - do not reuse,"Reject - insufficient reliable information; enrich existing record only after verification, do not create duplicate",No reassignment proposed,Not approved - owner review pending; no import authorized
MACIRE-250,25HP KMAX Italy Alternator Three Phase AC – Synchronous Generator,https://macire.co.ke/product/25hp-kmax-italy-alternator-three-phase-ac-synchronous-generator/,2026-10-10,Existing unpublished draft only,,25hp-kmax-italy-alternator-three-phase-ac-synchronous-genera | 30hp-kmax-italy-alternator-three-phase-ac-synchronous-genera | 20hp-kmax-italy-alternator-three-phase-ac-synchronous-genera | 10hp-kmax-italy-alternator-synchronous-generator-single-phas,generators-7,generators,Petrol & Diesel Generators,generators-7,Alternators,Fits current taxonomy provisionally,Draft exact: 25hp-kmax-italy-alternator-three-phase-ac-synchronous-genera (exact normalized name); Draft possible: 30hp-kmax-italy-alternator-three-phase-ac-synchronous-genera (similar name + same brand; not proof of identity) | 20hp-kmax-italy-alternator-three-phase-ac-synchronous-genera (similar name + same brand; not proof of identity) | 10hp-kmax-italy-alternator-synchronous-generator-single-phas (similar name + same brand; not proof of identity); Register possible: MACIRE-249 (similar name + same brand; not proof of identity) | MACIRE-251 (similar name + same brand; not proof of identity),"MACIRE-249 spec Rated Power: catalogue=30HP; source=25HP (unit/meaning review needed); MACIRE-249 spec Applications: catalogue=Industrial, Commercial & Agricultural Power Generation; source=Industrial, Agricultural & Commercial Power Generation (unit/meaning review needed); Possible variant/model-family collision; compare power, capacity, phase, package and sale unit before any merge",Source product model/SKU; Essential attribute: Rated output (kVA); Essential attribute: Voltage (V); Manufacturer/owner verification of identity and specifications; Nyce price and date or owner-approved quote-only policy; Nyce availability; Authorized product photo; Original Nyce descriptions and application classification,6 image(s) hosted by Macire; rights not cleared - do not reuse,"Reject - insufficient reliable information; enrich existing record only after verification, do not create duplicate",No reassignment proposed,Not approved - owner review pending; no import authorized
MACIRE-251,20HP KMAX Italy Alternator Three Phase AC – Synchronous Generator,https://macire.co.ke/product/20hp-kmax-italy-alternator-three-phase-ac-synchronous-generator/,2026-10-10,Existing unpublished draft only,,20hp-kmax-italy-alternator-three-phase-ac-synchronous-genera | 30hp-kmax-italy-alternator-three-phase-ac-synchronous-genera | 25hp-kmax-italy-alternator-three-phase-ac-synchronous-genera | 10hp-kmax-italy-alternator-synchronous-generator-single-phas,generators-7,generators,Petrol & Diesel Generators,generators-7,Alternators,Fits current taxonomy provisionally,Draft exact: 20hp-kmax-italy-alternator-three-phase-ac-synchronous-genera (exact normalized name); Draft possible: 30hp-kmax-italy-alternator-three-phase-ac-synchronous-genera (similar name + same brand; not proof of identity) | 25hp-kmax-italy-alternator-three-phase-ac-synchronous-genera (similar name + same brand; not proof of identity) | 10hp-kmax-italy-alternator-synchronous-generator-single-phas (similar name + same brand; not proof of identity); Register possible: MACIRE-249 (similar name + same brand; not proof of identity) | MACIRE-250 (similar name + same brand; not proof of identity),"Possible variant/model-family collision; compare power, capacity, phase, package and sale unit before any merge",Essential attribute: Rated output (kVA); Essential attribute: Phase; Essential attribute: Voltage (V); Manufacturer/owner verification of identity and specifications; Nyce price and date or owner-approved quote-only policy; Nyce availability; Authorized product photo; Original Nyce descriptions and application classification,6 image(s) hosted by Macire; rights not cleared - do not reuse,"Reject - insufficient reliable information; enrich existing record only after verification, do not create duplicate",No reassignment proposed,Not approved - owner review pending; no import authorized
MACIRE-252,25kW 3ph Diesel Generator Water-Cooled with Alternator and 30HP JD Diesel Engine,https://macire.co.ke/product/25kw-3ph-diesel-generator-water-cooled-with-alternator-and-30hp-jd-diesel-engine/,2026-10-10,New candidate (identity unconfirmed),,,generators-7,generators,Petrol & Diesel Generators,generators-6,Industrial Water Cooled Generators,Proposed reassignment; pending approval,Register possible: MACIRE-253 (similar name + same brand; not proof of identity),"Possible variant/model-family collision; compare power, capacity, phase, package and sale unit before any merge",Source product model/SKU; Essential attribute: Rated output (kVA / kW); Essential attribute: Fuel; Essential attribute: Phase; Essential attribute: Starting method; Essential attribute: Fuel tank (L); Manufacturer/owner verification of identity and specifications; Nyce price and date or owner-approved quote-only policy; Nyce availability; Authorized product photo; Original Nyce descriptions and application classification,5 image(s) hosted by Macire; rights not cleared - do not reuse,Reject - insufficient reliable information; do not merge similar names or model variants,Proposed reassignment generators-7 -> generators-6; owner approval required,Not approved - owner review pending; no import authorized
MACIRE-253,20kW 3ph Diesel Generator Water-Cooled with Alternator and 24HP JD Diesel Engine,https://macire.co.ke/product/20kw-3ph-diesel-generator-water-cooled-with-alternator-and-24hp-jd-diesel-engine/,2026-10-10,New candidate (identity unconfirmed),,,generators-7,generators,Petrol & Diesel Generators,generators-6,Industrial Water Cooled Generators,Proposed reassignment; pending approval,Register possible: MACIRE-252 (similar name + same brand; not proof of identity),"Possible variant/model-family collision; compare power, capacity, phase, package and sale unit before any merge",Source product model/SKU; Essential attribute: Rated output (kVA / kW); Essential attribute: Fuel; Essential attribute: Phase; Essential attribute: Starting method; Essential attribute: Fuel tank (L); Manufacturer/owner verification of identity and specifications; Nyce price and date or owner-approved quote-only policy; Nyce availability; Authorized product photo; Original Nyce descriptions and application classification,5 image(s) hosted by Macire; rights not cleared - do not reuse,Reject - insufficient reliable information; do not merge similar names or model variants,Proposed reassignment generators-7 -> generators-6; owner approval required,Not approved - owner review pending; no import authorized
MACIRE-254,4.5Kva Champion UK LPG Biogas Dual Fuel Portable Generator 4500watts With Electric Start,https://macire.co.ke/product/4-5kva-champion-uk-lpg-biogas-dual-fuel-portable-generator-4500watts-with-electric-start/,2026-10-10,Existing unpublished draft only,,4-5kva-champion-uk-lpg-biogas-dual-fuel-portable-generator-4,generators-8,generators,Petrol & Diesel Generators,generators-8,Biogas LPG Generators,Fits current taxonomy provisionally,Draft exact: 4-5kva-champion-uk-lpg-biogas-dual-fuel-portable-generator-4 (exact normalized name),4-5kva-champion-uk-lpg-biogas-dual-fuel-portable-generator-4 brand: catalogue=Champion UK; source=Champion,Source product model/SKU; Essential attribute: Rated output (kVA / kW); Essential attribute: Fuel; Essential attribute: Phase; Essential attribute: Starting method; Essential attribute: Fuel tank (L); Manufacturer/owner verification of identity and specifications; Nyce price and date or owner-approved quote-only policy; Nyce availability; Authorized product photo; Original Nyce descriptions and application classification,3 image(s) hosted by Macire; rights not cleared - do not reuse,"Reject - insufficient reliable information; enrich existing record only after verification, do not create duplicate",No reassignment proposed,Not approved - owner review pending; no import authorized
MACIRE-255,12.5Kva Maybach Welding Generator – 2 in 1 Heavy Duty Diesel,https://macire.co.ke/product/12-5kva-maybach-welding-generator-2-in-1-heavy-duty-diesel/,2026-10-10,New candidate (identity unconfirmed),,,generators-9,generators,Petrol & Diesel Generators,generators-9,Diesel Welding Generators,Fits current taxonomy provisionally,No match found; absence is not proof of uniqueness,No comparable stated conflict found; unverified/missing values are not agreement,Source product model/SKU; Essential attribute: Rated output (kVA); Essential attribute: Welding current (A); Essential attribute: Fuel; Manufacturer/owner verification of identity and specifications; Nyce price and date or owner-approved quote-only policy; Nyce availability; Authorized product photo; Original Nyce descriptions and application classification,7 image(s) hosted by Macire; rights not cleared - do not reuse,Reject - insufficient reliable information; do not merge similar names or model variants,No reassignment proposed,Not approved - owner review pending; no import authorized
MACIRE-256,7kva Diesel Welding Generator Uk Standard,https://macire.co.ke/product/7kva-diesel-welding-generator-uk-standard/,2026-10-10,New candidate (identity unconfirmed),,,generators-9,generators,Petrol & Diesel Generators,generators-9,Diesel Welding Generators,Fits current taxonomy provisionally,No match found; absence is not proof of uniqueness,No comparable stated conflict found; unverified/missing values are not agreement,Source product model/SKU; Essential attribute: Rated output (kVA); Essential attribute: Welding current (A); Essential attribute: Fuel; Manufacturer/owner verification of identity and specifications; Nyce price and date or owner-approved quote-only policy; Nyce availability; Authorized product photo; Original Nyce descriptions and application classification,4 image(s) hosted by Macire; rights not cleared - do not reuse,Reject - insufficient reliable information; do not merge similar names or model variants,No reassignment proposed,Not approved - owner review pending; no import authorized
MACIRE-257,8kva Diesel Welding Generator Rhino Japan Technology,https://macire.co.ke/product/rhino-japan-technology-8kva-diesel-welding-generator/,2026-10-10,New candidate (identity unconfirmed),,,generators-9,generators,Petrol & Diesel Generators,generators-9,Diesel Welding Generators,Fits current taxonomy provisionally,No match found; absence is not proof of uniqueness,No comparable stated conflict found; unverified/missing values are not agreement,Source product model/SKU; Essential attribute: Rated output (kVA); Essential attribute: Welding current (A); Essential attribute: Fuel; Manufacturer/owner verification of identity and specifications; Nyce price and date or owner-approved quote-only policy; Nyce availability; Authorized product photo; Original Nyce descriptions and application classification,2 image(s) hosted by Macire; rights not cleared - do not reuse,Reject - insufficient reliable information; do not merge similar names or model variants,No reassignment proposed,Not approved - owner review pending; no import authorized
MACIRE-258,"TLD10000E TLAC Diesel Generator – Copper Alternator, Industrial Socket, Battery Key Start",https://macire.co.ke/product/7-5kw-tlac-tld10000e-diesel-generator-9-4kva/,2026-10-10,New candidate,,,generators-9,generators,Petrol & Diesel Generators,generators-9,Diesel Welding Generators,Diesel generator listing does not establish welding output,Register possible: MACIRE-259 (similar name + same brand; not proof of identity),"MACIRE-259 model: catalogue=TLD8500E; source=TLD10000E; MACIRE-259 spec Model: catalogue=TLD8500E; source=TLD10000E (unit/meaning review needed); MACIRE-259 spec Listed power output: catalogue=7kW / 8.75kVA; source=7.5kW / 9.4kVA (unit/meaning review needed); MACIRE-259 spec Engine model: catalogue=192F; source=195F (unit/meaning review needed); Possible variant/model-family collision; compare power, capacity, phase, package and sale unit before any merge",Essential attribute: Rated output (kVA); Essential attribute: Welding current (A); Manufacturer/owner verification of identity and specifications; Nyce price and date or owner-approved quote-only policy; Nyce availability; Authorized product photo; Original Nyce descriptions and application classification,7 image(s) hosted by Macire; rights not cleared - do not reuse,Reject - taxonomy fit not established; do not merge similar names or model variants,Rejected placement requires owner taxonomy/fit review; no category change authorized,Not approved - owner review pending; no import authorized
MACIRE-259,"TLD8500E TLAC Diesel Generator – Copper Alternator, Industrial Socket, Battery Key Start",https://macire.co.ke/product/7kw-tlac-tld8500e-diesel-generator-8-75kva/,2026-10-10,New candidate,,,generators-9,generators,Petrol & Diesel Generators,generators-9,Diesel Welding Generators,Diesel generator listing does not establish welding output,Register possible: MACIRE-258 (similar name + same brand; not proof of identity),"MACIRE-258 model: catalogue=TLD10000E; source=TLD8500E; MACIRE-258 spec Model: catalogue=TLD10000E; source=TLD8500E (unit/meaning review needed); MACIRE-258 spec Listed power output: catalogue=7.5kW / 9.4kVA; source=7kW / 8.75kVA (unit/meaning review needed); MACIRE-258 spec Engine model: catalogue=195F; source=192F (unit/meaning review needed); Possible variant/model-family collision; compare power, capacity, phase, package and sale unit before any merge",Essential attribute: Rated output (kVA); Essential attribute: Welding current (A); Manufacturer/owner verification of identity and specifications; Nyce price and date or owner-approved quote-only policy; Nyce availability; Authorized product photo; Original Nyce descriptions and application classification,7 image(s) hosted by Macire; rights not cleared - do not reuse,Reject - taxonomy fit not established; do not merge similar names or model variants,Rejected placement requires owner taxonomy/fit review; no category change authorized,Not approved - owner review pending; no import authorized
MACIRE-260,5kVA K-Max Italy Key Start Petrol Generator,https://macire.co.ke/product/5kva-k-max-italy-key-start-petrol-generator/,2026-10-10,New candidate (identity unconfirmed),,,generators-10,generators,Petrol & Diesel Generators,generators-10,Home Backup Generators,Home backup suitability and installation requirements not established,No match found; absence is not proof of uniqueness,No comparable stated conflict found; unverified/missing values are not agreement,Source product model/SKU; Essential attribute: Rated output (kVA / kW); Essential attribute: Phase; Essential attribute: Starting method; Essential attribute: Fuel tank (L); Manufacturer/owner verification of identity and specifications; Nyce price and date or owner-approved quote-only policy; Nyce availability; Authorized product photo; Original Nyce descriptions and application classification,4 image(s) hosted by Macire; rights not cleared - do not reuse,Reject - taxonomy fit not established; do not merge similar names or model variants,Rejected placement requires owner taxonomy/fit review; no category change authorized,Not approved - owner review pending; no import authorized
MACIRE-261,4.3Kva Pioneer Japan Petrol Generator,https://macire.co.ke/product/4-3kva-pioneer-japan-petrol-generator/,2026-10-10,New candidate (identity unconfirmed),,,generators-10,generators,Petrol & Diesel Generators,generators-10,Home Backup Generators,Home backup suitability and installation requirements not established,Register possible: MACIRE-220 (similar name + same brand; not proof of identity),"Possible variant/model-family collision; compare power, capacity, phase, package and sale unit before any merge",Source product model/SKU; Essential attribute: Rated output (kVA / kW); Essential attribute: Fuel; Essential attribute: Phase; Essential attribute: Starting method; Essential attribute: Fuel tank (L); Manufacturer/owner verification of identity and specifications; Nyce price and date or owner-approved quote-only policy; Nyce availability; Authorized product photo; Original Nyce descriptions and application classification,4 image(s) hosted by Macire; rights not cleared - do not reuse,Reject - taxonomy fit not established; do not merge similar names or model variants,Rejected placement requires owner taxonomy/fit review; no category change authorized,Not approved - owner review pending; no import authorized
MACIRE-262,10kVA Maybach Single Phase Diesel Silent Generator with ATS – White,https://macire.co.ke/product/10kva-maybach-single-phase-diesel-silent-generator-with-ats-white/,2026-10-10,New candidate (identity unconfirmed),,,generators-10,generators,Petrol & Diesel Generators,generators-10,Home Backup Generators,Home backup suitability and installation requirements not established,Register possible: MACIRE-239 (similar name + same brand; not proof of identity),"MACIRE-239 spec Rated Power: catalogue=10.5kVA; source=10kVA (unit/meaning review needed); MACIRE-239 spec Phase: catalogue=Three Phase; source=Single Phase (unit/meaning review needed); MACIRE-239 spec Application: catalogue=Standby & Prime Power; source=Standby & Prime Backup Power (unit/meaning review needed); Possible variant/model-family collision; compare power, capacity, phase, package and sale unit before any merge",Source product model/SKU; Essential attribute: Rated output (kVA / kW); Essential attribute: Starting method; Essential attribute: Fuel tank (L); Manufacturer/owner verification of identity and specifications; Nyce price and date or owner-approved quote-only policy; Nyce availability; Authorized product photo; Original Nyce descriptions and application classification,7 image(s) hosted by Macire; rights not cleared - do not reuse,Reject - taxonomy fit not established; do not merge similar names or model variants,Rejected placement requires owner taxonomy/fit review; no category change authorized,Not approved - owner review pending; no import authorized
MACIRE-263,2.8kVA Hisaki Japan HK3000EN Petrol Generator – Compact Key-Start Power,https://macire.co.ke/product/2-8kva-hisaki-japan-hk3000en-petrol-generator-compact-key-start-power/,2026-10-10,New candidate,,,generators-10,generators,Petrol & Diesel Generators,generators-10,Home Backup Generators,Home backup suitability and installation requirements not established,No match found; absence is not proof of uniqueness,No comparable stated conflict found; unverified/missing values are not agreement,Essential attribute: Rated output (kVA / kW); Essential attribute: Phase; Essential attribute: Starting method; Essential attribute: Fuel tank (L); Manufacturer/owner verification of identity and specifications; Nyce price and date or owner-approved quote-only policy; Nyce availability; Authorized product photo; Original Nyce descriptions and application classification,5 image(s) hosted by Macire; rights not cleared - do not reuse,Reject - taxonomy fit not established; do not merge similar names or model variants,Rejected placement requires owner taxonomy/fit review; no category change authorized,Not approved - owner review pending; no import authorized
