research_date,proposed_nyce_category,proposed_nyce_subcategory,product_name,brand,model_or_sku,source_category,visible_specifications,listed_price_kes,regular_price_kes,availability,product_url,image_source_status,popularity_evidence,confidence,verification_notes
2026-10-10,Solar & Renewable Energy,Lithium Starter Solar Kits (solar-1),4kW + 5kWh Felicity Family Solar System Kit – 1SEFELIFAMY,Felicity,Not stated,Lithium Starter Solar Kits > Solar & Renewable Energy,Brand: Felicity; Product type: Family solar system kit; Macire product code: 1SEFELIFAMY; Commercial collection: 1SE – Solar Energy; Intended application: Family home / small office; Phase: Single-phase (1P); Inverter model: IVEM4024-II; Inverter power rating: 4kW; Inverter quantity: 1; Battery model: FLA24200WG2,"324,405","398,400",In stock,https://macire.co.ke/product/4kw-5kwh-felicity-family-solar-system-kit/,7 image(s) hosted by Macire; rights not cleared - do not reuse,"#1 of 15 in the category under the store's own ""popularity"" sort",Medium,"Listed price is the retailer's, not a Nyce Solutions price; Specifications as listed by the retailer; confirm against the manufacturer datasheet; not stated on listing: model/SKU; shown as discounted from KES 398,400 (retailer claim, not verified)"
2026-10-10,Solar & Renewable Energy,Lithium Starter Solar Kits (solar-1),3.2kW + 2.56kWh Felicity Starter Plus Solar System Kit – 1SEFELISTPL,Felicity,Not stated,Lithium Starter Solar Kits > Solar & Renewable Energy,Brand: Felicity; Product type: Starter Plus solar system kit; Macire product code: 1SEFELISTPL; Commercial collection: 1SE – Solar Energy; Intended use: Starter-home package for selected essential loads; Phase: Single-phase (1P); Inverter model: IVCM3224P1G2; Inverter power rating: 3.2kW; Inverter quantity: 1; Battery model: FLA24100PG2,"200,060","278,400",In stock,https://macire.co.ke/product/3-2kw-2-56kwh-felicity-starter-plus-solar-kit/,7 image(s) hosted by Macire; rights not cleared - do not reuse,"#2 of 15 in the category under the store's own ""popularity"" sort",Medium,"Listed price is the retailer's, not a Nyce Solutions price; Specifications as listed by the retailer; confirm against the manufacturer datasheet; not stated on listing: model/SKU; shown as discounted from KES 278,400 (retailer claim, not verified); also in owner spreadsheet (draft ""3-2kw-2-56kwh-felicity-starter-plus-solar-system-kit-1sefeli"")"
2026-10-10,Solar & Renewable Energy,Lithium Starter Solar Kits (solar-1),2kW Felicity Lithium Deluxe Family Solar Kit (24V) – Complete Home Solar Power System,Felicity,Not stated,Lithium Starter Solar Kits > Solar & Renewable Energy,System Type: Lithium Family Solar Kit; Inverter Rating: 2kW; System Voltage: 24V; Battery Capacity: 2.56 kWh; Battery Type: Lithium (LiFePO₄); Solar Panels: 2 × 620W; Application: Family home & small business; Installation: All-inclusive package; Warranty: Macire-backed (terms apply),"150,998","198,400",In stock,https://macire.co.ke/product/2kw-felicity-lithium-solar-family-kit-24v-inverter-battery-panels/,7 image(s) hosted by Macire; rights not cleared - do not reuse,"#3 of 15 in the category under the store's own ""popularity"" sort",Medium,"Listed price is the retailer's, not a Nyce Solutions price; Specifications as listed by the retailer; confirm against the manufacturer datasheet; not stated on listing: model/SKU; shown as discounted from KES 198,400 (retailer claim, not verified)"
2026-10-10,Solar & Renewable Energy,Lithium Starter Solar Kits (solar-1),2kW + 1.28kWh Felicity Starter Solar System Kit – 1SEFELISTAR,Felicity,Not stated,Lithium Starter Solar Kits > Solar & Renewable Energy,"Brand: Felicity; Product name: 2kW + 1.28kWh Felicity Starter Solar System Kit; Macire product code: 1SEFELISTAR; Commercial collection: 1SE – Solar Energy; Product type: Starter solar system kit; Intended use: Entry-level, light-load applications; Phase: Single-phase (1P); Inverter model: IVCM2012P1G2; Inverter power rating: 2kW; Inverter quantity: 1","133,420","188,400",In stock,https://macire.co.ke/product/2kw-1-28kwh-felicity-starter-solar-system-kit/,7 image(s) hosted by Macire; rights not cleared - do not reuse,"#4 of 15 in the category under the store's own ""popularity"" sort",Medium,"Listed price is the retailer's, not a Nyce Solutions price; Specifications as listed by the retailer; confirm against the manufacturer datasheet; not stated on listing: model/SKU; shown as discounted from KES 188,400 (retailer claim, not verified); also in owner spreadsheet (draft ""2kw-1-28kwh-felicity-starter-solar-system-kit-1sefelistar"")"
2026-10-10,Solar & Renewable Energy,Lithium Starter Solar Kits (solar-1),2.2kW MUST Lithium Deluxe Family Kit (24V) | All-Inclusive Package,Must,Not stated,Lithium Starter Solar Kits > Solar & Renewable Energy,"Brand: MUST; System Capacity: 2.2 kW; System Voltage: 24 V; Battery Capacity: 5.12 kWh (2 × 2.56 kWh Lithium); Solar Panel Capacity: 1,240 W (2 × 620 W); Output Waveform: Pure Sine Wave; Installation: All-Inclusive; Coverage Area: Nairobi & Environs; BOS, Mounting & Cabling: Included; Transport: Included","182,300","280,000",In stock,https://macire.co.ke/product/2-2kw-must-lithium-deluxe-family-kit-24v-all-inclusive-package/,9 image(s) hosted by Macire; rights not cleared - do not reuse,"#5 of 15 in the category under the store's own ""popularity"" sort",Medium,"Listed price is the retailer's, not a Nyce Solutions price; Specifications as listed by the retailer; confirm against the manufacturer datasheet; not stated on listing: model/SKU; shown as discounted from KES 280,000 (retailer claim, not verified)"
2026-10-10,Solar & Renewable Energy,Lithium Family & Home Solar Kits (solar-2),3.2Kw Lithium Solar Kit 3200w – Alltop 200ah Lithium Must Inverter – Reliable Energy Supply,Alltop,Not stated,Lithium Family & Home Solar Kits > Solar & Renewable Energy,Appliance: Power Rating; LED Bulbs (12-18): 5W each; 42”-75” TV: 100-250W; Laptops (Multiple): 50W each; Mobile Phones (10-20): 10W each; Fridge: 150W; Freezer: 200W; Security Lights: 10-30W each; CCTV System: 50W; Music System: 200W,"258,595","428,990",In stock,https://macire.co.ke/product/3-2kw-lithium-solar-kit-3200w-alltop-200ah-lithium-must-inverter-reliable-energy-supply/,13 image(s) hosted by Macire; rights not cleared - do not reuse,"#1 of 37 in the category under the store's own ""popularity"" sort",Medium,"Listed price is the retailer's, not a Nyce Solutions price; Specifications as listed by the retailer; confirm against the manufacturer datasheet; not stated on listing: model/SKU; shown as discounted from KES 428,990 (retailer claim, not verified)"
2026-10-10,Solar & Renewable Energy,Lithium Family & Home Solar Kits (solar-2),5.5Kw Seven Stars Lithium Solar Kit – 5500w 48v – Affordable & Reliable,Seven SS Stars,Not stated,Lithium Family & Home Solar Kits > Solar & Renewable Energy,Appliance: Estimated Units; LED Light Bulbs (10W): 20; 32″ TV: 1; Laptop: 1; Refrigerator (120W): 1; Freezer: 1; Wi-Fi Router: 1; Water Pump (0.5HP): 1; Borehole Pump (1HP): 1; Music System: 1,"239,995","459,995",In stock,https://macire.co.ke/product/5-5kw-seven-stars-lithium-solar-kit-5500w-48v-affordable-reliable/,17 image(s) hosted by Macire; rights not cleared - do not reuse,"#2 of 37 in the category under the store's own ""popularity"" sort",Medium,"Listed price is the retailer's, not a Nyce Solutions price; Specifications as listed by the retailer; confirm against the manufacturer datasheet; not stated on listing: model/SKU; shown as discounted from KES 459,995 (retailer claim, not verified)"
2026-10-10,Solar & Renewable Energy,Lithium Family & Home Solar Kits (solar-2),11kW ALPS Power Plus with 16kWh Storage Solar Kit,Not stated,Not stated,Lithium Family & Home Solar Kits > Solar & Renewable Energy,Inverter brand: AlpSolarr; Proposed inverter model: PULSE S2; Product type: Proposed solar-and-battery package; Inverter power rating: 11 kW; Inverter battery-system rating: 48 V; Package range: ALPS; Inverter quantity: 1; Storage package designation: 16 kWh (package name); Proposed battery quantity: 1; Proposed solar-panel quantity: 12,"611,000","980,990",In stock,https://macire.co.ke/product/11kw-alps-power-plus-with-16kwh-storage-solar-kit/,7 image(s) hosted by Macire; rights not cleared - do not reuse,"#3 of 37 in the category under the store's own ""popularity"" sort",Low,"Listed price is the retailer's, not a Nyce Solutions price; Specifications as listed by the retailer; confirm against the manufacturer datasheet; not stated on listing: brand, model/SKU; shown as discounted from KES 980,990 (retailer claim, not verified); also in owner spreadsheet (draft ""11kw-alps-power-plus-with-16kwh-storage-solar-kit"")"
2026-10-10,Solar & Renewable Energy,Lithium Family & Home Solar Kits (solar-2),11kW ALPS Power with 10kWh Storage Solar Kit,AlpSolarr,Not stated,Lithium Family & Home Solar Kits > Solar & Renewable Energy,Inverter brand: AlpSolarr; Proposed inverter model: PULSE S2; Product type: Proposed solar-and-battery package; Inverter power rating: 11 kW; Inverter battery-system rating: 48 V; Package range: ALPS; Inverter quantity: 1; Storage package designation: 10 kWh (package name); Proposed battery quantity: 2; Proposed solar-panel quantity: 12,"567,000","780,990",In stock,https://macire.co.ke/product/11kw-alps-power-with-10kwh-storage-solar-kit/,6 image(s) hosted by Macire; rights not cleared - do not reuse,"#4 of 37 in the category under the store's own ""popularity"" sort",Medium,"Listed price is the retailer's, not a Nyce Solutions price; Specifications as listed by the retailer; confirm against the manufacturer datasheet; not stated on listing: model/SKU; shown as discounted from KES 780,990 (retailer claim, not verified)"
2026-10-10,Solar & Renewable Energy,Lithium Family & Home Solar Kits (solar-2),8kW ALPS Home & Business with 10kWh Storage Solar Kit,AlpSolarr,Not stated,Lithium Family & Home Solar Kits > Solar & Renewable Energy,Inverter brand: AlpSolarr; Proposed inverter model: PULSE S4; Product type: Proposed solar-and-battery package; Inverter power rating: 8 kW; Inverter battery-system rating: 48 V; Package range: ALPS; Inverter quantity: 1; Storage package designation: 10 kWh (package name); Proposed battery quantity: 2; Proposed solar-panel quantity: 10,"481,000","780,990",In stock,https://macire.co.ke/product/8kw-alps-home-business-with-10kwh-storage-solar-kit/,6 image(s) hosted by Macire; rights not cleared - do not reuse,"#5 of 37 in the category under the store's own ""popularity"" sort",Medium,"Listed price is the retailer's, not a Nyce Solutions price; Specifications as listed by the retailer; confirm against the manufacturer datasheet; not stated on listing: model/SKU; shown as discounted from KES 780,990 (retailer claim, not verified)"
2026-10-10,Solar & Renewable Energy,Lithium Premium Home & Business Kits (solar-3),10kW SRNE Lithium Solar High-Load Home Kit 14.33kWh | All-Inclusive,SRNE,Not stated,Lithium Premium Home & Business Kits > Solar & Renewable Energy,"Brand: SRNE; System Capacity: 10 kW; System Voltage: 48 V; Battery Capacity: 14.33 kWh (Lithium LiFePO₄); Solar Panel Capacity: 6,200 W (10 × 620 W); Output Waveform: Pure Sine Wave; Installation: All-Inclusive; Coverage Area: Nairobi & Environs; BOS, Mounting & Cabling: Included; Transport: Included","541,500","650,000",In stock,https://macire.co.ke/product/10kw-srne-lithium-solar-high-load-home-kit-14-33kwh-all-inclusive/,17 image(s) hosted by Macire; rights not cleared - do not reuse,"#1 of 20 in the category under the store's own ""popularity"" sort",Medium,"Listed price is the retailer's, not a Nyce Solutions price; Specifications as listed by the retailer; confirm against the manufacturer datasheet; not stated on listing: model/SKU; shown as discounted from KES 650,000 (retailer claim, not verified); also in owner spreadsheet (draft ""10kw-srne-lithium-solar-high-load-home-kit-14-33kwh-all-incl"")"
2026-10-10,Solar & Renewable Energy,Lithium Premium Home & Business Kits (solar-3),6.2kW 48V SVC Lithium Smart Home Solar Kit – 5.12kWh Battery & 6 × 590W Panels,SVC Energy,Not stated,Lithium Premium Home & Business Kits > Solar & Renewable Energy,Product category: Lithium Family & Home Solar Kits; Kit type: Solar generation and lithium battery storage package; Inverter brand and range: SVC Phoenix; Inverter type: Off-grid inverter; Inverter quantity: 1; Inverter rated power: 6.2kW; Inverter nominal battery-system voltage: 48V; Battery brand and range: SVC Phoenix; Battery quantity: 1; Battery chemistry: Lithium iron phosphate — LiFePO4,"289,995","446,577",In stock,https://macire.co.ke/product/6-2kw-48v-svc-lithium-smart-home-solar-kit-5-12kwh-battery-6-x-590w-panels/,16 image(s) hosted by Macire; rights not cleared - do not reuse,"#2 of 20 in the category under the store's own ""popularity"" sort",Medium,"Listed price is the retailer's, not a Nyce Solutions price; Specifications as listed by the retailer; confirm against the manufacturer datasheet; not stated on listing: model/SKU; shown as discounted from KES 446,577 (retailer claim, not verified)"
2026-10-10,Solar & Renewable Energy,Lithium Premium Home & Business Kits (solar-3),6.5kW HEPU Premium Home Solar Kit with 5kWh Lithium Battery & Installation Included,Solar Nyumbani,Not stated,Lithium Premium Home & Business Kits > Solar & Renewable Energy,Component: Specification; Inverter: 6.5kW HEPU Hybrid Inverter; Battery: 5kWh Solar Nyumbani Lithium Battery; Solar Panels: 4 × 620W Solar Panels; Total Solar Capacity: 2.48kW; Monitoring: Smart Monitoring; Installation: Included (Nairobi & Environs); Application: Residential Solar Power System,"299,995","585,997",In stock,https://macire.co.ke/product/6-5kw-hepu-premium-home-solar-kit-with-5kwh-lithium-battery-installation-included/,5 image(s) hosted by Macire; rights not cleared - do not reuse,"#3 of 20 in the category under the store's own ""popularity"" sort",Medium,"Listed price is the retailer's, not a Nyce Solutions price; Specifications as listed by the retailer; confirm against the manufacturer datasheet; not stated on listing: model/SKU; shown as discounted from KES 585,997 (retailer claim, not verified); also in owner spreadsheet (draft ""6-5kw-hepu-premium-home-solar-kit-with-5kwh-lithium-battery"")"
2026-10-10,Solar & Renewable Energy,Lithium Premium Home & Business Kits (solar-3),10kW SRNE Lithium Solar Backup Kit 10.24kWh | All-Inclusive,SRNE,Not stated,Lithium Premium Home & Business Kits > Solar & Renewable Energy,"Brand: SRNE; System Capacity: 10 kW; System Voltage: 48 V; Battery Capacity: 10.24 kWh (Lithium LiFePO₄); Solar Panel Capacity: 4,960 W (8 × 620 W); Output Waveform: Pure Sine Wave; Installation: All-Inclusive; Coverage Area: Nairobi & Environs; BOS, Mounting & Cabling: Included; Transport: Included","491,700","610,000",In stock,https://macire.co.ke/product/10kw-srne-lithium-solar-backup-kit-10-24kwh-all-inclusive/,17 image(s) hosted by Macire; rights not cleared - do not reuse,"#4 of 20 in the category under the store's own ""popularity"" sort",Medium,"Listed price is the retailer's, not a Nyce Solutions price; Specifications as listed by the retailer; confirm against the manufacturer datasheet; not stated on listing: model/SKU; shown as discounted from KES 610,000 (retailer claim, not verified); also in owner spreadsheet (draft ""10kw-srne-lithium-solar-backup-kit-10-24kwh-all-inclusive"")"
2026-10-10,Solar & Renewable Energy,Lithium Premium Home & Business Kits (solar-3),10kW MUST Lithium Plus Power Solar Kit 48V | All-Inclusive Package,Must,Not stated,Lithium Premium Home & Business Kits > Solar & Renewable Energy,"Brand: MUST; System Capacity: 10 kW; System Voltage: 48 V; Battery Capacity: 20.48 kWh (Lithium LiFePO₄); Solar Panel Capacity: 6,200 W (10 × 620 W); Output Waveform: Pure Sine Wave; Installation: All-Inclusive; Coverage Area: Nairobi & Environs; BOS, Mounting & Cabling: Included; Transport: Included","677,750","780,000",In stock,https://macire.co.ke/product/10kw-must-lithium-plus-power-solar-kit-48v-all-inclusive-package/,9 image(s) hosted by Macire; rights not cleared - do not reuse,"#5 of 20 in the category under the store's own ""popularity"" sort",Medium,"Listed price is the retailer's, not a Nyce Solutions price; Specifications as listed by the retailer; confirm against the manufacturer datasheet; not stated on listing: model/SKU; shown as discounted from KES 780,000 (retailer claim, not verified); also in owner spreadsheet (draft ""10kw-must-lithium-plus-power-solar-kit-48v-all-inclusive-pac"")"
2026-10-10,Solar & Renewable Energy,Lithium Commercial & Industrial Solar (solar-4),120Kw Livoltek Solar Kit – C&I On- Grid Three Phase Grid-tied Inverter with TW Solar Panel High Capacity,Livoltek,Not stated,Lithium Commercial & Industrial Solar Systems > Solar & Renewable Energy,No specification table in listing,1,5,In stock,https://macire.co.ke/product/120kw-livoltek-solar-kit-ci-on-grid-three-phase-grid-tied-inverter-with-tw-solar-panel-high-capacity/,9 image(s) hosted by Macire; rights not cleared - do not reuse,"#1 of 54 in the category under the store's own ""popularity"" sort",Low,"Listed price is the retailer's, not a Nyce Solutions price; Specifications as listed by the retailer; confirm against the manufacturer datasheet; not stated on listing: model/SKU, specification table; shown as discounted from KES 5 (retailer claim, not verified)"
2026-10-10,Solar & Renewable Energy,Lithium Commercial & Industrial Solar (solar-4),50Kw Livoltek Solar Kit – C&I On- Grid Three Phase Grid-tied Inverter with TW Solar Panel High Capacity,Livoltek,Not stated,Lithium Commercial & Industrial Solar Systems > Solar & Renewable Energy,No specification table in listing,1,5,In stock,https://macire.co.ke/product/50kw-livoltek-solar-kit-ci-on-grid-three-phase-grid-tied-inverter-with-tw-solar-panel-high-capacity/,7 image(s) hosted by Macire; rights not cleared - do not reuse,"#2 of 54 in the category under the store's own ""popularity"" sort",Low,"Listed price is the retailer's, not a Nyce Solutions price; Specifications as listed by the retailer; confirm against the manufacturer datasheet; not stated on listing: model/SKU, specification table; shown as discounted from KES 5 (retailer claim, not verified)"
2026-10-10,Solar & Renewable Energy,Lithium Commercial & Industrial Solar (solar-4),30Kw Livoltek Solar Kit – C&I On- Grid Three Phase Grid-tied Inverter with TW Solar Panel High Capacity,Livoltek,Not stated,Lithium Commercial & Industrial Solar Systems > Solar & Renewable Energy,No specification table in listing,1,5,In stock,https://macire.co.ke/product/30kw-livoltek-solar-kit-ci-on-grid-three-phase-grid-tied-inverter-with-tw-solar-panel-high-capacity/,10 image(s) hosted by Macire; rights not cleared - do not reuse,"#3 of 54 in the category under the store's own ""popularity"" sort",Low,"Listed price is the retailer's, not a Nyce Solutions price; Specifications as listed by the retailer; confirm against the manufacturer datasheet; not stated on listing: model/SKU, specification table; shown as discounted from KES 5 (retailer claim, not verified)"
2026-10-10,Solar & Renewable Energy,Lithium Commercial & Industrial Solar (solar-4),16kW 3-Phase + 30.72kWh Felicity Commercial Solar System Kit – 1SEFELIC16P,Felicity,Not stated,Lithium Commercial & Industrial Solar Systems > Solar & Renewable Energy,Brand: Felicity; Product name: 16kW 3-Phase + 30.72kWh Felicity Commercial Solar System Kit; Macire product code: 1SEFELIC16P; Commercial collection: 1SE – Solar Energy; Product type: Commercial solar system kit with battery storage; Phase: Three-phase (3P); Inverter model: IVGM16KLP3G1; Inverter power rating: 16kW; Inverter quantity: 1; Battery model / configuration: FLH 30.72kWh Set,"1,731,125","2,528,400",In stock,https://macire.co.ke/product/16kw-3-phase-30-72kwh-felicity-commercial-solar-kit/,12 image(s) hosted by Macire; rights not cleared - do not reuse,"#4 of 54 in the category under the store's own ""popularity"" sort",Medium,"Listed price is the retailer's, not a Nyce Solutions price; Specifications as listed by the retailer; confirm against the manufacturer datasheet; not stated on listing: model/SKU; shown as discounted from KES 2,528,400 (retailer claim, not verified); also in owner spreadsheet (draft ""16kw-3-phase-30-72kwh-felicity-commercial-solar-system-kit-1"")"
2026-10-10,Solar & Renewable Energy,Lithium Commercial & Industrial Solar (solar-4),16kW + 15kWh Felicity Large Home & SME Solar System Kit,Felicity,Not stated,Lithium Commercial & Industrial Solar Systems > Solar & Renewable Energy,Brand: Felicity; Product name: 16kW + 15kWh Felicity Large Home & SME Solar System Kit; Commercial collection: 1SE – Solar Energy; Product type: Solar system kit with battery storage; Intended use: Larger homes and small to medium-sized businesses; Phase: Single-phase (1P); Inverter model: IVGM16KLP1G1; Inverter power rating: 16kW; Inverter quantity: 1; Inverter warranty: 5 years,"1,076,250","1,528,400",In stock,https://macire.co.ke/product/16kw-15kwh-felicity-large-home-sme-solar-kit/,12 image(s) hosted by Macire; rights not cleared - do not reuse,"#5 of 54 in the category under the store's own ""popularity"" sort",Medium,"Listed price is the retailer's, not a Nyce Solutions price; Specifications as listed by the retailer; confirm against the manufacturer datasheet; not stated on listing: model/SKU; shown as discounted from KES 1,528,400 (retailer claim, not verified)"
2026-10-10,Solar & Renewable Energy,Hybrid Solar Inverters (solar-5),"1.5kVA MUST VPM High-Frequency Inverter – 12V, 60A, 160VDC",Must,Not stated,Hybrid Inverters > Solar & Renewable Energy > Solar Inverters,Brand: MUST; Series: VPM; Product Type: High-Frequency Inverter; Rated Capacity: 1.5kVA; Battery Voltage: 12V; Charging Capacity: 60A; DC Specification: 160VDC; Inverter Technology: High Frequency; Recommended Use: Solar & Backup Power,"22,995","59,800",In stock,https://macire.co.ke/product/1-5kva-must-vpm-high-frequency-inverter-12v-60a-160vdc/,11 image(s) hosted by Macire; rights not cleared - do not reuse,"#1 of 62 in the category under the store's own ""popularity"" sort",Medium,"Listed price is the retailer's, not a Nyce Solutions price; Specifications as listed by the retailer; confirm against the manufacturer datasheet; not stated on listing: model/SKU; shown as discounted from KES 59,800 (retailer claim, not verified)"
2026-10-10,Solar & Renewable Energy,Hybrid Solar Inverters (solar-5),"3.2kVA MUST VPM High-Frequency Inverter – 24V, 60A, 160VDC",Must,Not stated,Hybrid Inverters > Solar & Renewable Energy > Solar Inverters,Brand: MUST; Product type: Solar inverter; Architecture: High frequency; Series: VPM; Rated apparent power: 3.2kVA; Battery-system voltage: 24V; Charging-current specification: 60A; DC input specification: 160V DC,"30,995","78,600",In stock,https://macire.co.ke/product/2-2kva-must-vpm-24v-solar-inverter/,18 image(s) hosted by Macire; rights not cleared - do not reuse,"#2 of 62 in the category under the store's own ""popularity"" sort",Medium,"Listed price is the retailer's, not a Nyce Solutions price; Specifications as listed by the retailer; confirm against the manufacturer datasheet; not stated on listing: model/SKU; shown as discounted from KES 78,600 (retailer claim, not verified)"
2026-10-10,Solar & Renewable Energy,Hybrid Solar Inverters (solar-5),Must 2.5Kw 2500Watts 24V PV1800 VPM Hybrid Offgrid Inverter,Not stated,PV18-2524 VM,Hybrid Inverters > Solar & Renewable Energy > Solar Inverters,MODEL: PV18-2524 VM; Default Battery System Voltage: 24VDC; Rated Power: 2500VA / 2000W; Surge Power: 5000VA; Waveform: Pure sine wave; AC Voltage Regulation (Batt.Mode): 220VAC~240VAC(Setting); Inverter Efficiency(Peak): 90%~93%; Transfer Time: 10ms(UPS / VDE4105) / 20ms(APL); Voltage: 230VAC; Selectable Voltage Range: 170~280VAC(UPS) / 90~280VAC(APL) / 184~253VAC(VDE),"36,000","63,000",In stock,https://macire.co.ke/product/must-2-5kw-2500watts-24v-pv1800-vpm-hybrid-offgrid-inverter/,5 image(s) hosted by Macire; rights not cleared - do not reuse,"#3 of 62 in the category under the store's own ""popularity"" sort",Medium,"Listed price is the retailer's, not a Nyce Solutions price; Specifications as listed by the retailer; confirm against the manufacturer datasheet; not stated on listing: brand; shown as discounted from KES 63,000 (retailer claim, not verified)"
2026-10-10,Solar & Renewable Energy,Hybrid Solar Inverters (solar-5),4kw 24v SVC Off-grid Solar Inverter – 4000w 100A MPPT – Intuitive LCD Display,SVC Energy,Not stated,Hybrid Inverters > Solar & Renewable Energy > Solar Inverters,Appliance: Quantity; LED Light Bulbs (10W): 15; Refrigerator (200L): 1; Laptop: 3; TV (42 Inch): 1; Wi-Fi Router: 1; Security Camera System: 1; Mobile Phone Charging: 4 Phones,"38,469","78,600",In stock,https://macire.co.ke/product/4kw-24v-svc-off-grid-solar-inverter-4000w-100a-mppt-intuitive-lcd-display/,5 image(s) hosted by Macire; rights not cleared - do not reuse,"#4 of 62 in the category under the store's own ""popularity"" sort",Medium,"Listed price is the retailer's, not a Nyce Solutions price; Specifications as listed by the retailer; confirm against the manufacturer datasheet; not stated on listing: model/SKU; shown as discounted from KES 78,600 (retailer claim, not verified)"
2026-10-10,Solar & Renewable Energy,Hybrid Solar Inverters (solar-5),8kW AlpSolarr Eco PULSE S4 48V Hybrid Solar Inverter – Flexible Solar & Battery Power,AlpSolarr,Not stated,Hybrid Inverters > Solar & Renewable Energy,Brand: AlpSolarr Eco; Series / Model: PULSE S4; Power Rating: 8kW; Battery System: 48V; Inverter Type: Hybrid Solar Inverter; Main Application: Solar & Battery Power Systems,"78,995","95,000",In stock,https://macire.co.ke/product/8kw-alpsolarr-eco-pulse-s4-48v-hybrid-solar-inverter-flexible-solar-battery-power/,5 image(s) hosted by Macire; rights not cleared - do not reuse,"#5 of 62 in the category under the store's own ""popularity"" sort",Medium,"Listed price is the retailer's, not a Nyce Solutions price; Specifications as listed by the retailer; confirm against the manufacturer datasheet; not stated on listing: model/SKU; shown as discounted from KES 95,000 (retailer claim, not verified); also in owner spreadsheet (draft ""8kw-alpsolarr-eco-pulse-s4-48v-hybrid-solar-inverter-flexibl"")"
2026-10-10,Solar & Renewable Energy,Lithium Batteries (solar-6),200Ah Platinum LiFePO₄ Lithium Battery 12.8V – High-Capacity Deep Cycle Solar Battery,Platinum,Not stated,Lithium Batteries > Solar & Renewable Energy,No specification table in listing,"37,995","96,500",In stock,https://macire.co.ke/product/200ah-platinum-lifepo%e2%82%84-lithium-battery-12-8v-high-capacity-deep-cycle-solar-battery/,5 image(s) hosted by Macire; rights not cleared - do not reuse,"#1 of 129 in the category under the store's own ""popularity"" sort",Low,"Listed price is the retailer's, not a Nyce Solutions price; Specifications as listed by the retailer; confirm against the manufacturer datasheet; not stated on listing: model/SKU, specification table; shown as discounted from KES 96,500 (retailer claim, not verified)"
2026-10-10,Solar & Renewable Energy,Lithium Batteries (solar-6),100Ah Platinum LiFePO₄ Lithium Battery 12.8V – Long-Lasting Deep Cycle Energy Storage,Platinum,Not stated,Lithium Batteries > Solar & Renewable Energy,Brand: Platinum; Battery Type: LiFePO₄ Lithium Battery; Voltage: 12.8V; Capacity: 100Ah; Chemistry: Lithium Iron Phosphate (LiFePO₄); Application: Solar & Backup Energy Storage; Maintenance: Maintenance-Free,"25,995","36,500",In stock,https://macire.co.ke/product/100ah-platinum-lifepo%e2%82%84-lithium-battery-12-8v-long-lasting-deep-cycle-energy-storage/,5 image(s) hosted by Macire; rights not cleared - do not reuse,"#2 of 129 in the category under the store's own ""popularity"" sort",Medium,"Listed price is the retailer's, not a Nyce Solutions price; Specifications as listed by the retailer; confirm against the manufacturer datasheet; not stated on listing: model/SKU; shown as discounted from KES 36,500 (retailer claim, not verified)"
2026-10-10,Solar & Renewable Energy,Lithium Batteries (solar-6),2.56kWh Felicity FLA12200PG2 12V 200Ah Grade A Battery,Felicity,FLA12200PG2,Lithium Batteries > Solar & Renewable Energy,"Brand: Felicity; Model: FLA12200PG2; Nominal Energy: 2.56kWh; Voltage: 12V; Capacity: 200Ah; Battery Grade: Grade A; Recommended Charge Current: <100A; Recommended Discharge Power: <1,500W; Cycle Life: ≥6000 Cycles @ 25°C; Depth of Discharge: 95% DOD","41,995","75,999",In stock,https://macire.co.ke/product/2-56kwh-felicity-fla12200pg2-12v-200ah-grade-a-battery/,5 image(s) hosted by Macire; rights not cleared - do not reuse,"#3 of 129 in the category under the store's own ""popularity"" sort",High,"Listed price is the retailer's, not a Nyce Solutions price; Specifications as listed by the retailer; confirm against the manufacturer datasheet; shown as discounted from KES 75,999 (retailer claim, not verified)"
2026-10-10,Solar & Renewable Energy,Lithium Batteries (solar-6),"200Ah Yachu 12.8V Lithium Battery – LiFePO₄, Built-in BMS, Deep Cycle",Yachu,Not stated,Lithium Batteries > Solar & Renewable Energy,"Brand: Yachu; Battery Type: LiFePO₄ (Lithium Iron Phosphate); Nominal Voltage: 12.8V; Nominal Capacity: 200Ah; Nominal Energy: 2.56kWh; Cycle Life: 3000–6000 cycles (80% DOD typical); Charging Voltage: 14.2V – 14.6V; Recommended Charge Current: 20A – 100A; Max Continuous Discharge: 100A (model dependent); Operating Temperature: 0°C to 50°C (charge), -10°C to 55°C (discharge)","44,995","70,000",In stock,https://macire.co.ke/product/200ah-yachu-12-8v-lithium-battery-lifepo%e2%82%84-built-in-bms-deep-cycle/,4 image(s) hosted by Macire; rights not cleared - do not reuse,"#4 of 129 in the category under the store's own ""popularity"" sort",Medium,"Listed price is the retailer's, not a Nyce Solutions price; Specifications as listed by the retailer; confirm against the manufacturer datasheet; not stated on listing: model/SKU; shown as discounted from KES 70,000 (retailer claim, not verified)"
2026-10-10,Solar & Renewable Energy,Lithium Batteries (solar-6),Lithium Battery 12v 150ah Lifepo4 Battery Pack,Macire,Not stated,Lithium Batteries > Solar & Renewable Energy > Solar Batteries,No specification table in listing,"52,400","87,000",In stock,https://macire.co.ke/product/lithium-battery-12v-150ah-lifepo4-battery-pack/,3 image(s) hosted by Macire; rights not cleared - do not reuse,"#5 of 129 in the category under the store's own ""popularity"" sort",Low,"Listed price is the retailer's, not a Nyce Solutions price; Specifications as listed by the retailer; confirm against the manufacturer datasheet; not stated on listing: model/SKU, specification table; shown as discounted from KES 87,000 (retailer claim, not verified)"
2026-10-10,Solar & Renewable Energy,Solar DC Borehole Pumps (solar-7),50m 1500L/h 24v Premier Solar DC Water Pump Deep Well JZDC3S24-250 with 250watts Panel,Premier,Not stated,Solar DC Submersible Borehole Water Pumps > Water & Irrigation Equipment,No specification table in listing,"19,000","48,790",In stock,https://macire.co.ke/product/60m-1500l-h-24v-premier-solar-dc-water-pump-deep-well-jzdc3s24-250-with-250watts-panel/,7 image(s) hosted by Macire; rights not cleared - do not reuse,"#1 of 186 in the category under the store's own ""popularity"" sort",Low,"Listed price is the retailer's, not a Nyce Solutions price; Specifications as listed by the retailer; confirm against the manufacturer datasheet; not stated on listing: model/SKU, specification table; shown as discounted from KES 48,790 (retailer claim, not verified)"
2026-10-10,Solar & Renewable Energy,Solar DC Borehole Pumps (solar-7),60M Premier DC Solar Submersible Pump – 250W 24V,Premier,Not stated,Solar DC Submersible Borehole Water Pumps > Water & Irrigation Equipment,"Brand: Premier; Pump Type: DC Solar Submersible; Power Rating: 250W; Voltage: 24V DC; Flow Rate: 1.5m³/hr (1,500L/hr); Max Lift: 60 meters; Motor Type: DC Brushless; Body Material: Stainless Steel; Cable Length: 18 meters; Outlet Size: 1″ (standard)","7,495","18,790",In stock,https://macire.co.ke/product/60m-premier-dc-solar-submersible-pump-250w-24v/,7 image(s) hosted by Macire; rights not cleared - do not reuse,"#2 of 186 in the category under the store's own ""popularity"" sort",Medium,"Listed price is the retailer's, not a Nyce Solutions price; Specifications as listed by the retailer; confirm against the manufacturer datasheet; not stated on listing: model/SKU; shown as discounted from KES 18,790 (retailer claim, not verified)"
2026-10-10,Solar & Renewable Energy,Solar DC Borehole Pumps (solar-7),"1.25″ Shiyuan 2.2kW Hybrid AC/DC Submersible Deep Well Pump – 160m Head, 6.5m³/h, Brushless with Controller",Shiyuan,Not stated,Solar & Renewable Energy > Solar DC Submersible Borehole Water Pumps > Solar Water Pumps > Water & Irrigation Equipment,No specification table in listing,"58,995","82,099",In stock,https://macire.co.ke/product/160m-2-2kw-solar-borehole-pump-6-5m3-h-shiyuan-280v-1-25-submersible-deep-well-pump/,16 image(s) hosted by Macire; rights not cleared - do not reuse,"#3 of 186 in the category under the store's own ""popularity"" sort",Low,"Listed price is the retailer's, not a Nyce Solutions price; Specifications as listed by the retailer; confirm against the manufacturer datasheet; not stated on listing: model/SKU, specification table; shown as discounted from KES 82,099 (retailer claim, not verified)"
2026-10-10,Solar & Renewable Energy,Solar DC Borehole Pumps (solar-7),56m 6000L/Hr 4″ Solar Water Pump Kit with Panels 4DPC6-56-48-750 DC 48V 750W Submersible Borehole Deep Well pump with Mppt Controller Trunsun,Trunsun,Voltage,Solar & Renewable Energy > Solar DC Submersible Borehole Water Pumps > Solar Water Pumps > Water & Irrigation Equipment,Model: Voltage; 4DPC6-42-48-600: 48V; 4DPC6-42-72-600: 72V; 4DPC6-56-48-750: 48V; 4DPC6-56-72-750: 72V; 4DPC6-84-72-1100: 72V; 4DPC6-84-110-1100: 110V; 4DPC6-112-110-1300: 110V; 4DPC6-135-110-1500: 110V; 4DPC9-45-110-750: 110V,"115,399","251,670",In stock,https://macire.co.ke/product/56m-6000l-hr-4-solar-water-pump-kit-with-panels-4dpc6-56-48-750-dc-48v-750w-submersible-borehole-deep-well-pump-with-mppt-controller-trunsun/,13 image(s) hosted by Macire; rights not cleared - do not reuse,"#4 of 186 in the category under the store's own ""popularity"" sort",High,"Listed price is the retailer's, not a Nyce Solutions price; Specifications as listed by the retailer; confirm against the manufacturer datasheet; shown as discounted from KES 251,670 (retailer claim, not verified)"
2026-10-10,Solar & Renewable Energy,Solar DC Borehole Pumps (solar-7),3Kw 7m³ 220m Doyin DC AC/DC Hybrid Borehole Submersible Water Pump – 4SDS7 3000w 4hp 7000L/h,Doyin,Not stated,AC DC Borehole Pumps > Borehole & Water Solutions > Borehole Pumps Systems > Solar DC Submersible Borehole Water Pumps,"Tank Size: Suitable Users; 5,000L: 15–25 users; 10,000L: 30–50 users; 15,000L: 60–90 users; 20,000L+: 100+ users","46,192","127,000",In stock,https://macire.co.ke/product/3kw-7m%c2%b3-220m-doyin-dc-ac-dc-hybrid-borehole-submersible-water-pump-4sds7-3000w-4hp-7000l-h/,14 image(s) hosted by Macire; rights not cleared - do not reuse,"#5 of 186 in the category under the store's own ""popularity"" sort",Medium,"Listed price is the retailer's, not a Nyce Solutions price; Specifications as listed by the retailer; confirm against the manufacturer datasheet; not stated on listing: model/SKU; shown as discounted from KES 127,000 (retailer claim, not verified)"
2026-10-10,Solar & Renewable Energy,Solar Water Heaters (solar-8),200L Aquasun Non-Pressurised Solar Water Heater,Aquasun,Not stated,Solar & Renewable Energy > Solar Water Heaters,"Brand: Aquasun; Product Type: Solar water heater; Storage Capacity: 200 litres; System Type: Non-pressurised; Water-Supply Arrangement: Compatible gravity-fed, low-pressure system; Heat Source: Solar energy; Macire Collection: 1SE – Solar Energy","75,500","148,000",In stock,https://macire.co.ke/product/200l-aquasun-non-pressurised-solar-water-heater/,8 image(s) hosted by Macire; rights not cleared - do not reuse,"#1 of 89 in the category under the store's own ""popularity"" sort",Medium,"Listed price is the retailer's, not a Nyce Solutions price; Specifications as listed by the retailer; confirm against the manufacturer datasheet; not stated on listing: model/SKU; shown as discounted from KES 148,000 (retailer claim, not verified)"
2026-10-10,Solar & Renewable Energy,Solar Water Heaters (solar-8),300L Phoenix Pressurised Solar Water Heater – High-Capacity Solar Comfort,Phoenix,Not stated,Solar & Renewable Energy > Solar Water Heaters,Brand: Phoenix; Capacity: 300L; Product Type: Solar Water Heater; System Type: Pressurised; Heating Source: Solar Energy; Water Storage: 300 Litres; Main Use: Residential Hot-Water Supply,"169,999","250,000",In stock,https://macire.co.ke/product/300l-phoenix-pressurised-solar-water-heater-high-capacity-solar-comfort/,7 image(s) hosted by Macire; rights not cleared - do not reuse,"#2 of 89 in the category under the store's own ""popularity"" sort",Medium,"Listed price is the retailer's, not a Nyce Solutions price; Specifications as listed by the retailer; confirm against the manufacturer datasheet; not stated on listing: model/SKU; shown as discounted from KES 250,000 (retailer claim, not verified); also in owner spreadsheet (draft ""300l-phoenix-pressurised-solar-water-heater-high-capacity-so"")"
2026-10-10,Solar & Renewable Energy,Solar Water Heaters (solar-8),300L Megasun Solar Indirect Water Heater System – Complete Solar Hot Water Solution,Megasun,Not stated,Solar & Renewable Energy > Solar Water Heaters,Brand: Megasun; System Capacity: 300 Litres; Product Type: Solar Indirect Water Heater System; Tank: Megasun 300L Indirect Water Heater Tank; Collector Panels: 2 × Megasun Solar 2000 Flat Plate Collectors; Controller: TDU SR609 Intelligent Solar Controller; Support Frame: Megasun Support Base (2 Collectors); Heat Transfer Fluid: Megasun Solar Antifreeze Liquid (1L); Heating Method: Indirect Heat Exchange; Installation: Roof Mounted,"341,200","430,000",In stock,https://macire.co.ke/product/300l-megasun-solar-indirect-water-heater-system-complete-solar-hot-water-solution/,8 image(s) hosted by Macire; rights not cleared - do not reuse,"#3 of 89 in the category under the store's own ""popularity"" sort",Medium,"Listed price is the retailer's, not a Nyce Solutions price; Specifications as listed by the retailer; confirm against the manufacturer datasheet; not stated on listing: model/SKU; shown as discounted from KES 430,000 (retailer claim, not verified); also in owner spreadsheet (draft ""300l-megasun-solar-indirect-water-heater-system-complete-sol"")"
2026-10-10,Solar & Renewable Energy,Solar Water Heaters (solar-8),200L Megasun Solar Indirect Water Heater System – Complete Pressurized Solar Hot Water Solution,Megasun,Not stated,Solar & Renewable Energy > Solar Water Heaters,Brand: Megasun; System Type: Indirect Pressurized Solar Water Heating System; Tank Capacity: 200 Litres; Tank Type: Indirect Heat Exchange Tank; Collector Type: Flat Plate Solar Collector; Collector Model: Megasun Solar 2500 Collector Panel; Controller: TDU SR609 Intelligent Solar Controller; Mounting: Megasun Support Base (1 Collector); Heat Transfer Fluid: Solar Antifreeze Liquid (1L Included); Heating Method: Closed-Loop Indirect Heat Exchange,"230,995","300,000",In stock,https://macire.co.ke/product/200l-megasun-solar-indirect-water-heater-system-complete-pressurized-solar-hot-water-solution/,9 image(s) hosted by Macire; rights not cleared - do not reuse,"#4 of 89 in the category under the store's own ""popularity"" sort",Medium,"Listed price is the retailer's, not a Nyce Solutions price; Specifications as listed by the retailer; confirm against the manufacturer datasheet; not stated on listing: model/SKU; shown as discounted from KES 300,000 (retailer claim, not verified); also in owner spreadsheet (draft ""200l-megasun-solar-indirect-water-heater-system-complete-pre"")"
2026-10-10,Solar & Renewable Energy,Solar Water Heaters (solar-8),200L Seven Stars Stainless Pressurized Solar Water Heater,Seven SS Stars,Not stated,Solar & Renewable Energy > Solar Water Heaters,Brand: Seven Stars; Product Type: Solar Water Heater; Capacity: 200 Litres; System Type: Pressurized; Construction: Stainless Steel; Energy Source: Solar; Installation: Rooftop / Outdoor; Application: Residential Hot Water,"125,800","250,000",In stock,https://macire.co.ke/product/200l-seven-stars-stainless-pressurized-solar-water-heater/,7 image(s) hosted by Macire; rights not cleared - do not reuse,"#5 of 89 in the category under the store's own ""popularity"" sort",Medium,"Listed price is the retailer's, not a Nyce Solutions price; Specifications as listed by the retailer; confirm against the manufacturer datasheet; not stated on listing: model/SKU; shown as discounted from KES 250,000 (retailer claim, not verified); also in owner spreadsheet (draft ""200l-seven-stars-stainless-pressurized-solar-water-heater"")"
2026-10-10,Solar & Renewable Energy,Solar Accessories (solar-9),Suntree Pv cable 10.0mm2,Suntree,Not stated,Solar & Renewable Energy > Solar Accessories,No specification table in listing,300,523,In stock,https://macire.co.ke/product/suntree-pv-cable-10-0mm2/,1 image(s) hosted by Macire; rights not cleared - do not reuse,"#1 of 30 in the category under the store's own ""popularity"" sort",Low,"Listed price is the retailer's, not a Nyce Solutions price; Specifications as listed by the retailer; confirm against the manufacturer datasheet; not stated on listing: model/SKU, specification table; shown as discounted from KES 523 (retailer claim, not verified)"
2026-10-10,Solar & Renewable Energy,Solar Accessories (solar-9),Suntree Mc4 Connector,Suntree,Not stated,Solar & Renewable Energy > Solar Accessories,No specification table in listing,350,570,In stock,https://macire.co.ke/product/suntree-mc4-connector/,4 image(s) hosted by Macire; rights not cleared - do not reuse,"#2 of 30 in the category under the store's own ""popularity"" sort",Low,"Listed price is the retailer's, not a Nyce Solutions price; Specifications as listed by the retailer; confirm against the manufacturer datasheet; not stated on listing: model/SKU, specification table; shown as discounted from KES 570 (retailer claim, not verified)"
2026-10-10,Solar & Renewable Energy,Solar Accessories (solar-9),6mm Pv Solar Cable – Pure Copper,Suntree,Not stated,Solar & Renewable Energy > Solar Accessories,No specification table in listing,195,550,In stock,https://macire.co.ke/product/6mm-pv-solar-cable-pure-copper/,4 image(s) hosted by Macire; rights not cleared - do not reuse,"#3 of 30 in the category under the store's own ""popularity"" sort",Low,"Listed price is the retailer's, not a Nyce Solutions price; Specifications as listed by the retailer; confirm against the manufacturer datasheet; not stated on listing: model/SKU, specification table; shown as discounted from KES 550 (retailer claim, not verified)"
2026-10-10,Solar & Renewable Energy,Solar Accessories (solar-9),6mm Suntree Pv Solar Cable,Suntree,Not stated,Solar & Renewable Energy > Solar Accessories,No specification table in listing,175,550,In stock,https://macire.co.ke/product/6mm-suntree-pv-solar-cable/,4 image(s) hosted by Macire; rights not cleared - do not reuse,"#4 of 30 in the category under the store's own ""popularity"" sort",Low,"Listed price is the retailer's, not a Nyce Solutions price; Specifications as listed by the retailer; confirm against the manufacturer datasheet; not stated on listing: model/SKU, specification table; shown as discounted from KES 550 (retailer claim, not verified)"
2026-10-10,Solar & Renewable Energy,Solar Accessories (solar-9),Solar MC4 Connector T-Branch 3 to 1 Splitter MMMF + FFFM Pair,Suntree,Not stated,Solar & Renewable Energy > Solar Accessories,No specification table in listing,"1,800","2,000",In stock,https://macire.co.ke/product/solar-mc4-connector-t-branch-3-to-1-splitter-mmmf-fffm-pair/,1 image(s) hosted by Macire; rights not cleared - do not reuse,"#5 of 30 in the category under the store's own ""popularity"" sort",Low,"Listed price is the retailer's, not a Nyce Solutions price; Specifications as listed by the retailer; confirm against the manufacturer datasheet; not stated on listing: model/SKU, specification table; shown as discounted from KES 2,000 (retailer claim, not verified)"
2026-10-10,Solar & Renewable Energy,Solar Pumping Inverter (solar-10),2.2Kw Single Phase Hober Solar Pumping Hybrid Inverter – Advanced MPPT Technology,Hober,Not stated,Solar & Renewable Energy > Solar Pumping Inverter,No specification table in listing,"53,995","100,000",In stock,https://macire.co.ke/product/2-2kw-1ph-hober-solar-pumping-hybrid-inverter-advanced-mppt-technology/,15 image(s) hosted by Macire; rights not cleared - do not reuse,"#1 of 47 in the category under the store's own ""popularity"" sort",Low,"Listed price is the retailer's, not a Nyce Solutions price; Specifications as listed by the retailer; confirm against the manufacturer datasheet; not stated on listing: model/SKU, specification table; shown as discounted from KES 100,000 (retailer claim, not verified)"
2026-10-10,Solar & Renewable Energy,Solar Pumping Inverter (solar-10),75kW 3-Phase Hober Solar Pumping Hybrid Inverter,Hober,Not stated,Solar & Renewable Energy > Solar Pumping Inverter,Brand: Hober; Rated Power: 75kW; Phase Output: 3-Phase (380V–460V); Input Voltage (DC): 400V – 850V; Output Frequency: 0–50/60Hz (Variable for motor speed control); MPPT Efficiency: 99%; Cooling: Intelligent Fan System; Enclosure Protection: IP65 – Outdoor Grade; Weight: Approx. 70–85 kg; Display: Digital LED with Setup Interface,"485,300","800,000",In stock,https://macire.co.ke/product/75kw-3-phase-hober-solar-pumping-hybrid-inverter/,11 image(s) hosted by Macire; rights not cleared - do not reuse,"#2 of 47 in the category under the store's own ""popularity"" sort",Medium,"Listed price is the retailer's, not a Nyce Solutions price; Specifications as listed by the retailer; confirm against the manufacturer datasheet; not stated on listing: model/SKU; shown as discounted from KES 800,000 (retailer claim, not verified); also in owner spreadsheet (draft ""75kw-3-phase-hober-solar-pumping-hybrid-inverter"")"
2026-10-10,Solar & Renewable Energy,Solar Pumping Inverter (solar-10),110kW 3-Phase Hober Solar Pumping Hybrid Inverter,Hober,Solar Pumping Hybrid Inverter,Solar & Renewable Energy > Solar Pumping Inverter,"Brand: Hober; Model: Solar Pumping Hybrid Inverter; Rated Power: 110kW; Input Voltage Range (DC): 400V – 850V; Output Voltage (AC): 380V – 460V (Three Phase); Max Efficiency: 99% (MPPT Controller); Compatible Pump Types: Submersible, Surface, Centrifugal; Hybrid Sources: Solar, Grid, Generator; Cooling: Intelligent Fan Cooling; Protection: Over/Under Voltage, Dry Run, Surge, Overload","749,600","1,000,000",In stock,https://macire.co.ke/product/110kw-3-phase-hober-solar-pumping-hybrid-inverter/,11 image(s) hosted by Macire; rights not cleared - do not reuse,"#3 of 47 in the category under the store's own ""popularity"" sort",High,"Listed price is the retailer's, not a Nyce Solutions price; Specifications as listed by the retailer; confirm against the manufacturer datasheet; shown as discounted from KES 1,000,000 (retailer claim, not verified); also in owner spreadsheet (draft ""110kw-3-phase-hober-solar-pumping-hybrid-inverter"")"
2026-10-10,Solar & Renewable Energy,Solar Pumping Inverter (solar-10),2.2kW Taifu TNF130 End Suction Pump (3-Phase),Taifu,TNF130,Solar & Renewable Energy > Solar Pumping Inverter,Model: TNF130; Power Output: 2.2kW (3HP); Voltage: 380V (3-Phase); Frequency: 50Hz; Max Flow Rate: 1000 L/min; Max Head: 13 meters; Suction Capacity: 7 meters; Inlet/Outlet Diameter: 3 inches / 3 inches; Protection Class: IP54; Insulation Class: F,"48,500","78,000",In stock,https://macire.co.ke/product/2-2kw-taifu-tnf130-end-suction-pump-3-phase/,6 image(s) hosted by Macire; rights not cleared - do not reuse,"#4 of 47 in the category under the store's own ""popularity"" sort",High,"Listed price is the retailer's, not a Nyce Solutions price; Specifications as listed by the retailer; confirm against the manufacturer datasheet; shown as discounted from KES 78,000 (retailer claim, not verified)"
2026-10-10,Solar & Renewable Energy,Solar Pumping Inverter (solar-10),4kW Taifu End Suction Pump (3-Phase),Taifu,Not stated,Solar & Renewable Energy > Solar Pumping Inverter,Power Output: 4kW; Voltage: 380V (3-Phase); Flow Rate: Up to 100 m³/h; Head: Up to 40 meters; Inlet/Outlet Diameter: 2 inches / 2 inches; Material: Cast Iron/Stainless Steel; Protection Class: IP55; Insulation Class: F,"60,500","90,000",In stock,https://macire.co.ke/product/4kw-taifu-end-suction-pump-3-phase/,8 image(s) hosted by Macire; rights not cleared - do not reuse,"#5 of 47 in the category under the store's own ""popularity"" sort",Medium,"Listed price is the retailer's, not a Nyce Solutions price; Specifications as listed by the retailer; confirm against the manufacturer datasheet; not stated on listing: model/SKU; shown as discounted from KES 90,000 (retailer claim, not verified)"
2026-10-10,Agriculture & Irrigation,Irrigation Water Kits (agriculture-1),2″ Pulser UK Petrol Water Pump WP20P 6.5HP 36000L/h 28m,Pulser UK,WP20P,Agriculture & Farm Equipment > Petrol Water Pumps > Water & Irrigation Equipment,"Brand: Pulser UK; Model: WP20P; Pump Type: Petrol Surface Water Pump; Power: 6.5HP (4.8kW); Engine Type: 4-Stroke, 210cc; Speed: 3600 RPM; Fuel Type: Unleaded Petrol + 4-Stroke Engine Oil; Fuel Tank Capacity: 3.6L; Average Fuel Consumption: 0.65L/h; Maximum Flow: 36,000 L/h","15,995","25,600",In stock,https://macire.co.ke/product/2-pulser-uk-wp20p-petrol-water-pump-6-5hp-28m/,5 image(s) hosted by Macire; rights not cleared - do not reuse,"#2 of 417 in the category under the store's own ""popularity"" sort",High,"Listed price is the retailer's, not a Nyce Solutions price; Specifications as listed by the retailer; confirm against the manufacturer datasheet; shown as discounted from KES 25,600 (retailer claim, not verified); Macire uses one category for Irrigation Water Kits, Agriculture & Irrigation and Water & Irrigation Equipment"
2026-10-10,Agriculture & Irrigation,Irrigation Water Kits (agriculture-1),0.75Kw 1Hp Aico Borehole Pump – DW1100 150m 4800L/Hr Deep Well Submersible Water Pump with Controller,Aico Japan,Aico DW1100,Electric Submersible Borehole Pumps > Water & Irrigation Equipment,"Model: Aico DW1100; Power: 0.75kW / 1.0HP; Flow Rate: 4800 L/h (≈5.0 m³/h); Max Head (Lift): 150 meters; Voltage: 230V Single Phase; Frequency: 50Hz; Material: Stainless Steel Pump Body + Thermoplastic Impellers; Insulation Class: F-Class Copper Winding; Thermal Protection: Yes – Built-in; Control Box: Included (on/off, overload & capacitor protection)","19,995","34,099",In stock,https://macire.co.ke/product/0-75kw-1hp-aico-borehole-pump-dw1100-150m-4800l-hr-deep-well-submersible-water-pump-with-controller/,7 image(s) hosted by Macire; rights not cleared - do not reuse,"#5 of 417 in the category under the store's own ""popularity"" sort",High,"Listed price is the retailer's, not a Nyce Solutions price; Specifications as listed by the retailer; confirm against the manufacturer datasheet; shown as discounted from KES 34,099 (retailer claim, not verified); Macire uses one category for Irrigation Water Kits, Agriculture & Irrigation and Water & Irrigation Equipment"
2026-10-10,Agriculture & Irrigation,Irrigation Water Kits (agriculture-1),3HP 220M Aico Japan DW3000 Borehole Water Pump 2.2kW – Single Phase Deep Well Submersible,Aico Japan,Not stated,Electric Submersible Borehole Pumps > Water & Irrigation Equipment,No specification table in listing,"30,600","60,000",In stock,https://macire.co.ke/product/2-2kw-220m-aico-borehole-water-pump-4800l-hr-3hp-dw3000-single-phase-deep-well-submersible-water-pump/,7 image(s) hosted by Macire; rights not cleared - do not reuse,"#6 of 417 in the category under the store's own ""popularity"" sort",Low,"Listed price is the retailer's, not a Nyce Solutions price; Specifications as listed by the retailer; confirm against the manufacturer datasheet; not stated on listing: model/SKU, specification table; shown as discounted from KES 60,000 (retailer claim, not verified); Macire uses one category for Irrigation Water Kits, Agriculture & Irrigation and Water & Irrigation Equipment"
2026-10-10,Agriculture & Irrigation,Irrigation Water Kits (agriculture-1),0.37Kw 0.5Hp Aico Borehole Pump DW1050 – Deep Well AC Electric Submersible Water Pump – 80 Meters Lift Single Phase,Aico Japan,Aico DW1050,Electric Submersible Borehole Pumps > Water & Irrigation Equipment,"Model: Aico DW1050; Power: 0.37kW / 0.5HP; Flow Rate: 4800 L/h (≈5.0 m³/h); Max Head (Lift): 80 meters; Voltage: 230V Single Phase (220–240V range); Frequency: 50Hz; Casing Material: Stainless Steel + High-Strength Thermoplastic; Motor Protection: F-Class Insulation, Thermal Protected; Outlet Size: 1.25 inch; Installation: Vertical, Fully Submersible","16,995","30,000",In stock,https://macire.co.ke/product/0-37kw-0-5hp-aico-borehole-pump-dw1050-deep-well-ac-electric-submersible-water-pump-80-meters-lift-single-phase/,7 image(s) hosted by Macire; rights not cleared - do not reuse,"#7 of 417 in the category under the store's own ""popularity"" sort",High,"Listed price is the retailer's, not a Nyce Solutions price; Specifications as listed by the retailer; confirm against the manufacturer datasheet; shown as discounted from KES 30,000 (retailer claim, not verified); Macire uses one category for Irrigation Water Kits, Agriculture & Irrigation and Water & Irrigation Equipment"
2026-10-10,Agriculture & Irrigation,Irrigation Water Kits (agriculture-1),2″ 7.5Hp Benford-uk Petrol Water Pump,Benford,Not stated,Petrol Water Pumps > Water & Irrigation Equipment,No specification table in listing,"12,500","21,990",In stock,https://macire.co.ke/product/2-7-5hp-benford-uk-petrol-water-pump/,4 image(s) hosted by Macire; rights not cleared - do not reuse,"#8 of 417 in the category under the store's own ""popularity"" sort",Low,"Listed price is the retailer's, not a Nyce Solutions price; Specifications as listed by the retailer; confirm against the manufacturer datasheet; not stated on listing: model/SKU, specification table; shown as discounted from KES 21,990 (retailer claim, not verified); Macire uses one category for Irrigation Water Kits, Agriculture & Irrigation and Water & Irrigation Equipment"
2026-10-10,Agriculture & Irrigation,Walking Tractor (agriculture-2),JD-2000MH Jiadi Maize Harvester – 16HP Diesel Engine with Key Start,Not stated,JD-2000MH Jiadi Maize Harvester,Agriculture & Farm Equipment > Walking Tractor,Model: JD-2000MH Jiadi Maize Harvester; Engine Power: 16 Horsepower (HP); Fuel Type: Diesel; Start Mechanism: Key Start (electric ignition); Application: Maize harvesting; Operation Type: Self-propelled/field harvester,"240,000","359,999",In stock,https://macire.co.ke/product/jd-2000mh-jiadi-maize-harvester-16hp-diesel-engine-with-key-start/,4 image(s) hosted by Macire; rights not cleared - do not reuse,"#1 of 2 in the category under the store's own ""popularity"" sort",Medium,"Listed price is the retailer's, not a Nyce Solutions price; Specifications as listed by the retailer; confirm against the manufacturer datasheet; not stated on listing: brand; shown as discounted from KES 359,999 (retailer claim, not verified)"
2026-10-10,Agriculture & Irrigation,Walking Tractor (agriculture-2),10HP JD10L JIADI Walking Diesel Tractor with Implements – Multi-Purpose Farm Power Tiller,Jiadi,JD10L,Agriculture & Farm Equipment > Walking Tractor,Brand: JIADI; Model: JD10L; Engine Power: 10HP; Fuel Type: Diesel; Machine Type: Walking Diesel Tractor; Operation: Walk Behind; Implements Included: Yes; Application: Land Preparation & Farming Operations; Usage: Agricultural & Commercial,"238,995","530,000",In stock,https://macire.co.ke/product/10hp-jd10l-jiadi-walking-diesel-tractor-with-implements-multi-purpose-farm-power-tiller/,5 image(s) hosted by Macire; rights not cleared - do not reuse,"#2 of 2 in the category under the store's own ""popularity"" sort",High,"Listed price is the retailer's, not a Nyce Solutions price; Specifications as listed by the retailer; confirm against the manufacturer datasheet; shown as discounted from KES 530,000 (retailer claim, not verified); matches live Nyce product ""jiadi-tractor"""
2026-10-10,Agriculture & Irrigation,Bee Keeping Equipment (agriculture-3),Premium Mesh Nylon Beekeeping Suit | Camire UK,Camire UK,Not stated,Agriculture & Farm Equipment > Bee Keeping Equipment,Brand: Camire UK; Product Code: CMUK-BEE-008; Product Type: Full-body beekeeping suit; Material: 100% premium mesh nylon; Coverage: Full body; Commercial Collection: 5FI – Farming & Irrigation; Primary Use: Protective clothing for beekeeping and apiary work,"6,895","18,000",In stock,https://macire.co.ke/product/premium-mesh-nylon-beekeeping-suit-camire-uk/,7 image(s) hosted by Macire; rights not cleared - do not reuse,"#1 of 9 in the category under the store's own ""popularity"" sort",Medium,"Listed price is the retailer's, not a Nyce Solutions price; Specifications as listed by the retailer; confirm against the manufacturer datasheet; not stated on listing: model/SKU; shown as discounted from KES 18,000 (retailer claim, not verified)"
2026-10-10,Agriculture & Irrigation,Bee Keeping Equipment (agriculture-3),Bee Keeping Silicone Beeswax Foundation Sheet Mold,Not stated,Not stated,Agriculture & Farm Equipment > Bee Keeping Equipment,No specification table in listing,"7,500","12,500",In stock,https://macire.co.ke/product/bee-keeping-silicone-beeswax-foundation-sheet-mold/,4 image(s) hosted by Macire; rights not cleared - do not reuse,"#2 of 9 in the category under the store's own ""popularity"" sort",Low,"Listed price is the retailer's, not a Nyce Solutions price; Specifications as listed by the retailer; confirm against the manufacturer datasheet; not stated on listing: brand, model/SKU, specification table; shown as discounted from KES 12,500 (retailer claim, not verified); also in owner spreadsheet (draft ""bee-keeping-silicone-beeswax-foundation-sheet-mold"")"
2026-10-10,Agriculture & Irrigation,Bee Keeping Equipment (agriculture-3),Honey Refractometer for Bee Keeping Honey Moisture,Macire,Not stated,Agriculture & Farm Equipment > Bee Keeping Equipment,No specification table in listing,"2,200","7,000",In stock,https://macire.co.ke/product/honey-refractometer-for-bee-keeping-honey-moisture/,5 image(s) hosted by Macire; rights not cleared - do not reuse,"#3 of 9 in the category under the store's own ""popularity"" sort",Low,"Listed price is the retailer's, not a Nyce Solutions price; Specifications as listed by the retailer; confirm against the manufacturer datasheet; not stated on listing: model/SKU, specification table; shown as discounted from KES 7,000 (retailer claim, not verified); also in owner spreadsheet (draft ""honey-refractometer-for-bee-keeping-honey-moisture"")"
2026-10-10,Agriculture & Irrigation,Bee Keeping Equipment (agriculture-3),50kg Bee Keeping Settling Tank With Double Sieve,Not stated,Not stated,Agriculture & Farm Equipment > Bee Keeping Equipment,No specification table in listing,"24,500","27,995",In stock,https://macire.co.ke/product/50kg-bee-keeping-settling-tank-with-double-sieve/,4 image(s) hosted by Macire; rights not cleared - do not reuse,"#4 of 9 in the category under the store's own ""popularity"" sort",Low,"Listed price is the retailer's, not a Nyce Solutions price; Specifications as listed by the retailer; confirm against the manufacturer datasheet; not stated on listing: brand, model/SKU, specification table; shown as discounted from KES 27,995 (retailer claim, not verified); also in owner spreadsheet (draft ""50kg-bee-keeping-settling-tank-with-double-sieve"")"
2026-10-10,Agriculture & Irrigation,Bee Keeping Equipment (agriculture-3),30kg Bee Keeping Settling Tank With Double Sieve,Not stated,Not stated,Agriculture & Farm Equipment > Bee Keeping Equipment,No specification table in listing,"21,500","29,500",In stock,https://macire.co.ke/product/30kg-bee-keeping-settling-tank-with-double-sieve/,4 image(s) hosted by Macire; rights not cleared - do not reuse,"#5 of 9 in the category under the store's own ""popularity"" sort",Low,"Listed price is the retailer's, not a Nyce Solutions price; Specifications as listed by the retailer; confirm against the manufacturer datasheet; not stated on listing: brand, model/SKU, specification table; shown as discounted from KES 29,500 (retailer claim, not verified); also in owner spreadsheet (draft ""30kg-bee-keeping-settling-tank-with-double-sieve"")"
2026-10-10,Agriculture & Irrigation,Incubators (agriculture-4),"192 Eggs Premier Egg Incubator – Automatic Rolling, High Hatch Rate, Energy Efficient",Premier,Not stated,Agriculture & Farm Equipment > Incubators,Brand: Premier; Product Type: Automatic Egg Incubator; Egg Capacity: 192 Eggs; Egg Turning: Automatic Turning / Rolling; Temperature Control: Digital; Humidity Control: Digital; Operation: Automatic Incubation; Efficiency: Energy-Efficient; Performance: Designed for High Hatch Rates; Primary Use: Poultry Egg Hatching,"19,495","30,000",In stock,https://macire.co.ke/product/192-eggs-premier-egg-incubator-automatic-rolling-high-hatch-rate-energy-efficient/,9 image(s) hosted by Macire; rights not cleared - do not reuse,"#1 of 49 in the category under the store's own ""popularity"" sort",Medium,"Listed price is the retailer's, not a Nyce Solutions price; Specifications as listed by the retailer; confirm against the manufacturer datasheet; not stated on listing: model/SKU; shown as discounted from KES 30,000 (retailer claim, not verified)"
2026-10-10,Agriculture & Irrigation,Incubators (agriculture-4),"320 Eggs Premier Egg Incubator – Automatic Turning, High Hatch Rate, Energy Efficient",Premier,Not stated,Agriculture & Farm Equipment > Incubators,Brand: Premier; Product Type: Automatic Egg Incubator; Egg Capacity: 320 Eggs; Incubation Scale: Medium-Capacity; Egg Turning: Automatic Turning / Rolling; Temperature Management: Digital Control; Humidity Management: Digital Control; Operation: Automated Incubation; Efficiency: Energy-Efficient Operation; Primary Purpose: Controlled Poultry Egg Hatching,"25,495","54,000",In stock,https://macire.co.ke/product/320-eggs-premier-egg-incubator-automatic-turning-high-hatch-rate-energy-efficient/,4 image(s) hosted by Macire; rights not cleared - do not reuse,"#2 of 49 in the category under the store's own ""popularity"" sort",Medium,"Listed price is the retailer's, not a Nyce Solutions price; Specifications as listed by the retailer; confirm against the manufacturer datasheet; not stated on listing: model/SKU; shown as discounted from KES 54,000 (retailer claim, not verified)"
2026-10-10,Agriculture & Irrigation,Incubators (agriculture-4),128 Eggs Faida Bora Digital Fully Automatic Egg Incubator,Faida Bora,Not stated,Agriculture & Farm Equipment > Incubators,"Capacity: 128 Eggs; Egg Types: Chicken, Duck, Quail, Turkey, etc.; Turning System: Automatic (every 2 hours); Display: Digital LED; Temperature Control: Automatic (Adjustable); Humidity Control: Automatic (Add water manually); Power Source: AC 220V (Battery 12V optional); Power Consumption: 80–120W; Material: High-quality plastic & aluminum; Backup Support: Yes (can be connected to 12V battery)","19,695","39,000",In stock,https://macire.co.ke/product/128-eggs-faida-bora-digital-fully-automatic-egg-incubator/,14 image(s) hosted by Macire; rights not cleared - do not reuse,"#3 of 49 in the category under the store's own ""popularity"" sort",Medium,"Listed price is the retailer's, not a Nyce Solutions price; Specifications as listed by the retailer; confirm against the manufacturer datasheet; not stated on listing: model/SKU; shown as discounted from KES 39,000 (retailer claim, not verified)"
2026-10-10,Agriculture & Irrigation,Incubators (agriculture-4),36 Eggs Incubator with Automatic Turning & Humidity Control & LED Canding Lamp Milano,Milano Italia,Not stated,Agriculture & Farm Equipment > Incubators,Digital Heat Control Set your species’ ideal temperature and monitor current heat to the precise degree on the easy LED dashboard.: 360° Roller Automatic Egg Turning & Adjustable Hatching Warmth – simulates the original ecology hen hatching mode for better hatching,"14,495","23,400",In stock,https://macire.co.ke/product/36-eggs-incubator-with-automatic-turning-humidity-control-led-canding-lamp-milano/,3 image(s) hosted by Macire; rights not cleared - do not reuse,"#4 of 49 in the category under the store's own ""popularity"" sort",Medium,"Listed price is the retailer's, not a Nyce Solutions price; Specifications as listed by the retailer; confirm against the manufacturer datasheet; not stated on listing: model/SKU; shown as discounted from KES 23,400 (retailer claim, not verified)"
2026-10-10,Agriculture & Irrigation,Incubators (agriculture-4),120 Egg Automatic Incubator (Can Use Electricity or Battery),Not stated,Not stated,Agriculture & Farm Equipment > Incubators,No specification table in listing,"23,400","48,000",In stock,https://macire.co.ke/product/120-egg-automatic-incubator-can-use-electricity-or-battery/,2 image(s) hosted by Macire; rights not cleared - do not reuse,"#5 of 49 in the category under the store's own ""popularity"" sort",Low,"Listed price is the retailer's, not a Nyce Solutions price; Specifications as listed by the retailer; confirm against the manufacturer datasheet; not stated on listing: brand, model/SKU, specification table; shown as discounted from KES 48,000 (retailer claim, not verified)"
2026-10-10,Agriculture & Irrigation,Posho Mill (agriculture-5),"Premier PM33 Commercial Maize Mill – 450kg/h Output, Dual Frame, Multi-Power Ready",Premier,Premier PM33,Agriculture & Farm Equipment > Posho Mill,Model: Premier PM33; Maximum Output: Up to 450kg/hour; Milling Type: Dry maize milling; Frame Type: Heavy-duty dual frame; Power Options: Electric motor or diesel engine; Screen: Free milling screen included; Construction: Industrial steel body; Operation: Belt-driven; Voltage (Electric Option): Single phase; Application: Commercial maize milling,"58,200","100,000",In stock,https://macire.co.ke/product/premier-pm33-commercial-maize-mill-450kg-h-output-dual-frame-multi-power-ready/,5 image(s) hosted by Macire; rights not cleared - do not reuse,"#1 of 15 in the category under the store's own ""popularity"" sort",High,"Listed price is the retailer's, not a Nyce Solutions price; Specifications as listed by the retailer; confirm against the manufacturer datasheet; shown as discounted from KES 100,000 (retailer claim, not verified); also in owner spreadsheet (draft ""premier-pm33-commercial-maize-mill-450kg-h-output-dual-frame"")"
2026-10-10,Agriculture & Irrigation,Posho Mill (agriculture-5),"10HP Premier PM33 Commercial Maize Mill – 450kg/h Output, Dual Frame, Free Screen",Premier,PM33,Agriculture & Farm Equipment > Posho Mill,Brand: Premier; Model: PM33; Milling Capacity: Up to 450kg/hour; Power Option 1: 10HP Diesel Engine (Included); Power Option 2: Electric Motor Compatible; Motor Speed: High-speed operation; Frame Type: Heavy-duty dual frame; Milling Screens: Free screen included; Grain Type: Maize and similar grains; Construction: Reinforced steel body,"83,600","155,000",In stock,https://macire.co.ke/product/10hp-premier-pm33-commercial-maize-mill-450kg-h-output-dual-frame-free-screen/,6 image(s) hosted by Macire; rights not cleared - do not reuse,"#2 of 15 in the category under the store's own ""popularity"" sort",High,"Listed price is the retailer's, not a Nyce Solutions price; Specifications as listed by the retailer; confirm against the manufacturer datasheet; shown as discounted from KES 155,000 (retailer claim, not verified)"
2026-10-10,Agriculture & Irrigation,Posho Mill (agriculture-5),"450kg/h Premier PM33 Commercial Maize Mill – Dual Frame, Free Screen, 7.5HP Ready",Premier,PM33,Agriculture & Farm Equipment > Posho Mill,Brand: Premier; Model: PM33; Milling Capacity: Up to 450kg/hour; Power Requirement: 7.5HP; Motor Type: High-speed single phase electric motor; Alternative Power Option: Compatible with diesel engine; Frame Type: Heavy-duty dual frame; Milling Screens: Free screen included; Application: Maize and grain milling; Build Material: Reinforced steel construction,"79,995","150,000",In stock,https://macire.co.ke/product/450kg-h-premier-pm33-commercial-maize-mill-dual-frame-free-screen-7-5hp-ready/,4 image(s) hosted by Macire; rights not cleared - do not reuse,"#3 of 15 in the category under the store's own ""popularity"" sort",High,"Listed price is the retailer's, not a Nyce Solutions price; Specifications as listed by the retailer; confirm against the manufacturer datasheet; shown as discounted from KES 150,000 (retailer claim, not verified)"
2026-10-10,Agriculture & Irrigation,Posho Mill (agriculture-5),"450kg/h Premier PM33 Commercial Maize Mill – Imported Build, High Output, With Screen",Premier,PM33,Agriculture & Farm Equipment > Posho Mill,Model: PM33; Brand: Premier; Type: Commercial Maize Mill; Maximum Output: Up to 450 kg/hour; Milling Screen: Included; Build: Heavy-Duty Steel Construction; Operation: Continuous Commercial Use; Origin: Imported; Application: Maize Flour Milling; Installation: Floor Mounted,"46,800","99,999",In stock,https://macire.co.ke/product/450kg-h-premier-pm33-commercial-maize-mill-imported-build-high-output-with-screen/,4 image(s) hosted by Macire; rights not cleared - do not reuse,"#4 of 15 in the category under the store's own ""popularity"" sort",High,"Listed price is the retailer's, not a Nyce Solutions price; Specifications as listed by the retailer; confirm against the manufacturer datasheet; shown as discounted from KES 99,999 (retailer claim, not verified)"
2026-10-10,Agriculture & Irrigation,Posho Mill (agriculture-5),"7.5HP Premier PM33 Commercial Maize Mill – High-Speed Motor, 450kg/h Output, Single Phase",Premier,PM33,Agriculture & Farm Equipment > Posho Mill,Model: PM33; Brand: Premier; Motor Power: 7.5 HP; Motor Type: High-Speed Single Phase; Voltage: 220–240V; Milling Capacity: Up to 450 kg/hour; Application: Commercial Maize Milling; Included Accessories: Pulley & Screens; Operation Type: Continuous; Build Material: Heavy-Duty Steel,"78,995","150,800",In stock,https://macire.co.ke/product/7-5hp-premier-pm33-commercial-maize-mill-high-speed-motor-450kg-h-output-single-phase/,5 image(s) hosted by Macire; rights not cleared - do not reuse,"#5 of 15 in the category under the store's own ""popularity"" sort",High,"Listed price is the retailer's, not a Nyce Solutions price; Specifications as listed by the retailer; confirm against the manufacturer datasheet; shown as discounted from KES 150,800 (retailer claim, not verified)"
2026-10-10,Agriculture & Irrigation,Irrigation Pipes (agriculture-6),2″ x 100m Premier Heavy Duty Delivery Hose Pipe,Premier,Not stated,Agriculture & Farm Equipment > Irrigation Pipes,No specification table in listing,"8,995","17,000",In stock,https://macire.co.ke/product/2-x-100m-premier-heavy-duty-delivery-hose-pipe-copy/,4 image(s) hosted by Macire; rights not cleared - do not reuse,"#1 of 31 in the category under the store's own ""popularity"" sort",Low,"Listed price is the retailer's, not a Nyce Solutions price; Specifications as listed by the retailer; confirm against the manufacturer datasheet; not stated on listing: model/SKU, specification table; shown as discounted from KES 17,000 (retailer claim, not verified)"
2026-10-10,Agriculture & Irrigation,Irrigation Pipes (agriculture-6),2 Inches Lenhard Germany Delivery Blue Pipes 2 X 50metres – Heavy Duty Reinforced Pvc Lay Flat,Lenhard Germany,Not stated,Agriculture & Farm Equipment > Irrigation Pipes,No specification table in listing,"7,500","10,500",In stock,https://macire.co.ke/product/lenhard-germany-delivery-blue-pipes-2-x-50metres-2-inches-heavy-duty-reinforced-pvc-lay-flat/,2 image(s) hosted by Macire; rights not cleared - do not reuse,"#2 of 31 in the category under the store's own ""popularity"" sort",Low,"Listed price is the retailer's, not a Nyce Solutions price; Specifications as listed by the retailer; confirm against the manufacturer datasheet; not stated on listing: model/SKU, specification table; shown as discounted from KES 10,500 (retailer claim, not verified)"
2026-10-10,Agriculture & Irrigation,Irrigation Pipes (agriculture-6),1.5″ 30m Canvas Delivery White Pipe Sunny Brand,Sunny,Not stated,Agriculture & Farm Equipment > Irrigation Pipes,No specification table in listing,"4,550","12,500",In stock,https://macire.co.ke/product/1-5-30m-canvas-delivery-white-pipe-sunny-brand/,5 image(s) hosted by Macire; rights not cleared - do not reuse,"#3 of 31 in the category under the store's own ""popularity"" sort",Low,"Listed price is the retailer's, not a Nyce Solutions price; Specifications as listed by the retailer; confirm against the manufacturer datasheet; not stated on listing: model/SKU, specification table; shown as discounted from KES 12,500 (retailer claim, not verified)"
2026-10-10,Agriculture & Irrigation,Irrigation Pipes (agriculture-6),2″ 50m Blue Delivery Pipe Kmax Italy – Heavy Duty Reinforced PVC Lay Flat,Sunny,Not stated,Agriculture & Farm Equipment > Irrigation Pipes,No specification table in listing,"6,450","12,800",In stock,https://macire.co.ke/product/2-50m-blue-delivery-pipe-kmax-italy-heavy-duty-reinforced-pvc-lay-flat/,5 image(s) hosted by Macire; rights not cleared - do not reuse,"#4 of 31 in the category under the store's own ""popularity"" sort",Low,"Listed price is the retailer's, not a Nyce Solutions price; Specifications as listed by the retailer; confirm against the manufacturer datasheet; not stated on listing: model/SKU, specification table; shown as discounted from KES 12,800 (retailer claim, not verified)"
2026-10-10,Agriculture & Irrigation,Irrigation Pipes (agriculture-6),3″ 50m Blue Delivery Pipe Kmax Italy – Heavy Duty Reinforced PVC Lay Flat,Sunny,Not stated,Agriculture & Farm Equipment > Irrigation Pipes,No specification table in listing,"8,450","18,800",In stock,https://macire.co.ke/product/3-50m-blue-delivery-pipe-kmax-italy-heavy-duty-reinforced-pvc-lay-flat/,5 image(s) hosted by Macire; rights not cleared - do not reuse,"#5 of 31 in the category under the store's own ""popularity"" sort",Low,"Listed price is the retailer's, not a Nyce Solutions price; Specifications as listed by the retailer; confirm against the manufacturer datasheet; not stated on listing: model/SKU, specification table; shown as discounted from KES 18,800 (retailer claim, not verified)"
2026-10-10,Agriculture & Irrigation,Agricultural Diesel Engines (agriculture-7),24HP JD Jindong Diesel Engine Water Cooled – ZS1115WP,Jindong/Jintan,ZS1115WP,Agricultural Diesel Engines > Agriculture & Farm Equipment,"Brand: JD Jindong; Model: ZS1115WP; Engine Type: Diesel, 4-stroke; Cooling System: Water-cooled; Horsepower (HP): 24HP; RPM: 2200–2500 RPM (typical); Fuel Tank Capacity: Approx. 12–15L; Starting Method: Recoil / Electric (depending on variant); Applications: Generators, water pumps, construction machinery, agricultural machinery","87,995","124,500",In stock,https://macire.co.ke/product/24hp-jd-jindong-diesel-engine-water-cooled-zs1115wp/,4 image(s) hosted by Macire; rights not cleared - do not reuse,"#1 of 76 in the category under the store's own ""popularity"" sort",High,"Listed price is the retailer's, not a Nyce Solutions price; Specifications as listed by the retailer; confirm against the manufacturer datasheet; shown as discounted from KES 124,500 (retailer claim, not verified)"
2026-10-10,Agriculture & Irrigation,Agricultural Diesel Engines (agriculture-7),7.5hp JD Jiadi Diesel Engine JD175WP Water Cooled Manual Start,Jiadi,Not stated,Agricultural Diesel Engines > Agriculture & Farm Equipment,No specification table in listing,"35,995","78,000",In stock,https://macire.co.ke/product/7-5hp-jd-jiadi-diesel-engine-jd175wp-water-cooled-manual-start/,4 image(s) hosted by Macire; rights not cleared - do not reuse,"#2 of 76 in the category under the store's own ""popularity"" sort",Low,"Listed price is the retailer's, not a Nyce Solutions price; Specifications as listed by the retailer; confirm against the manufacturer datasheet; not stated on listing: model/SKU, specification table; shown as discounted from KES 78,000 (retailer claim, not verified)"
2026-10-10,Agriculture & Irrigation,Agricultural Diesel Engines (agriculture-7),JD Jindong Diesel 30hp Engine Water Cooled Model ZS1130WP,Jindong/Jintan,Not stated,Agricultural Diesel Engines > Agriculture & Farm Equipment,No specification table in listing,"104,500","156,000",In stock,https://macire.co.ke/product/jd-jindong-jintan-diesel-30hp-engine-water-cooled-model/,4 image(s) hosted by Macire; rights not cleared - do not reuse,"#3 of 76 in the category under the store's own ""popularity"" sort",Low,"Listed price is the retailer's, not a Nyce Solutions price; Specifications as listed by the retailer; confirm against the manufacturer datasheet; not stated on listing: model/SKU, specification table; shown as discounted from KES 156,000 (retailer claim, not verified)"
2026-10-10,Agriculture & Irrigation,Agricultural Diesel Engines (agriculture-7),16hp JD Jindong Diesel Engine Water Cooled Model ZH1100WP,Jindong/Jintan,Not stated,Agricultural Diesel Engines > Agriculture & Farm Equipment,No specification table in listing,"68,990","98,700",In stock,https://macire.co.ke/product/jd-jindong-jintan-diesel-16hp-engine-water-cooled-model/,4 image(s) hosted by Macire; rights not cleared - do not reuse,"#4 of 76 in the category under the store's own ""popularity"" sort",Low,"Listed price is the retailer's, not a Nyce Solutions price; Specifications as listed by the retailer; confirm against the manufacturer datasheet; not stated on listing: model/SKU, specification table; shown as discounted from KES 98,700 (retailer claim, not verified)"
2026-10-10,Agriculture & Irrigation,Agricultural Diesel Engines (agriculture-7),Water cooled diesel engine ZH-1110 – 22 HP,Not stated,ZH1110,Agricultural Diesel Engines > Agriculture & Farm Equipment,"Model: ZH1110; Type: Single-cylinder, Horizontal,4-cycle; Combustion: Direct Injection; Bore×Stroke(mm): 110×115; Displacement(L): 1.093; Compression Ratio: 17:1; Output/Speed(HP/rpm): 20/2200; Cooling System: Evaporative; Lubrication System: Combined Pressure and Splash; Starting Method(kg): Hand Cranking","79,500","99,500",In stock,https://macire.co.ke/product/water-cooled-diesel-engine-zh-1110-22-hp/,1 image(s) hosted by Macire; rights not cleared - do not reuse,"#5 of 76 in the category under the store's own ""popularity"" sort",Medium,"Listed price is the retailer's, not a Nyce Solutions price; Specifications as listed by the retailer; confirm against the manufacturer datasheet; not stated on listing: brand; shown as discounted from KES 99,500 (retailer claim, not verified)"
2026-10-10,Agriculture & Irrigation,Knapsack Sprayers (agriculture-8),Garden Pressure Sprayer Heavy Duty,Not stated,Not stated,Agriculture & Farm Equipment > Knapsack Sprayers,No specification table in listing,"3,000",,In stock,https://macire.co.ke/product/garden-pressure-sprayer-heavy-duty/,3 image(s) hosted by Macire; rights not cleared - do not reuse,"#1 of 27 in the category under the store's own ""popularity"" sort",Low,"Listed price is the retailer's, not a Nyce Solutions price; Specifications as listed by the retailer; confirm against the manufacturer datasheet; not stated on listing: brand, model/SKU, specification table"
2026-10-10,Agriculture & Irrigation,Knapsack Sprayers (agriculture-8),20L Premier Economy Knapsack Sprayer – Manual Farm Sprayer,Premier,Not stated,Agriculture & Farm Equipment > Knapsack Sprayers,"Brand: Premier; Product Type: Knapsack Sprayer; Model Range: Economy Model; Tank Capacity: 20 Litres; Operation: Manual; Carrying Type: Backpack / Knapsack; Primary Application: Agricultural & Garden Spraying; Recommended Use: Farms, Gardens & General Spraying","3,499","5,600",In stock,https://macire.co.ke/product/20l-premier-economy-knapsack-sprayer-manual-farm-sprayer/,5 image(s) hosted by Macire; rights not cleared - do not reuse,"#2 of 27 in the category under the store's own ""popularity"" sort",Medium,"Listed price is the retailer's, not a Nyce Solutions price; Specifications as listed by the retailer; confirm against the manufacturer datasheet; not stated on listing: model/SKU; shown as discounted from KES 5,600 (retailer claim, not verified)"
2026-10-10,Agriculture & Irrigation,Knapsack Sprayers (agriculture-8),20L Premier Battery Knapsack Sprayer – Farm & Garden Spraying,Premier,Not stated,Agriculture & Farm Equipment > Knapsack Sprayers,Brand: Premier; Product Type: Battery Knapsack Sprayer; Tank Capacity: 20L; Power Source: Battery; Carrying Style: Knapsack; Main Use: Agricultural & Garden Spraying,"6,795","15,000",In stock,https://macire.co.ke/product/20l-premier-battery-knapsack-sprayer-farm-garden-spraying/,6 image(s) hosted by Macire; rights not cleared - do not reuse,"#3 of 27 in the category under the store's own ""popularity"" sort",Medium,"Listed price is the retailer's, not a Nyce Solutions price; Specifications as listed by the retailer; confirm against the manufacturer datasheet; not stated on listing: model/SKU; shown as discounted from KES 15,000 (retailer claim, not verified)"
2026-10-10,Agriculture & Irrigation,Knapsack Sprayers (agriculture-8),Farmate 15L Original Knapsack Sprayer,Farmate,Not stated,Agriculture & Farm Equipment > Knapsack Sprayers,No specification table in listing,"3,195","6,500",In stock,https://macire.co.ke/product/farmate-15l-original-knapsack-sprayer/,4 image(s) hosted by Macire; rights not cleared - do not reuse,"#4 of 27 in the category under the store's own ""popularity"" sort",Low,"Listed price is the retailer's, not a Nyce Solutions price; Specifications as listed by the retailer; confirm against the manufacturer datasheet; not stated on listing: model/SKU, specification table; shown as discounted from KES 6,500 (retailer claim, not verified)"
2026-10-10,Agriculture & Irrigation,Knapsack Sprayers (agriculture-8),AC767-4 Aico Japan Sprayer knapsack engine sprayer 4 stroke,Aico Japan,Not stated,Agriculture & Farm Equipment > Knapsack Sprayers,No specification table in listing,"19,500","25,996",In stock,https://macire.co.ke/product/ac767-4-aico-japan-sprayer-knapsack-engine-sprayer-4-stroke/,3 image(s) hosted by Macire; rights not cleared - do not reuse,"#5 of 27 in the category under the store's own ""popularity"" sort",Low,"Listed price is the retailer's, not a Nyce Solutions price; Specifications as listed by the retailer; confirm against the manufacturer datasheet; not stated on listing: model/SKU, specification table; shown as discounted from KES 25,996 (retailer claim, not verified)"
2026-10-10,Agriculture & Irrigation,Farm Irrigation Equipment (agriculture-9),2″ Big Rain Gun Irrigation Rain Gun Stainless Steel Tripod Type,Not stated,Not stated,Agriculture & Farm Equipment > Water & Irrigation Equipment,No specification table in listing,"11,500","34,500",In stock,https://macire.co.ke/product/2-big-rain-gun-irrigation-rain-gun-stainless-steel-tripod-type/,5 image(s) hosted by Macire; rights not cleared - do not reuse,"#9 of 417 in the category under the store's own ""popularity"" sort",Low,"Listed price is the retailer's, not a Nyce Solutions price; Specifications as listed by the retailer; confirm against the manufacturer datasheet; not stated on listing: brand, model/SKU, specification table; shown as discounted from KES 34,500 (retailer claim, not verified); Macire uses one category for Irrigation Water Kits, Agriculture & Irrigation and Water & Irrigation Equipment"
2026-10-10,Agriculture & Irrigation,Farm Irrigation Equipment (agriculture-9),2″ Aico Japan Diesel Water Pump Engine – Normal Pressure,Aico Japan,Not stated,Diesel Water Pumps > Water & Irrigation Equipment,No specification table in listing,"42,995","142,995",In stock,https://macire.co.ke/product/2-aico-japan-diesel-water-pump-engine-normal-pressure/,4 image(s) hosted by Macire; rights not cleared - do not reuse,"#10 of 417 in the category under the store's own ""popularity"" sort",Low,"Listed price is the retailer's, not a Nyce Solutions price; Specifications as listed by the retailer; confirm against the manufacturer datasheet; not stated on listing: model/SKU, specification table; shown as discounted from KES 142,995 (retailer claim, not verified); Macire uses one category for Irrigation Water Kits, Agriculture & Irrigation and Water & Irrigation Equipment"
2026-10-10,Agriculture & Irrigation,Farm Irrigation Equipment (agriculture-9),1hp 32m 1.5m³/h Premier Shallow Well Pump 1″ Outlet QXD,Premier,Not stated,Electric Submersible Borehole Pumps > Water & Irrigation Equipment,No specification table in listing,"11,195","39,589",In stock,https://macire.co.ke/product/1hp-32m-1-5m%c2%b3-h-premier-shallow-well-pump-1-outlet-qxd/,5 image(s) hosted by Macire; rights not cleared - do not reuse,"#11 of 417 in the category under the store's own ""popularity"" sort",Low,"Listed price is the retailer's, not a Nyce Solutions price; Specifications as listed by the retailer; confirm against the manufacturer datasheet; not stated on listing: model/SKU, specification table; shown as discounted from KES 39,589 (retailer claim, not verified); Macire uses one category for Irrigation Water Kits, Agriculture & Irrigation and Water & Irrigation Equipment"
2026-10-10,Agriculture & Irrigation,Farm Irrigation Equipment (agriculture-9),2hp 28m 6m³/h Electric Submersible Water Pump Premier,Premier,Not stated,Electric Submersible Borehole Pumps > Water & Irrigation Equipment,No specification table in listing,"13,495","34,589",In stock,https://macire.co.ke/product/2hp-28m-6m%c2%b3-h-electric-submersible-water-pump-premier-1-1kw-pr6-28-1-5/,4 image(s) hosted by Macire; rights not cleared - do not reuse,"#12 of 417 in the category under the store's own ""popularity"" sort",Low,"Listed price is the retailer's, not a Nyce Solutions price; Specifications as listed by the retailer; confirm against the manufacturer datasheet; not stated on listing: model/SKU, specification table; shown as discounted from KES 34,589 (retailer claim, not verified); Macire uses one category for Irrigation Water Kits, Agriculture & Irrigation and Water & Irrigation Equipment"
2026-10-10,Agriculture & Irrigation,Farm Irrigation Equipment (agriculture-9),1hp 60m 3.6m³ Electric Booster Peripheral Water Pump Premier QB80,Premier,Not stated,Booster Centrifugal Water Pumps > Water & Irrigation Equipment,No specification table in listing,"7,499","21,760",In stock,https://macire.co.ke/product/1hp-60m-3-6m%c2%b3-electric-booster-peripheral-water-pump-premier-qb80/,4 image(s) hosted by Macire; rights not cleared - do not reuse,"#13 of 417 in the category under the store's own ""popularity"" sort",Low,"Listed price is the retailer's, not a Nyce Solutions price; Specifications as listed by the retailer; confirm against the manufacturer datasheet; not stated on listing: model/SKU, specification table; shown as discounted from KES 21,760 (retailer claim, not verified); Macire uses one category for Irrigation Water Kits, Agriculture & Irrigation and Water & Irrigation Equipment"
2026-10-10,Electricals & Wiring,Electrical Cables (electrical-1),2.5mm 3 Core Flexible Cable – West (Per Meter),West,Not stated,Electrical & Wiring > Electrical Cable Wire > Flexible Cable,"Conductor Size: 2.5 mm²; Core Count: 3 (Live, Neutral, Earth); Conductor Material: 99.9 % Pure Copper; Insulation Material: PVC – Flame & Heat Resistant; Rated Voltage: 450 / 750 V; Operating Temperature: –5 °C to +90 °C; Outer Sheath Color: Black; Core Colors: Brown, Blue, Green/Yellow; Length: Sold per meter; Certification: KEBS / IEC Compliant",219,420,In stock,https://macire.co.ke/product/2-5mm-3-core-flexible-cable-west-per-meter/,15 image(s) hosted by Macire; rights not cleared - do not reuse,"#1 of 861 in the category under the store's own ""popularity"" sort",Medium,"Listed price is the retailer's, not a Nyce Solutions price; Specifications as listed by the retailer; confirm against the manufacturer datasheet; not stated on listing: model/SKU; shown as discounted from KES 420 (retailer claim, not verified)"
2026-10-10,Electricals & Wiring,Electrical Cables (electrical-1),10mm West Twin With Earth Local Cable – Price Per Meter – Energy Efficient & Cost-Effective!,West,Not stated,Building & Construction > Electrical Cable Wire > Solar & Renewable Energy,"Application: Estimated Cable Needed; 1-Room House (Basic Lighting & Sockets): 50-80 meters; 2-3 Room House (Basic Appliances & Lights): 100-150 meters; Medium House (3-5 Rooms, AC, Outdoor Lights): 200-300 meters; Large House (5+ Rooms, High Power Loads): 400+ meters; Small Office & Shops: 200-300 meters; Solar System (5kW+ Off-Grid Setup): 250-500 meters",502,835,In stock,https://macire.co.ke/product/10mm-west-twin-with-earth-local-cable-price-per-meter-energy-efficient-cost-effective/,10 image(s) hosted by Macire; rights not cleared - do not reuse,"#2 of 861 in the category under the store's own ""popularity"" sort",Medium,"Listed price is the retailer's, not a Nyce Solutions price; Specifications as listed by the retailer; confirm against the manufacturer datasheet; not stated on listing: model/SKU; shown as discounted from KES 835 (retailer claim, not verified)"
2026-10-10,Electricals & Wiring,Electrical Cables (electrical-1),1.5mm 2 Core Flexible Cable – West (Per Meter),West,Not stated,Electrical & Wiring > Electrical Cable Wire > Flexible Cable,"Conductor Size: 1.5 mm²; Core Count: 2 (Live & Neutral); Conductor Material: 99.9% Pure Annealed Copper (Class 5 multi-strand); Insulation Material: PVC – Heat & Flame Resistant; Rated Voltage: 300/500V; Operating Temperature: –5°C to +70°C; Outer Sheath Color: Black; Inner Core Colors: Brown (Live), Blue (Neutral); Length: Sold per meter; Compliance: KEBS / IEC Standards",109,187,In stock,https://macire.co.ke/product/1-5mm-2-core-flexible-cable-west-per-meter/,20 image(s) hosted by Macire; rights not cleared - do not reuse,"#3 of 861 in the category under the store's own ""popularity"" sort",Medium,"Listed price is the retailer's, not a Nyce Solutions price; Specifications as listed by the retailer; confirm against the manufacturer datasheet; not stated on listing: model/SKU; shown as discounted from KES 187 (retailer claim, not verified)"
2026-10-10,Electricals & Wiring,Electrical Cables (electrical-1),1.5mm West Twin Flat Red Black Local Cable – Price Per Meter – Energy Efficient & Cost-Effective!,West,Not stated,Building & Construction > Electrical Cable Wire > Solar & Renewable Energy,"Application: Estimated Cable Needed; 1-Room House (Lighting & Basic Sockets): 50-80 meters; 2-3 Room House (Basic Appliances & Lighting): 100-150 meters; Medium House (3-5 Rooms, Outdoor Lighting, AC Units): 200-300 meters; Large House (5+ Rooms, Power-Hungry Devices): 400+ meters; Solar System (5kW+ Off-Grid Setup): 250-500 meters",96,195,In stock,https://macire.co.ke/product/1-5mm-west-twin-flat-red-black-local-cable-price-per-meter-energy-efficient-cost-effective/,10 image(s) hosted by Macire; rights not cleared - do not reuse,"#4 of 861 in the category under the store's own ""popularity"" sort",Medium,"Listed price is the retailer's, not a Nyce Solutions price; Specifications as listed by the retailer; confirm against the manufacturer datasheet; not stated on listing: model/SKU; shown as discounted from KES 195 (retailer claim, not verified)"
2026-10-10,Electricals & Wiring,Electrical Cables (electrical-1),2.5mm West Twin With Earth Local Cable – Price Per Meter – Energy Efficient & Cost-Effective!,West,Not stated,Building & Construction > Electrical Cable Wire > Solar & Renewable Energy,"Application: Estimated Cable Needed; 1-Room House (Basic Lighting & Sockets): 50-80 meters; 2-3 Room House (Basic Appliances & Lights): 100-150 meters; Medium House (3-5 Rooms, AC, Outdoor Lights): 200-300 meters; Large House (5+ Rooms, High Power Loads): 400+ meters; Small Office & Shops: 200-300 meters; Solar System (5kW+ Off-Grid Setup): 250-500 meters",195,335,In stock,https://macire.co.ke/product/2-5mm-west-twin-with-earth-local-cable-price-per-meter-energy-efficient-cost-effective/,10 image(s) hosted by Macire; rights not cleared - do not reuse,"#5 of 861 in the category under the store's own ""popularity"" sort",Medium,"Listed price is the retailer's, not a Nyce Solutions price; Specifications as listed by the retailer; confirm against the manufacturer datasheet; not stated on listing: model/SKU; shown as discounted from KES 335 (retailer claim, not verified)"
2026-10-10,Electricals & Wiring,Switches & Sockets (electrical-2),"63A SUNTREE Automatic Changeover Switch – 2 Pole, Single Phase",Suntree,Not stated,Electrical & Wiring > Switches & Sockets,Brand: SUNTREE; Current Rating: 63A; Switching Type: Automatic Changeover; Number of Poles: 2 Pole; Phase: Single Phase; Product Type: Automatic Changeover Switch; Main Function: Power Source Changeover,"10,999","15,000",In stock,https://macire.co.ke/product/63a-suntree-automatic-changeover-switch-2-pole-single-phase/,6 image(s) hosted by Macire; rights not cleared - do not reuse,"#1 of 1 in the category under the store's own ""popularity"" sort",Medium,"Listed price is the retailer's, not a Nyce Solutions price; Specifications as listed by the retailer; confirm against the manufacturer datasheet; not stated on listing: model/SKU; shown as discounted from KES 15,000 (retailer claim, not verified)"
2026-10-10,Electricals & Wiring,Changeover Switches (electrical-3),63A 3P Katko Changeover Switch,Katko,Not stated,Changeover > Electrical & Wiring,Brand: Katko; Type: Manual Changeover Switch; Current Rating: 63A; Poles: 3 Pole; Operation: Manual (Offload); Mounting Type: Panel / Surface Mount; Voltage Rating: 415V AC; Frequency: 50/60 Hz; Material: Flame-Retardant Plastic & Metal; Application: Mains–Generator / Solar–Grid / Dual Supply,"4,399","7,889",In stock,https://macire.co.ke/product/63a-3p-katko-changeover-switch/,5 image(s) hosted by Macire; rights not cleared - do not reuse,"#1 of 22 in the category under the store's own ""popularity"" sort",Medium,"Listed price is the retailer's, not a Nyce Solutions price; Specifications as listed by the retailer; confirm against the manufacturer datasheet; not stated on listing: model/SKU; shown as discounted from KES 7,889 (retailer claim, not verified); also in owner spreadsheet (draft ""63a-3p-katko-changeover-switch"")"
2026-10-10,Electricals & Wiring,Changeover Switches (electrical-3),40A 3P Katko Changeover Switch,Katko,Not stated,Changeover > Electrical & Wiring,Brand: Katko; Type: Manual Changeover Switch; Current Rating: 40A; Poles: 3 Pole; Operation: Manual (Offload); Mounting Type: Panel / Surface Mount; Voltage Rating: 415V AC; Frequency: 50/60 Hz; Material: Flame-Retardant Plastic & Metal; Application: Mains–Generator / Solar–Grid / Dual Supply,"3,699","6,799",In stock,https://macire.co.ke/product/40a-3p-katko-changeover-switch/,5 image(s) hosted by Macire; rights not cleared - do not reuse,"#2 of 22 in the category under the store's own ""popularity"" sort",Medium,"Listed price is the retailer's, not a Nyce Solutions price; Specifications as listed by the retailer; confirm against the manufacturer datasheet; not stated on listing: model/SKU; shown as discounted from KES 6,799 (retailer claim, not verified); also in owner spreadsheet (draft ""40a-3p-katko-changeover-switch"")"
2026-10-10,Electricals & Wiring,Changeover Switches (electrical-3),32A 3P Katko Changeover Switch,Katko,Not stated,Changeover > Electrical & Wiring,Brand: Katko; Type: Manual Changeover Switch; Current Rating: 32A; Poles: 3 Pole; Operation: Manual (Offload); Mounting Type: Panel / Surface Mount; Voltage Rating: 415V AC; Frequency: 50/60 Hz; Material: Flame-Retardant Plastic & Metal; Application: Mains–Generator / Solar–Grid / Dual Supply,"3,300","7,899",In stock,https://macire.co.ke/product/32a-3p-katko-changeover-switch/,5 image(s) hosted by Macire; rights not cleared - do not reuse,"#3 of 22 in the category under the store's own ""popularity"" sort",Medium,"Listed price is the retailer's, not a Nyce Solutions price; Specifications as listed by the retailer; confirm against the manufacturer datasheet; not stated on listing: model/SKU; shown as discounted from KES 7,899 (retailer claim, not verified); also in owner spreadsheet (draft ""32a-3p-katko-changeover-switch"")"
2026-10-10,Electricals & Wiring,Changeover Switches (electrical-3),100A 4P Kripal Changeover,Kripal,Not stated,Changeover > Electrical & Wiring,Brand: Kripal; Type: Manual Changeover Switch; Current Rating: 100A; Poles: 4 Pole (3 Phase + Neutral); Operation: Manual (Offload); Mounting Type: Panel / Surface Mount; Voltage Rating: 415V AC; Frequency: 50/60 Hz; Material: Flame-Retardant Plastic & Metal; Application: Mains–Generator / Solar–Grid / Dual Supply,"8,999","14,559",In stock,https://macire.co.ke/product/100a-4p-kripal-changeover/,7 image(s) hosted by Macire; rights not cleared - do not reuse,"#4 of 22 in the category under the store's own ""popularity"" sort",Medium,"Listed price is the retailer's, not a Nyce Solutions price; Specifications as listed by the retailer; confirm against the manufacturer datasheet; not stated on listing: model/SKU; shown as discounted from KES 14,559 (retailer claim, not verified); also in owner spreadsheet (draft ""100a-4p-kripal-changeover"")"
2026-10-10,Electricals & Wiring,Changeover Switches (electrical-3),63A 4P Kripal Changeover Switch,Kripal,Not stated,Changeover > Electrical & Wiring,Brand: Kripal; Type: Manual Changeover Switch; Current Rating: 63A; Poles: 4 Pole (3 Phase + Neutral); Operation: Manual (Offload); Mounting Type: Panel / Surface Mount; Voltage Rating: 415V AC; Frequency: 50/60 Hz; Material: Flame-Retardant Plastic & Metal; Application: Mains–Generator / Solar–Grid / Dual Supply,"7,899","9,899",In stock,https://macire.co.ke/product/63a-4p-kripal-changeover-switch/,7 image(s) hosted by Macire; rights not cleared - do not reuse,"#5 of 22 in the category under the store's own ""popularity"" sort",Medium,"Listed price is the retailer's, not a Nyce Solutions price; Specifications as listed by the retailer; confirm against the manufacturer datasheet; not stated on listing: model/SKU; shown as discounted from KES 9,899 (retailer claim, not verified); also in owner spreadsheet (draft ""63a-4p-kripal-changeover-switch"")"
2026-10-10,Electricals & Wiring,Single Core Cables (electrical-4),25 mm 3 Core Flex Cable – East African (Per Meter),West,Not stated,Electrical Cable Wire > Single Core Cable,No specification table in listing,"3,570","10,000",In stock,https://macire.co.ke/product/25-mm-3-core-flex-cable-east-african-per-meter/,7 image(s) hosted by Macire; rights not cleared - do not reuse,"#1 of 14 in the category under the store's own ""popularity"" sort",Low,"Listed price is the retailer's, not a Nyce Solutions price; Specifications as listed by the retailer; confirm against the manufacturer datasheet; not stated on listing: model/SKU, specification table; shown as discounted from KES 10,000 (retailer claim, not verified)"
2026-10-10,Electricals & Wiring,Single Core Cables (electrical-4),4.0mm Single Core Cable – West (Per Meter),West,Not stated,Electrical Cable Wire > Single Core Cable,Brand: West; Cable Size: 4.0mm²; Type: Single Core; Conductor Material: High Conductivity Copper; Insulation Material: PVC (Flame Retardant); Rated Voltage: 450/750V; Temperature Range: -15°C to +90°C; Length: Per Meter; Color Options: Red / Black; Standard Compliance: KEBS / IEC Certified,168,289,In stock,https://macire.co.ke/product/4-0mm-single-core-cable-west-per-meter/,7 image(s) hosted by Macire; rights not cleared - do not reuse,"#2 of 14 in the category under the store's own ""popularity"" sort",Medium,"Listed price is the retailer's, not a Nyce Solutions price; Specifications as listed by the retailer; confirm against the manufacturer datasheet; not stated on listing: model/SKU; shown as discounted from KES 289 (retailer claim, not verified); also in owner spreadsheet (draft ""4-0mm-single-core-cable-west-per-meter"")"
2026-10-10,Electricals & Wiring,Single Core Cables (electrical-4),6.0mm Single Core Cable – West (Per Meter),West,Not stated,Electrical Cable Wire > Single Core Cable,Brand: West; Cable Size: 6.0mm²; Type: Single Core; Conductor Material: High Conductivity Copper; Insulation Material: PVC (Flame Retardant); Rated Voltage: 450/750V; Temperature Range: -15°C to +90°C; Length: Per Meter; Color Options: Red / Black; Standard Compliance: KEBS / IEC Certified,220,679,In stock,https://macire.co.ke/product/6-0mm-single-core-cable-west-per-meter/,7 image(s) hosted by Macire; rights not cleared - do not reuse,"#3 of 14 in the category under the store's own ""popularity"" sort",Medium,"Listed price is the retailer's, not a Nyce Solutions price; Specifications as listed by the retailer; confirm against the manufacturer datasheet; not stated on listing: model/SKU; shown as discounted from KES 679 (retailer claim, not verified); also in owner spreadsheet (draft ""6-0mm-single-core-cable-west-per-meter"")"
2026-10-10,Electricals & Wiring,Single Core Cables (electrical-4),6.0mm Single Core Cable – West (Per Roll),West,Not stated,Electrical Cable Wire > Single Core Cable,Brand: West; Cable Size: 6.0mm²; Type: Single Core; Conductor Material: High Conductivity Copper; Insulation Material: PVC (Flame Retardant); Rated Voltage: 450/750V; Temperature Range: -15°C to +90°C; Length: Per Roll (100 Meters); Color Options: Red / Black; Standard Compliance: KEBS / IEC Certified,"14,899","38,999",In stock,https://macire.co.ke/product/6-0mm-single-core-cable-west-per-roll/,7 image(s) hosted by Macire; rights not cleared - do not reuse,"#4 of 14 in the category under the store's own ""popularity"" sort",Medium,"Listed price is the retailer's, not a Nyce Solutions price; Specifications as listed by the retailer; confirm against the manufacturer datasheet; not stated on listing: model/SKU; shown as discounted from KES 38,999 (retailer claim, not verified); also in owner spreadsheet (draft ""6-0mm-single-core-cable-west-per-roll"")"
2026-10-10,Electricals & Wiring,Single Core Cables (electrical-4),10.0mm Single Core Cable – West (Per Roll),West,Not stated,Electrical Cable Wire > Single Core Cable,Brand: West; Cable Size: 10.0mm²; Type: Single Core; Conductor Material: High Conductivity Copper; Insulation Material: PVC (Flame Retardant); Rated Voltage: 450/750V; Temperature Range: -15°C to +90°C; Length: Per Roll (100 Meters); Color Options: Red / Black; Standard Compliance: KEBS / IEC Certified,"19,998","28,999",In stock,https://macire.co.ke/product/10-0mm-single-core-cable-west-per-roll/,7 image(s) hosted by Macire; rights not cleared - do not reuse,"#5 of 14 in the category under the store's own ""popularity"" sort",Medium,"Listed price is the retailer's, not a Nyce Solutions price; Specifications as listed by the retailer; confirm against the manufacturer datasheet; not stated on listing: model/SKU; shown as discounted from KES 28,999 (retailer claim, not verified); also in owner spreadsheet (draft ""10-0mm-single-core-cable-west-per-roll"")"
2026-10-10,Electricals & Wiring,Extension Cords (electrical-5),50m 2.5mm Powermate Cable Extension Reel Fused 100% Copper,Powermate,Not stated,Building & Construction > Electrical & Wiring > Extension Cords,No specification table in listing,"7,750","19,000",In stock,https://macire.co.ke/product/50m-2-5mm-power-cable-extension-reel-fused-100-copper-powermate/,4 image(s) hosted by Macire; rights not cleared - do not reuse,"#1 of 17 in the category under the store's own ""popularity"" sort",Low,"Listed price is the retailer's, not a Nyce Solutions price; Specifications as listed by the retailer; confirm against the manufacturer datasheet; not stated on listing: model/SKU, specification table; shown as discounted from KES 19,000 (retailer claim, not verified); also in owner spreadsheet (draft ""50m-2-5mm-powermate-cable-extension-reel-fused-100-copper"")"
2026-10-10,Electricals & Wiring,Extension Cords (electrical-5),25m POWERMATE Extension Reel – 1.5mm² Cable,Powermate,Not stated,Electrical & Wiring > Extension Cords,"Brand: POWERMATE; Product Type: Extension Cable Reel; Cable Length: 25 Metres; Cable Size: 1.5mm²; Configuration: Cable Reel; Primary Function: Electrical Power Extension; Recommended Use: Workshop, Garage, Site & General Use","6,500","10,000",In stock,https://macire.co.ke/product/25m-powermate-extension-reel-1-5mm%c2%b2-cable/,4 image(s) hosted by Macire; rights not cleared - do not reuse,"#2 of 17 in the category under the store's own ""popularity"" sort",Medium,"Listed price is the retailer's, not a Nyce Solutions price; Specifications as listed by the retailer; confirm against the manufacturer datasheet; not stated on listing: model/SKU; shown as discounted from KES 10,000 (retailer claim, not verified)"
2026-10-10,Electricals & Wiring,Extension Cords (electrical-5),50m PowerMate Extension Reel – 2.5mm² Heavy-Duty Cable,Powermate,Not stated,Electrical & Wiring > Extension Cords,"Brand: PowerMate; Product Type: Heavy-Duty Extension Reel; Cable Length: 50 Metres; Cable Size: 2.5mm²; Configuration: Extension Cable Reel; Primary Function: Long-Distance Electrical Power Extension; Recommended Applications: Construction, Workshops, Garages & Maintenance","9,999","17,500",In stock,https://macire.co.ke/product/50m-powermate-extension-reel-2-5mm%c2%b2-heavy-duty-cable/,4 image(s) hosted by Macire; rights not cleared - do not reuse,"#3 of 17 in the category under the store's own ""popularity"" sort",Medium,"Listed price is the retailer's, not a Nyce Solutions price; Specifications as listed by the retailer; confirm against the manufacturer datasheet; not stated on listing: model/SKU; shown as discounted from KES 17,500 (retailer claim, not verified)"
2026-10-10,Electricals & Wiring,Extension Cords (electrical-5),10.0mm Powermate Electric Cable Single Core 90m – Yellow/Green Color,Powermate,Not stated,Building & Construction > Electrical & Wiring > Extension Cords,No specification table in listing,"13,995","50,000",In stock,https://macire.co.ke/product/10-0mm-powermate-electric-cable-single-core-90m-yellow-green-color/,6 image(s) hosted by Macire; rights not cleared - do not reuse,"#4 of 17 in the category under the store's own ""popularity"" sort",Low,"Listed price is the retailer's, not a Nyce Solutions price; Specifications as listed by the retailer; confirm against the manufacturer datasheet; not stated on listing: model/SKU, specification table; shown as discounted from KES 50,000 (retailer claim, not verified)"
2026-10-10,Electricals & Wiring,Extension Cords (electrical-5),10.0mm Powermate Electric Cable Single Core 90m – Red Color,Powermate,Not stated,Building & Construction > Electrical & Wiring > Extension Cords,No specification table in listing,"14,000","50,000",In stock,https://macire.co.ke/product/10-0mm-powermate-electric-cable-single-core-90m-red-color/,6 image(s) hosted by Macire; rights not cleared - do not reuse,"#5 of 17 in the category under the store's own ""popularity"" sort",Low,"Listed price is the retailer's, not a Nyce Solutions price; Specifications as listed by the retailer; confirm against the manufacturer datasheet; not stated on listing: model/SKU, specification table; shown as discounted from KES 50,000 (retailer claim, not verified)"
2026-10-10,Electricals & Wiring,Voltage Stabilizers (electrical-6),100 Kva Three Phase Stabilizer – Vertical Type SBW-F-Z by Abcos,Abcos,Not stated,Building & Construction > Power Voltage Stabilizers,No specification table in listing,"1,169,908","3,880,000",In stock,https://macire.co.ke/product/100-kva-three-phase-stabilizer-vertical-type-sbw-f-z-by-abcos/,4 image(s) hosted by Macire; rights not cleared - do not reuse,"#1 of 10 in the category under the store's own ""popularity"" sort",Low,"Listed price is the retailer's, not a Nyce Solutions price; Specifications as listed by the retailer; confirm against the manufacturer datasheet; not stated on listing: model/SKU, specification table; shown as discounted from KES 3,880,000 (retailer claim, not verified); also in owner spreadsheet (draft ""100-kva-three-phase-stabilizer-vertical-type-sbw-f-z-by-abco"")"
2026-10-10,Electricals & Wiring,Voltage Stabilizers (electrical-6),200 Kva Three Phase Stabilizer – Vertical Type SBW-F-Z by Abcos,Abcos,Not stated,Building & Construction > Power Voltage Stabilizers,No specification table in listing,"1,599,908","3,980,000",In stock,https://macire.co.ke/product/200-kva-three-phase-stabilizer-tns-z-abcos-automatic-voltage-stabilizer/,4 image(s) hosted by Macire; rights not cleared - do not reuse,"#2 of 10 in the category under the store's own ""popularity"" sort",Low,"Listed price is the retailer's, not a Nyce Solutions price; Specifications as listed by the retailer; confirm against the manufacturer datasheet; not stated on listing: model/SKU, specification table; shown as discounted from KES 3,980,000 (retailer claim, not verified); also in owner spreadsheet (draft ""200-kva-three-phase-stabilizer-vertical-type-sbw-f-z-by-abco"")"
2026-10-10,Electricals & Wiring,Voltage Stabilizers (electrical-6),1000 Kva Three Phase Stabilizer – TNS-Z Abcos – Automatic Voltage Stabilizer,Abcos,Not stated,Building & Construction > Power Voltage Stabilizers,No specification table in listing,"6,076,908","9,980,000",In stock,https://macire.co.ke/product/1000-kva-three-phase-stabilizer-tns-z-abcos-automatic-voltage-stabilizer/,4 image(s) hosted by Macire; rights not cleared - do not reuse,"#3 of 10 in the category under the store's own ""popularity"" sort",Low,"Listed price is the retailer's, not a Nyce Solutions price; Specifications as listed by the retailer; confirm against the manufacturer datasheet; not stated on listing: model/SKU, specification table; shown as discounted from KES 9,980,000 (retailer claim, not verified); also in owner spreadsheet (draft ""1000-kva-three-phase-stabilizer-tns-z-abcos-automatic-voltag"")"
2026-10-10,Electricals & Wiring,Voltage Stabilizers (electrical-6),50 Kva Three Phase Stabilizer – TNS-Z Abcos – Automatic Voltage Stabilizer,Abcos,Not stated,Building & Construction > Power Voltage Stabilizers,No specification table in listing,"425,785","998,000",In stock,https://macire.co.ke/product/50-kva-three-phase-stabilizer-tns-z-abcos-automatic-voltage-stabilizer/,4 image(s) hosted by Macire; rights not cleared - do not reuse,"#4 of 10 in the category under the store's own ""popularity"" sort",Low,"Listed price is the retailer's, not a Nyce Solutions price; Specifications as listed by the retailer; confirm against the manufacturer datasheet; not stated on listing: model/SKU, specification table; shown as discounted from KES 998,000 (retailer claim, not verified); also in owner spreadsheet (draft ""50-kva-three-phase-stabilizer-tns-z-abcos-automatic-voltage"")"
2026-10-10,Electricals & Wiring,Voltage Stabilizers (electrical-6),30 Kva Three Phase Stabilizer – TNS-Z Abcos – Automatic Voltage Stabilizer,Abcos,Not stated,Building & Construction > Power Voltage Stabilizers,No specification table in listing,"280,785","598,000",In stock,https://macire.co.ke/product/30-kva-three-phase-stabilizer-tns-z-abcos-automatic-voltage-stabilizer/,4 image(s) hosted by Macire; rights not cleared - do not reuse,"#5 of 10 in the category under the store's own ""popularity"" sort",Low,"Listed price is the retailer's, not a Nyce Solutions price; Specifications as listed by the retailer; confirm against the manufacturer datasheet; not stated on listing: model/SKU, specification table; shown as discounted from KES 598,000 (retailer claim, not verified); also in owner spreadsheet (draft ""30-kva-three-phase-stabilizer-tns-z-abcos-automatic-voltage"")"
2026-10-10,Electricals & Wiring,Panel Boxes (electrical-7),Panel Box 1000×800×300 – Chint,Chint,Panel Box 1000×800×300,Electrical & Wiring > Panel Box,"Brand: Chint; Model: Panel Box 1000×800×300; Material: Powder-Coated Steel; Dimensions: 1000mm × 800mm × 300mm; Protection Rating: IP65; Mounting Type: Wall-Mounted; Door Type: Hinged with Lock; Color: Light Grey; Applications: Solar PV Systems, Industrial, Residential & Commercial Installations","31,995","55,899",In stock,https://macire.co.ke/product/panel-box-1000x800x300-chint/,5 image(s) hosted by Macire; rights not cleared - do not reuse,"#1 of 7 in the category under the store's own ""popularity"" sort",High,"Listed price is the retailer's, not a Nyce Solutions price; Specifications as listed by the retailer; confirm against the manufacturer datasheet; shown as discounted from KES 55,899 (retailer claim, not verified); also in owner spreadsheet (draft ""panel-box-1000-800-300-chint"")"
2026-10-10,Electricals & Wiring,Panel Boxes (electrical-7),Panel Box 800×600×250 – Chint,Chint,Panel Box 800×600×250,Electrical & Wiring > Panel Box,"Brand: Chint; Model: Panel Box 800×600×250; Material: Powder-Coated Steel; Dimensions: 800mm × 600mm × 250mm; Protection Rating: IP65; Mounting Type: Wall-Mounted; Door Type: Hinged with Lock; Color: Light Grey; Applications: Solar, Industrial, Residential & Commercial Installations","20,995","25,899",In stock,https://macire.co.ke/product/panel-box-800x600x250-chint/,5 image(s) hosted by Macire; rights not cleared - do not reuse,"#2 of 7 in the category under the store's own ""popularity"" sort",High,"Listed price is the retailer's, not a Nyce Solutions price; Specifications as listed by the retailer; confirm against the manufacturer datasheet; shown as discounted from KES 25,899 (retailer claim, not verified); also in owner spreadsheet (draft ""panel-box-800-600-250-chint"")"
2026-10-10,Electricals & Wiring,Panel Boxes (electrical-7),Panel Box 600×400×200 – Chint,Chint,Panel Box 600×400×200,Electrical & Wiring > Panel Box,"Brand: Chint; Model: Panel Box 600×400×200; Material: Powder-Coated Steel; Dimensions: 600mm × 400mm × 200mm; Protection Rating: IP65; Mounting Type: Wall-Mounted; Door Type: Hinged with Lock; Color: Light Grey; Applications: Solar, Industrial, Residential & Commercial Installations","9,899","12,990",In stock,https://macire.co.ke/product/panel-box-600x400x200-chint/,5 image(s) hosted by Macire; rights not cleared - do not reuse,"#3 of 7 in the category under the store's own ""popularity"" sort",High,"Listed price is the retailer's, not a Nyce Solutions price; Specifications as listed by the retailer; confirm against the manufacturer datasheet; shown as discounted from KES 12,990 (retailer claim, not verified); also in owner spreadsheet (draft ""panel-box-600-400-200-chint"")"
2026-10-10,Electricals & Wiring,Panel Boxes (electrical-7),Panel Box 500×400×200 – Chint,Chint,Panel Box 500×400×200,Electrical & Wiring > Panel Box,"Brand: Chint; Model: Panel Box 500×400×200; Material: Powder-Coated Steel; Dimensions: 500mm × 400mm × 200mm; Protection Rating: IP65; Mounting Type: Wall-Mounted; Door Type: Hinged with Lock; Color: Light Grey; Applications: Solar, Industrial, Residential & Commercial Installations","6,899","8,999",In stock,https://macire.co.ke/product/panel-box-500x400x200-chint/,5 image(s) hosted by Macire; rights not cleared - do not reuse,"#4 of 7 in the category under the store's own ""popularity"" sort",High,"Listed price is the retailer's, not a Nyce Solutions price; Specifications as listed by the retailer; confirm against the manufacturer datasheet; shown as discounted from KES 8,999 (retailer claim, not verified); also in owner spreadsheet (draft ""panel-box-500-400-200-chint"")"
2026-10-10,Electricals & Wiring,Panel Boxes (electrical-7),Panel Box 400×300×200 – Chint,Chint,Panel Box 400×300×200,Electrical & Wiring > Panel Box,"Brand: Chint; Model: Panel Box 400×300×200; Material: Powder-Coated Steel; Dimensions: 400mm × 300mm × 200mm; Protection Rating: IP65; Mounting Type: Wall-Mounted; Door Type: Hinged with Lock; Color: Light Grey; Applications: Solar, Residential, Industrial & Commercial Installations","5,995","7,899",In stock,https://macire.co.ke/product/panel-box-400x300x200-chint/,5 image(s) hosted by Macire; rights not cleared - do not reuse,"#5 of 7 in the category under the store's own ""popularity"" sort",High,"Listed price is the retailer's, not a Nyce Solutions price; Specifications as listed by the retailer; confirm against the manufacturer datasheet; shown as discounted from KES 7,899 (retailer claim, not verified); also in owner spreadsheet (draft ""panel-box-400-300-200-chint"")"
2026-10-10,Electricals & Wiring,Power Strips & Surge Protectors (electrical-8),500V Suntree Series Surge Protector SUP2H-PV SPD 2 Poles 500V 20-40KA,Suntree,Not stated,Solar & Renewable Energy > Solar Accessories,No specification table in listing,"4,999","15,800",In stock,https://macire.co.ke/product/500v-suntree-series-surge-protector-sup2h-pv-spd-2-poles-500v-20-40ka/,6 image(s) hosted by Macire; rights not cleared - do not reuse,None (found by keyword search),Low,"Listed price is the retailer's, not a Nyce Solutions price; Specifications as listed by the retailer; confirm against the manufacturer datasheet; not stated on listing: model/SKU, specification table; shown as discounted from KES 15,800 (retailer claim, not verified); Solar DC surge/lightning protector, not a mains power strip; fit needs manual review"
2026-10-10,Electricals & Wiring,Power Strips & Surge Protectors (electrical-8),Felicity FSPD2250 Lightning Protection Module,Felicity,Not stated,Solar & Renewable Energy > Solar Accessories,No specification table in listing,"10,500","21,340",In stock,https://macire.co.ke/product/felicity-fspd2250-lightning-protection-module/,4 image(s) hosted by Macire; rights not cleared - do not reuse,None (found by keyword search),Low,"Listed price is the retailer's, not a Nyce Solutions price; Specifications as listed by the retailer; confirm against the manufacturer datasheet; not stated on listing: model/SKU, specification table; shown as discounted from KES 21,340 (retailer claim, not verified); also in owner spreadsheet (draft ""felicity-fspd2250-lightning-protection-module""); Solar DC surge/lightning protector, not a mains power strip; fit needs manual review"
2026-10-10,Electricals & Wiring,Twin & Earth Cables (electrical-9),1.0mm Twin with Earth Cable – West (Per Roll),West,Not stated,Electrical Cable Wire > Twin with Earth Cable,"⚡ Cable Type: Twin with Earth Cable; ???? Size: 1.0mm²; ???? Conductor Material: 99.9% Pure Copper; ???? Insulation Material: Heavy-Duty PVC; ???? Rated Voltage: 450/750V; ????️ Temperature Range: -10°C to +70°C; ???? Length: Sold Per Roll; ???? Application: Lighting Circuits, Small Power Outlets","7,495","9,899",In stock,https://macire.co.ke/product/1-0mm-twin-with-earth-cable-west-per-roll/,4 image(s) hosted by Macire; rights not cleared - do not reuse,"#1 of 2 in the category under the store's own ""popularity"" sort",Medium,"Listed price is the retailer's, not a Nyce Solutions price; Specifications as listed by the retailer; confirm against the manufacturer datasheet; not stated on listing: model/SKU; shown as discounted from KES 9,899 (retailer claim, not verified); also in owner spreadsheet (draft ""1-0mm-twin-with-earth-cable-west-per-roll"")"
2026-10-10,Electricals & Wiring,Twin & Earth Cables (electrical-9),1.0mm Twin with Earth Cable – West (Per Meter),West,Not stated,Electrical Cable Wire > Twin with Earth Cable,"⚡ Cable Type: Twin with Earth Cable; ???? Size: 1.0mm²; ???? Conductor Material: 99.9% Pure Copper; ???? Insulation Material: Heavy-Duty PVC; ???? Rated Voltage: 450/750V; ????️ Temperature Range: -10°C to +70°C; ???? Length: Sold Per Meter; ???? Application: Lighting Circuits, Small Power Outlets",120,130,In stock,https://macire.co.ke/product/1-0mm-twin-with-earth-cable-west-per-meter/,4 image(s) hosted by Macire; rights not cleared - do not reuse,"#2 of 2 in the category under the store's own ""popularity"" sort",Medium,"Listed price is the retailer's, not a Nyce Solutions price; Specifications as listed by the retailer; confirm against the manufacturer datasheet; not stated on listing: model/SKU; shown as discounted from KES 130 (retailer claim, not verified); also in owner spreadsheet (draft ""1-0mm-twin-with-earth-cable-west-per-meter"")"
2026-10-10,Electricals & Wiring,Distribution Boards (electrical-10),12 Way Distribution Board – Europlus,Europlus,Not stated,Distribution Board > Electrical Cable Wire,"Type: 12-Way Distribution Board; Brand: Europlus; Construction: Heavy-duty, corrosion-resistant metal/ABS body; Mounting: Wall-mounted; Application: Residential, commercial, and light industrial; Safety: Shock-proof, fire-retardant, and compact design; Compatibility: Supports MCBs, RCCBs, and main isolators","15,996","25,996",In stock,https://macire.co.ke/product/12-way-distribution-board-europlus/,6 image(s) hosted by Macire; rights not cleared - do not reuse,"#1 of 8 in the category under the store's own ""popularity"" sort",Medium,"Listed price is the retailer's, not a Nyce Solutions price; Specifications as listed by the retailer; confirm against the manufacturer datasheet; not stated on listing: model/SKU; shown as discounted from KES 25,996 (retailer claim, not verified); also in owner spreadsheet (draft ""12-way-distribution-board-europlus"")"
2026-10-10,Electricals & Wiring,Distribution Boards (electrical-10),8 Way Distribution Board – Europlus,Europlus,Not stated,Distribution Board > Electrical Cable Wire,"Type: 8-Way Distribution Board; Brand: Europlus; Construction: Heavy-duty, insulated and corrosion-resistant; Mounting: Wall-mounted; Application: Domestic and commercial installations; Safety: Shock-proof, compact, and secure","13,995","21,996",In stock,https://macire.co.ke/product/8-way-distribution-board-europlus/,6 image(s) hosted by Macire; rights not cleared - do not reuse,"#2 of 8 in the category under the store's own ""popularity"" sort",Medium,"Listed price is the retailer's, not a Nyce Solutions price; Specifications as listed by the retailer; confirm against the manufacturer datasheet; not stated on listing: model/SKU; shown as discounted from KES 21,996 (retailer claim, not verified); also in owner spreadsheet (draft ""8-way-distribution-board-europlus"")"
2026-10-10,Electricals & Wiring,Distribution Boards (electrical-10),6 Way Distribution Board – Europlus,Europlus,Not stated,Distribution Board > Electrical Cable Wire,"Type: 6-Way Distribution Board; Brand: Europlus; Construction: Heavy-duty, insulated enclosure; Mounting: Wall-mount type; Application: Domestic and commercial use; Safety: Shock-proof and corrosion-resistant","11,995","18,996",In stock,https://macire.co.ke/product/6-way-distribution-board-europlus/,6 image(s) hosted by Macire; rights not cleared - do not reuse,"#3 of 8 in the category under the store's own ""popularity"" sort",Medium,"Listed price is the retailer's, not a Nyce Solutions price; Specifications as listed by the retailer; confirm against the manufacturer datasheet; not stated on listing: model/SKU; shown as discounted from KES 18,996 (retailer claim, not verified); also in owner spreadsheet (draft ""6-way-distribution-board-europlus"")"
2026-10-10,Electricals & Wiring,Distribution Boards (electrical-10),4 Way Distribution Board – Europlus,Europlus,Not stated,Distribution Board > Electrical Cable Wire,"⚡ Brand: Europlus; ???? Type: 4 Way Distribution Board; ???? Material: Powder-Coated Steel; ⚙️ Rated Voltage: 240V AC; ???? Circuit Capacity: 4 Circuits; ???? Mounting Type: Surface or Flush Mount; ???? Protection Compatibility: MCB / RCD / Isolator; ???? Included: Busbar, Neutral & Earth Links","8,999","12,995",In stock,https://macire.co.ke/product/4-way-distribution-board-europlus/,6 image(s) hosted by Macire; rights not cleared - do not reuse,"#4 of 8 in the category under the store's own ""popularity"" sort",Medium,"Listed price is the retailer's, not a Nyce Solutions price; Specifications as listed by the retailer; confirm against the manufacturer datasheet; not stated on listing: model/SKU; shown as discounted from KES 12,995 (retailer claim, not verified); also in owner spreadsheet (draft ""4-way-distribution-board-europlus"")"
2026-10-10,Electricals & Wiring,Distribution Boards (electrical-10),8 Way Distribution Board – Havells,havells,Not stated,Distribution Board > Electrical Cable Wire,"⚡ Brand: Havells; ???? Type: 8 Way Distribution Board; ???? Material: Powder-Coated Steel; ⚙️ Rated Voltage: 240V AC; ???? Circuit Capacity: 8 Circuits; ???? Mounting Type: Surface or Flush Mount; ???? Protection Compatibility: MCB / RCD / Isolator; ???? Included: Busbar, Neutral & Earth Links","17,600","19,996",In stock,https://macire.co.ke/product/8-way-distribution-board-havells/,5 image(s) hosted by Macire; rights not cleared - do not reuse,"#5 of 8 in the category under the store's own ""popularity"" sort",Medium,"Listed price is the retailer's, not a Nyce Solutions price; Specifications as listed by the retailer; confirm against the manufacturer datasheet; not stated on listing: model/SKU; shown as discounted from KES 19,996 (retailer claim, not verified); also in owner spreadsheet (draft ""8-way-distribution-board-havells"")"
2026-10-10,Borehole & Water Solutions,Electric Borehole Pumps (water-1),0.25Kw 1.5m³ 70m Premier Brushless 3TG1.5-70-250W/24V 250W 0.34HP 1500L/h Borehole Submersible Water DC Pump (Screw Type),Premier,3TG1.5-70-250W/24V,Borehole & Water Solutions > Borehole Pumps Systems > Electric Submersible Borehole Pumps,Brand: Premier; Model: 3TG1.5-70-250W/24V; Pump Type: Borehole Submersible Water DC Pump; Pump Mechanism: Screw / Progressive Cavity; Motor Type: Brushless DC (BLDC); Power: 250W / 0.25kW / 0.34HP; Voltage: 24V DC; Maximum Head: 70 m; Maximum Flow: 1.5 m³/h (1500 L/h); Outlet Size: 1″,"14,495","22,000",In stock,https://macire.co.ke/product/0-25kw-1-5m%c2%b3-70m-premier-brushless-3tg1-5-70-250w-24v-250w-0-34hp-1500l-h-borehole-submersible-water-dc-pump-screw-type/,13 image(s) hosted by Macire; rights not cleared - do not reuse,"#1 of 96 in the category under the store's own ""popularity"" sort",High,"Listed price is the retailer's, not a Nyce Solutions price; Specifications as listed by the retailer; confirm against the manufacturer datasheet; shown as discounted from KES 22,000 (retailer claim, not verified)"
2026-10-10,Borehole & Water Solutions,Electric Borehole Pumps (water-1),"93m Doyin AC Borehole Submersible Water Pump – 0.75kW, 1HP, Ordinary Impeller",Doyin,4SDM3/13,Electric Submersible Borehole Pumps > Water & Irrigation Equipment,"Brand: Doyin; Model: 4SDM3/13; Product Type: AC Borehole Submersible Water Pump; Rated Power: 0.75kW; Horsepower: 1HP; Maximum Flow Rate: 4.8m³/h; Water Output: 4,800L/h; Maximum Head: 93 Metres; Impeller Type: Ordinary Impeller; Motor Type: Copper-Wound AC Motor","22,995","53,000",In stock,https://macire.co.ke/product/93m-doyin-ac-borehole-submersible-water-pump-0-75kw-1hp-ordinary-impeller/,7 image(s) hosted by Macire; rights not cleared - do not reuse,"#7 of 96 in the category under the store's own ""popularity"" sort",High,"Listed price is the retailer's, not a Nyce Solutions price; Specifications as listed by the retailer; confirm against the manufacturer datasheet; shown as discounted from KES 53,000 (retailer claim, not verified)"
2026-10-10,Borehole & Water Solutions,Electric Borehole Pumps (water-1),95M Premier 400W Solar DC Submersible Pump,Premier,Not stated,Electric Submersible Borehole Pumps > Water & Irrigation Equipment,"Pump Type: Solar DC Submersible Brushless Screw Pump; Power Rating: 400W; Maximum Head (Lift): 95M; Flow Rate: 2,300 – 3,500 Liters/Hour; Voltage Range: 36V – 80V DC; Material: Stainless Steel; Controller: Economy MPPT Controller (Included); Recommended Solar: 3–5 x 100W–150W Panels (in series); Minimum Borehole Size: 3 inches diameter","19,500","35,000",In stock,https://macire.co.ke/product/95m-premier-400w-solar-dc-submersible-pump/,6 image(s) hosted by Macire; rights not cleared - do not reuse,"#8 of 96 in the category under the store's own ""popularity"" sort",Medium,"Listed price is the retailer's, not a Nyce Solutions price; Specifications as listed by the retailer; confirm against the manufacturer datasheet; not stated on listing: model/SKU; shown as discounted from KES 35,000 (retailer claim, not verified)"
2026-10-10,Borehole & Water Solutions,Electric Borehole Pumps (water-1),70M Premier 250W Solar DC Submersible Pump – DeepLift AquaForce Edition,Premier,Not stated,Electric Submersible Borehole Pumps > Water & Irrigation Equipment,"Rated Power: 250W (Brushless DC); Max Head (Lift): 70M; Max Flow Rate: 2,000 – 3,000 L/h (varies with lift); Working Voltage: 18V – 48V DC; Pump Type: Stainless Steel Submersible; Suction Type: Deep Borehole (min. 4-inch diameter); Cable Length: Approx. 2–3 meters (extendable); Controller: Optional MPPT Solar Pump Controller","14,495","25,900",In stock,https://macire.co.ke/product/70m-premier-250w-solar-dc-submersible-pump-deeplift-aquaforce-edition/,4 image(s) hosted by Macire; rights not cleared - do not reuse,"#9 of 96 in the category under the store's own ""popularity"" sort",Medium,"Listed price is the retailer's, not a Nyce Solutions price; Specifications as listed by the retailer; confirm against the manufacturer datasheet; not stated on listing: model/SKU; shown as discounted from KES 25,900 (retailer claim, not verified)"
2026-10-10,Borehole & Water Solutions,Electric Borehole Pumps (water-1),25 Metres 0.75HP Aico Japan Grey Shallow Well Submersible Pump,Aico Japan,Not stated,Electric Submersible Borehole Pumps > Water & Irrigation Equipment,No specification table in listing,"13,500","28,999",In stock,https://macire.co.ke/product/25-metres-0-75hp-aico-japan-grey-shallow-well-submersible-pump/,5 image(s) hosted by Macire; rights not cleared - do not reuse,"#10 of 96 in the category under the store's own ""popularity"" sort",Low,"Listed price is the retailer's, not a Nyce Solutions price; Specifications as listed by the retailer; confirm against the manufacturer datasheet; not stated on listing: model/SKU, specification table; shown as discounted from KES 28,999 (retailer claim, not verified)"
2026-10-10,Borehole & Water Solutions,AC DC Borehole Pumps (water-3),5500W 369m Cevada Italy 3-Phase AC/DC Borehole Pump – 2″ Extreme High-Lift Pump,Doyin,Not stated,AC DC Borehole Pumps > Borehole & Water Solutions > Borehole Pumps Systems > Solar DC Submersible Borehole Water Pumps,Brand: Cevada Italy; Rated Power: 5500W / 5.5kW; Maximum Head: 369m; Outlet Size: 2 Inch; Phase: 3 Phase; Power Type: AC/DC; Pump Type: Submersible Borehole Water Pump; Duty: Extreme High-Lift Deep-Well Pumping,"159,995","230,000",In stock,https://macire.co.ke/product/5500w-369m-cevada-italy-3-phase-ac-dc-borehole-pump-2-extreme-high-lift-pump/,7 image(s) hosted by Macire; rights not cleared - do not reuse,"#2 of 45 in the category under the store's own ""popularity"" sort",Medium,"Listed price is the retailer's, not a Nyce Solutions price; Specifications as listed by the retailer; confirm against the manufacturer datasheet; not stated on listing: model/SKU; shown as discounted from KES 230,000 (retailer claim, not verified); also in owner spreadsheet (draft ""5500w-369m-cevada-italy-3-phase-ac-dc-borehole-pump-2-extrem"")"
2026-10-10,Borehole & Water Solutions,AC DC Borehole Pumps (water-3),3000W 225m Cevada Italy AC/DC Borehole Pump – 2″ Ultra-High-Lift Water Pump,Cevada,Not stated,AC DC Borehole Pumps > Borehole & Water Solutions > Borehole Pumps Systems > Solar DC Submersible Borehole Water Pumps,Brand: Cevada Italy; Rated Power: 3000W / 3kW; Maximum Head: 225m; Outlet Size: 2 Inch; Power Type: AC/DC; Pump Type: Submersible Borehole Water Pump; Duty: Ultra-High-Lift Deep-Well Pumping,"86,995","180,000",In stock,https://macire.co.ke/product/3000w-225m-cevada-italy-ac-dc-borehole-pump-2-ultra-high-lift-water-pump/,6 image(s) hosted by Macire; rights not cleared - do not reuse,"#3 of 45 in the category under the store's own ""popularity"" sort",Medium,"Listed price is the retailer's, not a Nyce Solutions price; Specifications as listed by the retailer; confirm against the manufacturer datasheet; not stated on listing: model/SKU; shown as discounted from KES 180,000 (retailer claim, not verified); also in owner spreadsheet (draft ""3000w-225m-cevada-italy-ac-dc-borehole-pump-2-ultra-high-lif"")"
2026-10-10,Borehole & Water Solutions,AC DC Borehole Pumps (water-3),2200W 185m Cevada Italy AC/DC Borehole Pump – 2″ High-Lift Water Pump,Cevada,Not stated,AC DC Borehole Pumps > Borehole & Water Solutions > Borehole Pumps Systems > Solar DC Submersible Borehole Water Pumps,Brand: Cevada Italy; Rated Power: 2200W / 2.2kW; Maximum Head: 185m; Outlet Size: 2 Inch; Power Type: AC/DC; Pump Type: Borehole Submersible Water Pump; Application: Deep-Well High-Lift Pumping,"76,500","150,000",In stock,https://macire.co.ke/product/2200w-185m-cevada-italy-ac-dc-borehole-pump-2-high-lift-water-pump/,9 image(s) hosted by Macire; rights not cleared - do not reuse,"#4 of 45 in the category under the store's own ""popularity"" sort",Medium,"Listed price is the retailer's, not a Nyce Solutions price; Specifications as listed by the retailer; confirm against the manufacturer datasheet; not stated on listing: model/SKU; shown as discounted from KES 150,000 (retailer claim, not verified); also in owner spreadsheet (draft ""2200w-185m-cevada-italy-ac-dc-borehole-pump-2-high-lift-wate"")"
2026-10-10,Borehole & Water Solutions,AC DC Borehole Pumps (water-3),1500W 136m Cevada Italy AC/DC Borehole Pump – 2″ High-Flow Outlet,Doyin,Not stated,AC DC Borehole Pumps > Borehole & Water Solutions > Borehole Pumps Systems > Solar DC Submersible Borehole Water Pumps,Brand: Cevada Italy; Rated Power: 1500W / 1.5kW; Maximum Head: 136m; Outlet Size: 2 Inch; Power Type: AC/DC; Pump Type: Borehole Submersible Water Pump; Application: Deep-Well Water Pumping,"61,995","89,000",In stock,https://macire.co.ke/product/1500w-136m-cevada-italy-ac-dc-borehole-pump-2-high-flow-outlet/,7 image(s) hosted by Macire; rights not cleared - do not reuse,"#5 of 45 in the category under the store's own ""popularity"" sort",Medium,"Listed price is the retailer's, not a Nyce Solutions price; Specifications as listed by the retailer; confirm against the manufacturer datasheet; not stated on listing: model/SKU; shown as discounted from KES 89,000 (retailer claim, not verified); also in owner spreadsheet (draft ""1500w-136m-cevada-italy-ac-dc-borehole-pump-2-high-flow-outl"")"
2026-10-10,Borehole & Water Solutions,AC DC Borehole Pumps (water-3),5.5HP 4.8m³/h 358m Doyin 4SD3/50 Ordinary Impeller Borehole Pump Body,Doyin,4SD3/50,AC DC Borehole Pumps > Borehole & Water Solutions > Borehole Pumps Systems > Solar DC Submersible Borehole Water Pumps,"Brand: Doyin; Model: 4SD3/50; Motor Requirement: 5.5HP; Maximum Flow: 4.8m³/h; Water Output: 4,800L/h; Maximum Head: 358m; Impeller Type: Ordinary Impeller; Product Type: Borehole Pump Body; Motor Included: No; Application: Ultra-Deep High-Lift Borehole Pumping","21,800","45,000",In stock,https://macire.co.ke/product/5-5hp-4-8m%c2%b3-h-358m-doyin-4sd3-50-ordinary-impeller-borehole-pump-body/,8 image(s) hosted by Macire; rights not cleared - do not reuse,"#6 of 45 in the category under the store's own ""popularity"" sort",High,"Listed price is the retailer's, not a Nyce Solutions price; Specifications as listed by the retailer; confirm against the manufacturer datasheet; shown as discounted from KES 45,000 (retailer claim, not verified)"
2026-10-10,Borehole & Water Solutions,Borehole Cables & Accessories (water-4),16 mm 3 Core Submersible Cable – East African (Per Meter),Not stated,Not stated,Electrical & Wiring > Electrical Cable Wire > Submersible Cables,Brand: East African; Cable Size: 16mm²; Number of Cores: 3 Core; Conductor Material: 99.9% Copper; Insulation: PVC + Rubber (Waterproof); Voltage Rating: 450/750V; Temperature Range: -10°C to +70°C; Waterproof Rating: IP68; Application: Heavy-duty 3-phase pumps; Selling Unit: Per Meter,"1,559","1,899",In stock,https://macire.co.ke/product/16mm-3-core-submersible-cable-east-african-kenya/,6 image(s) hosted by Macire; rights not cleared - do not reuse,"#1 of 41 in the category under the store's own ""popularity"" sort",Low,"Listed price is the retailer's, not a Nyce Solutions price; Specifications as listed by the retailer; confirm against the manufacturer datasheet; not stated on listing: brand, model/SKU; shown as discounted from KES 1,899 (retailer claim, not verified); also in owner spreadsheet (draft ""16-mm-3-core-submersible-cable-east-african-per-meter"")"
2026-10-10,Borehole & Water Solutions,Borehole Cables & Accessories (water-4),25 mm 4 Core Submersible Cable – East African (Per Meter),Not stated,Not stated,Electrical & Wiring > Electrical Cable Wire > Submersible Cables,Brand: East African; Cable Size: 25mm²; Number of Cores: 4 Core; Conductor Material: 99.9% Pure Copper; Insulation: Waterproof PVC + Rubber; Voltage Rating: 450/750V; Temperature Range: -10°C to +70°C; Waterproof Rating: IP68; Application: 3-phase + control/sensor heavy industrial pumps; Selling Unit: Per Meter,"2,998","3,799",In stock,https://macire.co.ke/product/25mm-4-core-submersible-cable-east-african-kenya/,6 image(s) hosted by Macire; rights not cleared - do not reuse,"#2 of 41 in the category under the store's own ""popularity"" sort",Low,"Listed price is the retailer's, not a Nyce Solutions price; Specifications as listed by the retailer; confirm against the manufacturer datasheet; not stated on listing: brand, model/SKU; shown as discounted from KES 3,799 (retailer claim, not verified); also in owner spreadsheet (draft ""25-mm-4-core-submersible-cable-east-african-per-meter"")"
2026-10-10,Borehole & Water Solutions,Borehole Cables & Accessories (water-4),25 mm 3 Core Submersible Cable – East African (Per Meter),Not stated,Not stated,Electrical & Wiring > Electrical Cable Wire > Submersible Cables,Brand: East African; Cable Size: 25mm²; Number of Cores: 3 Core; Conductor Material: 99.9% Pure Copper; Insulation: Waterproof PVC + Rubber; Voltage Rating: 450/750V; Temperature Range: -10°C to +70°C; Waterproof Rating: IP68; Application: High-power 3-phase industrial pumps; Selling Unit: Per Meter,"2,500","2,999",In stock,https://macire.co.ke/product/25mm-3-core-submersible-cable-east-african-kenya/,6 image(s) hosted by Macire; rights not cleared - do not reuse,"#3 of 41 in the category under the store's own ""popularity"" sort",Low,"Listed price is the retailer's, not a Nyce Solutions price; Specifications as listed by the retailer; confirm against the manufacturer datasheet; not stated on listing: brand, model/SKU; shown as discounted from KES 2,999 (retailer claim, not verified); also in owner spreadsheet (draft ""25-mm-3-core-submersible-cable-east-african-per-meter"")"
2026-10-10,Borehole & Water Solutions,Borehole Cables & Accessories (water-4),16 mm 4 Core Submersible Cable – East African (Per Meter),Not stated,Not stated,Electrical & Wiring > Electrical Cable Wire > Submersible Cables,Brand: East African; Cable Size: 16mm²; Number of Cores: 4 Core; Conductor Material: 99.9% Pure Copper; Insulation: Waterproof PVC + Rubber; Voltage Rating: 450/750V; Temperature Range: -10°C to +70°C; Waterproof Rating: IP68; Application: 3-phase + sensor/control large pumps; Selling Unit: Per Meter,"2,399","2,699",In stock,https://macire.co.ke/product/16mm-4-core-submersible-cable-east-african-kenya/,6 image(s) hosted by Macire; rights not cleared - do not reuse,"#4 of 41 in the category under the store's own ""popularity"" sort",Low,"Listed price is the retailer's, not a Nyce Solutions price; Specifications as listed by the retailer; confirm against the manufacturer datasheet; not stated on listing: brand, model/SKU; shown as discounted from KES 2,699 (retailer claim, not verified); also in owner spreadsheet (draft ""16-mm-4-core-submersible-cable-east-african-per-meter"")"
2026-10-10,Borehole & Water Solutions,Borehole Cables & Accessories (water-4),6 mm 3 Core Submersible Cable – East African (Per Meter),Not stated,Not stated,Electrical & Wiring > Electrical Cable Wire > Submersible Cables,"Brand: East African; Cable Size: 6mm²; Number of Cores: 3 Core; Conductor Material: Copper; Insulation: PVC + Rubber, Waterproof; Voltage Rating: 300/500V; Temperature Range: -10°C to +70°C; Waterproof Rating: IP68; Application: 3-phase medium to large pumps; Selling Unit: Per Meter",579,899,In stock,https://macire.co.ke/product/6-mm-3-core-submersible-cable-east-african-per-meter/,6 image(s) hosted by Macire; rights not cleared - do not reuse,"#5 of 41 in the category under the store's own ""popularity"" sort",Low,"Listed price is the retailer's, not a Nyce Solutions price; Specifications as listed by the retailer; confirm against the manufacturer datasheet; not stated on listing: brand, model/SKU; shown as discounted from KES 899 (retailer claim, not verified); also in owner spreadsheet (draft ""6-mm-3-core-submersible-cable-east-african-per-meter"")"
2026-10-10,Borehole & Water Solutions,Automatic Pump Control Switch (water-5),Toller Automatic Pump Control – Automatic Water Pump Pressure Controller,Toller,Not stated,Automatic Pump Control Switch > Water & Irrigation Equipment,"Brand: Toller; Product Type: Automatic Pump Controller; Control Function: Automatic Pump Start & Stop; System Type: Water Pump Control; Operation: Automatic; Primary Purpose: Pump Automation & Water Pressure Control; Installation: Inline Pump Control System; Applications: Domestic, Booster & Water-Supply Systems","4,999","10,000",In stock,https://macire.co.ke/product/toller-automatic-pump-control-automatic-water-pump-pressure-controller/,5 image(s) hosted by Macire; rights not cleared - do not reuse,"#1 of 5 in the category under the store's own ""popularity"" sort",Medium,"Listed price is the retailer's, not a Nyce Solutions price; Specifications as listed by the retailer; confirm against the manufacturer datasheet; not stated on listing: model/SKU; shown as discounted from KES 10,000 (retailer claim, not verified); also in owner spreadsheet (draft ""toller-automatic-pump-control-automatic-water-pump-pressure"")"
2026-10-10,Borehole & Water Solutions,Automatic Pump Control Switch (water-5),0.7KVA Lorentz PS2-600 Controller,Lorentz,PS2-600,Automatic Pump Control Switch > Borehole & Water Solutions,⚙️ Feature: ✅ Description; Brand: Lorentz (Germany); Model: PS2-600; Rated Power: Max. 0.7 KVA / 700W; Input Voltage: Max. 150V DC; Optimal Vmp: > 68V; Motor Current: Max. 13A; Efficiency: Up to 98%; Protection Class: IP68; Temperature Range: -40°C to +50°C,"74,500","95,000",In stock,https://macire.co.ke/product/0-7kva-lorentz-ps2-600-controller/,4 image(s) hosted by Macire; rights not cleared - do not reuse,"#2 of 5 in the category under the store's own ""popularity"" sort",High,"Listed price is the retailer's, not a Nyce Solutions price; Specifications as listed by the retailer; confirm against the manufacturer datasheet; shown as discounted from KES 95,000 (retailer claim, not verified)"
2026-10-10,Borehole & Water Solutions,Automatic Pump Control Switch (water-5),0.3KVA Lorentz PS2-200 Pump Controller,Lorentz,PS2-200,Automatic Pump Control Switch > Borehole & Water Solutions,"Brand: Lorentz (Germany); Model: PS2-200; Power Output: 0.3KVA (300 Watts); Input Voltage: 120–375V DC (Solar Panel Input); Output Type: DC (for pump motor); Cooling: Natural Air Cooling; Efficiency: >95% MPPT Controller; Protection: Dry Run, Overheat, Overload, Overvoltage; Display: LED Status Indicators; Warranty: 12 Months via Macire","48,500","65,000",In stock,https://macire.co.ke/product/0-3kva-lorentz-ps2-200-pump-controller/,5 image(s) hosted by Macire; rights not cleared - do not reuse,"#3 of 5 in the category under the store's own ""popularity"" sort",High,"Listed price is the retailer's, not a Nyce Solutions price; Specifications as listed by the retailer; confirm against the manufacturer datasheet; shown as discounted from KES 65,000 (retailer claim, not verified)"
2026-10-10,Borehole & Water Solutions,Automatic Pump Control Switch (water-5),0.3KVA Lorentz PS2-150 Pump Controller,Lorentz,PS2-150,Automatic Pump Control Switch > Borehole & Water Solutions,"Brand: Lorentz (Germany); Model: PS2-150; Power Output: 0.3KVA (300W); Pump Compatibility: Lorentz PS2 Series Pumps; Input Voltage Range: 120–375V DC (from solar panels); Max Efficiency: >95% with MPPT; Protection: Dry Run, Overheat, Overvoltage, Overload; Output Voltage: DC (varies based on pump/load); Display: Status LEDs / Optional data interface; Cooling: Passive air-cooled","44,500","65,500",In stock,https://macire.co.ke/product/0-3kva-lorentz-ps2-150-pump-controller/,5 image(s) hosted by Macire; rights not cleared - do not reuse,"#4 of 5 in the category under the store's own ""popularity"" sort",High,"Listed price is the retailer's, not a Nyce Solutions price; Specifications as listed by the retailer; confirm against the manufacturer datasheet; shown as discounted from KES 65,500 (retailer claim, not verified)"
2026-10-10,Borehole & Water Solutions,Automatic Pump Control Switch (water-5),Wokin 791015 Automatic Pump Control Switch,Wokin,Not stated,Automatic Pump Control Switch > Water & Irrigation Equipment,No specification table in listing,"3,995","4,870",In stock,https://macire.co.ke/product/wokin-791015-automatic-pump-control-switch/,1 image(s) hosted by Macire; rights not cleared - do not reuse,"#5 of 5 in the category under the store's own ""popularity"" sort",Low,"Listed price is the retailer's, not a Nyce Solutions price; Specifications as listed by the retailer; confirm against the manufacturer datasheet; not stated on listing: model/SKU, specification table; shown as discounted from KES 4,870 (retailer claim, not verified); also in owner spreadsheet (draft ""wokin-791015-automatic-pump-control-switch"")"
2026-10-10,Borehole & Water Solutions,Borehole Pumps Systems (water-6),TOTAL Automatic Pump Control TWPS101 (1.5bar Start 10bar Max 1″x1″),Total,TOTAL TWPS101,Borehole & Water Solutions > Borehole Pumps Systems > Submersible Borehole Pump Accessories,Model: TOTAL TWPS101; Voltage: 220 – 240 V ~ 50/60 Hz; Maximum Current: 10 A; Start Pressure: 1.5 bar; Maximum Pressure: 10 bar; Connections: 1″ inlet × 1″ outlet; Protection Class: IP65 – Water-resistant housing; Control Type: Fully Automatic – Pressure & Flow sensing; Features: Built-in check valve,"3,450","11,450",In stock,https://macire.co.ke/product/total-automatic-pump-control-twps101-1-5bar-start-10bar-max-1x1/,7 image(s) hosted by Macire; rights not cleared - do not reuse,"#8 of 316 in the category under the store's own ""popularity"" sort",High,"Listed price is the retailer's, not a Nyce Solutions price; Specifications as listed by the retailer; confirm against the manufacturer datasheet; shown as discounted from KES 11,450 (retailer claim, not verified)"
2026-10-10,Borehole & Water Solutions,Borehole Pumps Systems (water-6),55m Shiyuan Solar Submersible Borehole pump,Shiyuan,Not stated,Solar & Renewable Energy > Solar DC Submersible Borehole Water Pumps > Solar Water Pumps > Water & Irrigation Equipment,No specification table in listing,"24,499","91,000",In stock,https://macire.co.ke/product/55m-shiyuan-solar-submersible-borehole-pump/,4 image(s) hosted by Macire; rights not cleared - do not reuse,"#17 of 316 in the category under the store's own ""popularity"" sort",Low,"Listed price is the retailer's, not a Nyce Solutions price; Specifications as listed by the retailer; confirm against the manufacturer datasheet; not stated on listing: model/SKU, specification table; shown as discounted from KES 91,000 (retailer claim, not verified)"
2026-10-10,Borehole & Water Solutions,Borehole Pumps Systems (water-6),20m Premier Solar Submersible Pump 24V/150Watts 7000L/Hr,Premier,Not stated,Solar DC Submersible Borehole Water Pumps > Water & Irrigation Equipment,No specification table in listing,"7,995","18,900",In stock,https://macire.co.ke/product/20m-premier-solar-submersible-pump-24v-150watts-7000l-hr/,5 image(s) hosted by Macire; rights not cleared - do not reuse,"#18 of 316 in the category under the store's own ""popularity"" sort",Low,"Listed price is the retailer's, not a Nyce Solutions price; Specifications as listed by the retailer; confirm against the manufacturer datasheet; not stated on listing: model/SKU, specification table; shown as discounted from KES 18,900 (retailer claim, not verified)"
2026-10-10,Borehole & Water Solutions,Borehole Pumps Systems (water-6),90m Premier 7.5HP Three-Phase Sewage Mining Water Pump – Tough Site Dewatering,Premier,Not stated,Building & Construction > Electric Submersible Borehole Pumps > Sewage Pumps > Water & Irrigation Equipment,Brand: Premier; Maximum Head: 90m; Motor Power: 7.5HP; Product Type: Sewage Mining Water Pump; Outlet Size: 2 Inch; Phase: Three Phase; Main Application: Mining & Site Dewatering,"56,200","80,000",In stock,https://macire.co.ke/product/90m-premier-7-5hp-three-phase-sewage-mining-water-pump-tough-site-dewatering/,5 image(s) hosted by Macire; rights not cleared - do not reuse,"#19 of 316 in the category under the store's own ""popularity"" sort",Medium,"Listed price is the retailer's, not a Nyce Solutions price; Specifications as listed by the retailer; confirm against the manufacturer datasheet; not stated on listing: model/SKU; shown as discounted from KES 80,000 (retailer claim, not verified)"
2026-10-10,Borehole & Water Solutions,Borehole Pumps Systems (water-6),3hp 15m 15m³/h Electric Sewage Dirty Water Shallow Well Pump Premier 2 inches QDX3HP,Premier,Not stated,Building & Construction > Electric Submersible Borehole Pumps > Sewage Pumps > Water & Irrigation Equipment,No specification table in listing,"15,995","49,589",In stock,https://macire.co.ke/product/3hp-15m-15m%c2%b3-h-electric-sewage-dirty-water-shallow-well-pump-premier-2-inches-qdx3hp/,4 image(s) hosted by Macire; rights not cleared - do not reuse,"#20 of 316 in the category under the store's own ""popularity"" sort",Low,"Listed price is the retailer's, not a Nyce Solutions price; Specifications as listed by the retailer; confirm against the manufacturer datasheet; not stated on listing: model/SKU, specification table; shown as discounted from KES 49,589 (retailer claim, not verified)"
2026-10-10,Borehole & Water Solutions,Booster Centrifugal Water Pumps (water-7),60M Aico Japan 1HP Centrifugal Water Booster Pump AKP80,Aico Japan,AKP80,Booster Centrifugal Water Pumps > Water & Irrigation Equipment,Brand: Aico Japan; Model: AKP80; Power: 1HP / 750 Watts; Pump Type: Centrifugal Water Booster Pump; Max Head: 60 Meters; Max Flow Rate: 50 Liters/Minute; Voltage: 220V / 50Hz – Single Phase; Material: Anti-Rust Treated Cast Iron; Motor Protection: Yes – Thermal Overload Protected; Inlet/Outlet Size: 1” (25mm) Standard,"9,995","20,000",In stock,https://macire.co.ke/product/60m-aico-japan-1hp-centrifugal-water-booster-pump-akp80/,5 image(s) hosted by Macire; rights not cleared - do not reuse,"#2 of 45 in the category under the store's own ""popularity"" sort",High,"Listed price is the retailer's, not a Nyce Solutions price; Specifications as listed by the retailer; confirm against the manufacturer datasheet; shown as discounted from KES 20,000 (retailer claim, not verified)"
2026-10-10,Borehole & Water Solutions,Booster Centrifugal Water Pumps (water-7),0.32hp 0.25Kw Dayliff DDP 50A Automatic Mini Electric Booster Water Pump,Dayliff,Not stated,Booster Centrifugal Water Pumps > Water & Irrigation Equipment,No specification table in listing,"13,899","37,998",In stock,https://macire.co.ke/product/dayliff-ddp-50a-automatic-mini-booster-pump/,3 image(s) hosted by Macire; rights not cleared - do not reuse,"#3 of 45 in the category under the store's own ""popularity"" sort",Low,"Listed price is the retailer's, not a Nyce Solutions price; Specifications as listed by the retailer; confirm against the manufacturer datasheet; not stated on listing: model/SKU, specification table; shown as discounted from KES 37,998 (retailer claim, not verified)"
2026-10-10,Borehole & Water Solutions,Booster Centrifugal Water Pumps (water-7),0.5hp 0.37Kw 35m Dayliff DDP 60 Electric Booster Water Pump High Quality,Dayliff,Not stated,Booster Centrifugal Water Pumps > Water & Irrigation Equipment,No specification table in listing,"6,325","15,995",In stock,https://macire.co.ke/product/dayliff-ddp-60-high-quality-booster-pump/,3 image(s) hosted by Macire; rights not cleared - do not reuse,"#4 of 45 in the category under the store's own ""popularity"" sort",Low,"Listed price is the retailer's, not a Nyce Solutions price; Specifications as listed by the retailer; confirm against the manufacturer datasheet; not stated on listing: model/SKU, specification table; shown as discounted from KES 15,995 (retailer claim, not verified)"
2026-10-10,Borehole & Water Solutions,Booster Centrifugal Water Pumps (water-7),0.5hp 28m 1.8m³ Electric Booster Peripheral Water Pump Premier QB60,Premier,Not stated,Booster Centrifugal Water Pumps > Water & Irrigation Equipment,No specification table in listing,"4,499","8,760",In stock,https://macire.co.ke/product/0-5hp-28m-1-8m%c2%b3-electric-booster-peripheral-water-pump-premier-qb60/,4 image(s) hosted by Macire; rights not cleared - do not reuse,"#5 of 45 in the category under the store's own ""popularity"" sort",Low,"Listed price is the retailer's, not a Nyce Solutions price; Specifications as listed by the retailer; confirm against the manufacturer datasheet; not stated on listing: model/SKU, specification table; shown as discounted from KES 8,760 (retailer claim, not verified)"
2026-10-10,Borehole & Water Solutions,Booster Centrifugal Water Pumps (water-7),0.32hp 0.25Kw Dayliff DQ15F Automatic Shower Booster Water Pump,Dayliff,Not stated,Booster Centrifugal Water Pumps > Water & Irrigation Equipment,No specification table in listing,"18,000","24,098",In stock,https://macire.co.ke/product/dayliff-dq15f-automatic-shower-boosterdayliff-dq15f-automatic-shower-booster/,3 image(s) hosted by Macire; rights not cleared - do not reuse,"#6 of 45 in the category under the store's own ""popularity"" sort",Low,"Listed price is the retailer's, not a Nyce Solutions price; Specifications as listed by the retailer; confirm against the manufacturer datasheet; not stated on listing: model/SKU, specification table; shown as discounted from KES 24,098 (retailer claim, not verified)"
2026-10-10,Borehole & Water Solutions,Swimming Pools Pumps & Accessories (water-8),"1.1kW Aico Japan Swimming Pool Pump – AC-SPP, 366L/min Flow, 25m Head",Aico Japan,AC-SPP,Swimming Pool Pumps > Swimming Pools,Component: Specification; Brand: Aico Japan; Model: AC-SPP; Pump Type: Swimming Pool Circulation Pump; Power Rating: 1.1 kW (1.5 HP); Power Supply: Single Phase AC; Maximum Flow Rate: 366 L/min; Maximum Head: 25 m; Duty Type: Continuous Duty; Application: Pool Circulation & Filtration,"34,800","70,000",In stock,https://macire.co.ke/product/1-1kw-aico-japan-swimming-pool-pump-ac-spp-366l-min-flow-25m-head/,5 image(s) hosted by Macire; rights not cleared - do not reuse,"#1 of 30 in the category under the store's own ""popularity"" sort",High,"Listed price is the retailer's, not a Nyce Solutions price; Specifications as listed by the retailer; confirm against the manufacturer datasheet; shown as discounted from KES 70,000 (retailer claim, not verified)"
2026-10-10,Borehole & Water Solutions,Swimming Pools Pumps & Accessories (water-8),4.0kW Dayliff DPX4000 Swimming Pool Pump – Heavy-Duty Commercial Pool Circulation,Dayliff,DPX4000,Swimming Pool Pumps > Swimming Pools,"Component: Specification; Brand: Dayliff; Model: DPX4000; Pump Type: Swimming Pool Circulation Pump; Power Rating: 4.0 kW; Motor Type: Electric motor; Phase: 3-Phase; Voltage: 400 V; Pumped Liquid: Clean, chemically treated pool water; Application: Pool circulation & filtration","284,987","319,500",In stock,https://macire.co.ke/product/4-0kw-dayliff-dpx4000-swimming-pool-pump-heavy-duty-commercial-pool-circulation/,11 image(s) hosted by Macire; rights not cleared - do not reuse,"#2 of 30 in the category under the store's own ""popularity"" sort",High,"Listed price is the retailer's, not a Nyce Solutions price; Specifications as listed by the retailer; confirm against the manufacturer datasheet; shown as discounted from KES 319,500 (retailer claim, not verified); also in owner spreadsheet (draft ""4-0kw-dayliff-dpx4000-swimming-pool-pump-heavy-duty-commerci"")"
2026-10-10,Borehole & Water Solutions,Swimming Pools Pumps & Accessories (water-8),"3.0kW Dayliff DPX3000 Swimming Pool Pump – Commercial, High Flow & Heavy Duty",Dayliff,DPX3000,Swimming Pool Pumps > Swimming Pools,"Component: Specification; Brand: Dayliff; Model: DPX3000; Pump Type: Swimming Pool Circulation Pump; Power Rating: 3.0 kW; Motor Type: Electric motor; Phase: 3-Phase; Voltage: 400 V; Pumped Liquid: Clean, chemically treated pool water; Application: Pool circulation & filtration","112,727","159,500",In stock,https://macire.co.ke/product/3-0kw-dayliff-dpx3000-swimming-pool-pump-commercial-high-flow-heavy-duty/,11 image(s) hosted by Macire; rights not cleared - do not reuse,"#3 of 30 in the category under the store's own ""popularity"" sort",High,"Listed price is the retailer's, not a Nyce Solutions price; Specifications as listed by the retailer; confirm against the manufacturer datasheet; shown as discounted from KES 159,500 (retailer claim, not verified); also in owner spreadsheet (draft ""3-0kw-dayliff-dpx3000-swimming-pool-pump-commercial-high-flo"")"
2026-10-10,Borehole & Water Solutions,Swimming Pools Pumps & Accessories (water-8),"1.5kW Dayliff DPX1500 Swimming Pool Pump – High Flow, Durable Motor & Quiet Circulation",Dayliff,DPX1500,Swimming Pool Pumps > Swimming Pools,"Component: Specification; Brand: Dayliff; Model: DPX1500; Pump Type: Swimming Pool Circulation Pump; Power Rating: 1.5 kW; Motor Type: Single-phase electric motor; Voltage: 1 × 240 V; Pumped Liquid: Clean, chemically treated pool water; Application: Pool circulation & filtration; Installation: Above-ground pool pump","78,995","149,500",In stock,https://macire.co.ke/product/1-5kw-dayliff-dpx1500-swimming-pool-pump-high-flow-durable-motor-quiet-circulation/,11 image(s) hosted by Macire; rights not cleared - do not reuse,"#4 of 30 in the category under the store's own ""popularity"" sort",High,"Listed price is the retailer's, not a Nyce Solutions price; Specifications as listed by the retailer; confirm against the manufacturer datasheet; shown as discounted from KES 149,500 (retailer claim, not verified); also in owner spreadsheet (draft ""1-5kw-dayliff-dpx1500-swimming-pool-pump-high-flow-durable-m"")"
2026-10-10,Borehole & Water Solutions,Swimming Pools Pumps & Accessories (water-8),1.0kW Dayliff DPSOLAR1000 Solar Swimming Pool Pump – Energy-Saving Pool Circulation,Dayliff,DPSOLAR1000,Swimming Pool Pumps > Swimming Pools,"Component: Specification; Brand: Dayliff; Model: DPSOLAR1000; Pump Type: Solar Swimming Pool Pump; Power Rating: 1.0 kW; Motor Type: Brushless DC, variable speed; Controller: Integrated MPPT solar controller; PV Requirement: 6 × 200 W solar modules; Voltage Range: 110 – 200 V DC; Max Flow Rate: ~26 m³/hr","115,337","189,500",In stock,https://macire.co.ke/product/1-0kw-dayliff-dpsolar1000-solar-swimming-pool-pump-energy-saving-pool-circulation/,10 image(s) hosted by Macire; rights not cleared - do not reuse,"#5 of 30 in the category under the store's own ""popularity"" sort",High,"Listed price is the retailer's, not a Nyce Solutions price; Specifications as listed by the retailer; confirm against the manufacturer datasheet; shown as discounted from KES 189,500 (retailer claim, not verified); also in owner spreadsheet (draft ""1-0kw-dayliff-dpsolar1000-solar-swimming-pool-pump-energy-sa"")"
2026-10-10,Borehole & Water Solutions,Water Treatment (water-9),Dayliff Chlorine 65 – from 5kgs,Dayliff,Not stated,Water Treatment > Water Treatment Chemicals,No specification table in listing,"4,000","8,995",In stock,https://macire.co.ke/product/dayliff-chlorine-65-40kgs/,2 image(s) hosted by Macire; rights not cleared - do not reuse,"#1 of 15 in the category under the store's own ""popularity"" sort",Low,"Listed price is the retailer's, not a Nyce Solutions price; Specifications as listed by the retailer; confirm against the manufacturer datasheet; not stated on listing: model/SKU, specification table; shown as discounted from KES 8,995 (retailer claim, not verified)"
2026-10-10,Borehole & Water Solutions,Water Treatment (water-9),Dayliff Mineral Water Pot Premium Water Treatment Equipment,Dayliff,Not stated,Domestic Water Treatment Units > Water Treatment,No specification table in listing,"5,500","7,800",In stock,https://macire.co.ke/product/dayliff-mineral-water-pot-premium-water-treatment-equipment/,3 image(s) hosted by Macire; rights not cleared - do not reuse,"#2 of 15 in the category under the store's own ""popularity"" sort",Low,"Listed price is the retailer's, not a Nyce Solutions price; Specifications as listed by the retailer; confirm against the manufacturer datasheet; not stated on listing: model/SKU, specification table; shown as discounted from KES 7,800 (retailer claim, not verified); also in owner spreadsheet (draft ""dayliff-mineral-water-pot-premium-water-treatment-equipment"")"
2026-10-10,Borehole & Water Solutions,Water Treatment (water-9),7 Stage Hanti Reverse Osmosis Water Purifier,Hanti,Not stated,Domestic Water Treatment Units > Water Treatment,Stage: Filter Type; 1️⃣: PP Sediment Filter; 2️⃣: Granular Carbon; 3️⃣: Block Carbon; 4️⃣: RO Membrane (75GPD); 5️⃣: Post Carbon Filter; 6️⃣: UV Sterilizer; 7️⃣: Mineral Cartridge,"26,995","39,000",In stock,https://macire.co.ke/product/7-stage-hanti-reverse-osmosis-water-purifier/,4 image(s) hosted by Macire; rights not cleared - do not reuse,"#3 of 15 in the category under the store's own ""popularity"" sort",Medium,"Listed price is the retailer's, not a Nyce Solutions price; Specifications as listed by the retailer; confirm against the manufacturer datasheet; not stated on listing: model/SKU; shown as discounted from KES 39,000 (retailer claim, not verified)"
2026-10-10,Borehole & Water Solutions,Water Treatment (water-9),ATLAS OASIS DP Sanic 100GPD Water Treatment,Dayliff,Not stated,Domestic Water Treatment Units > Water Treatment,Max. Flow (l/day): Max Pressure (Bar); Up to 380: >1Bar <3Bar,"76,800","101,700",In stock,https://macire.co.ke/product/atlas-oasis-dp-sanic-100gpd-water-treatment/,1 image(s) hosted by Macire; rights not cleared - do not reuse,"#4 of 15 in the category under the store's own ""popularity"" sort",Medium,"Listed price is the retailer's, not a Nyce Solutions price; Specifications as listed by the retailer; confirm against the manufacturer datasheet; not stated on listing: model/SKU; shown as discounted from KES 101,700 (retailer claim, not verified)"
2026-10-10,Borehole & Water Solutions,Water Treatment (water-9),3-Stage Hanti ARO4A Reverse Osmosis System,Hanti,Not stated,Domestic Water Treatment Units > Water Treatment,"???? Specification: Details; ???? Filtration Stages: 3 (Sediment + Carbon + RO Membrane); ???? Model: Hanti ARO4A; ???? Output Water Quality: 95–99% Purity; ???? Average Flow Rate: ~50–75 GPD (Gallons Per Day); ⚙️ Installation Type: Under-Sink, Wall-Mount Option; ???? Installation Kit Included: Yes; ???? Recommended Filter Change: Every 6–12 months (varies); ???? Warranty: 12 Months by Macire","17,995","27,600",In stock,https://macire.co.ke/product/3-stage-hanti-aro4a-reverse-osmosis-system/,6 image(s) hosted by Macire; rights not cleared - do not reuse,"#5 of 15 in the category under the store's own ""popularity"" sort",Medium,"Listed price is the retailer's, not a Nyce Solutions price; Specifications as listed by the retailer; confirm against the manufacturer datasheet; not stated on listing: model/SKU; shown as discounted from KES 27,600 (retailer claim, not verified); also in owner spreadsheet (draft ""3-stage-hanti-aro4a-reverse-osmosis-system"")"
2026-10-10,Borehole & Water Solutions,Water & Irrigation Equipment (water-10),65m 2″ Pulsar Petrol Water Pump WP30 – Double Impeller High Pressure – 6.5hp Engine 60000L/H,Pulsar UK,Not stated,Agriculture & Farm Equipment > Petrol Water Pumps > Water & Irrigation Equipment,No specification table in listing,"19,800","46,600",In stock,https://macire.co.ke/product/65m-2-pulsar-petrol-water-pump-wp30-double-impeller-high-pressure-6-5hp-engine-60000l-h/,6 image(s) hosted by Macire; rights not cleared - do not reuse,"#14 of 417 in the category under the store's own ""popularity"" sort",Low,"Listed price is the retailer's, not a Nyce Solutions price; Specifications as listed by the retailer; confirm against the manufacturer datasheet; not stated on listing: model/SKU, specification table; shown as discounted from KES 46,600 (retailer claim, not verified); Macire uses one category for Irrigation Water Kits, Agriculture & Irrigation and Water & Irrigation Equipment"
2026-10-10,Borehole & Water Solutions,Water & Irrigation Equipment (water-10),3″ 14hp Aico Japan Diesel Water Pump – Rope Start – 110m 65000L/Hr,Aico Japan,Not stated,Diesel High Pressure Water Pump > Water & Irrigation Equipment,No specification table in listing,"65,780","136,700",In stock,https://macire.co.ke/product/3-14hp-aico-japan-diesel-water-pump-rope-start-110m-65000l-hr/,4 image(s) hosted by Macire; rights not cleared - do not reuse,"#17 of 417 in the category under the store's own ""popularity"" sort",Low,"Listed price is the retailer's, not a Nyce Solutions price; Specifications as listed by the retailer; confirm against the manufacturer datasheet; not stated on listing: model/SKU, specification table; shown as discounted from KES 136,700 (retailer claim, not verified); Macire uses one category for Irrigation Water Kits, Agriculture & Irrigation and Water & Irrigation Equipment"
2026-10-10,Borehole & Water Solutions,Water & Irrigation Equipment (water-10),14hp 3″ 110m 65m3/Hr Milano Diesel Water Pump Rope Start,Milano Italia,Not stated,Diesel High Pressure Water Pump > Water & Irrigation Equipment,No specification table in listing,"68,670","175,000",In stock,https://macire.co.ke/product/14hp-3-110m-65m3-hr-milano-diesel-water-pump-rope-start/,3 image(s) hosted by Macire; rights not cleared - do not reuse,"#18 of 417 in the category under the store's own ""popularity"" sort",Low,"Listed price is the retailer's, not a Nyce Solutions price; Specifications as listed by the retailer; confirm against the manufacturer datasheet; not stated on listing: model/SKU, specification table; shown as discounted from KES 175,000 (retailer claim, not verified); Macire uses one category for Irrigation Water Kits, Agriculture & Irrigation and Water & Irrigation Equipment"
2026-10-10,Construction & Tools,Building Equipment (construction-1),450L WASP Concrete Mixer with Diesel Engine Heavy Duty,Wasp,Not stated,Building & Construction > Cement Concrete Mixers,No specification table in listing,"225,600","376,000",In stock,https://macire.co.ke/product/450l-wasp-concrete-mixer-with-diesel-engine-heavy-duty/,4 image(s) hosted by Macire; rights not cleared - do not reuse,"#1 of 12 in the category under the store's own ""popularity"" sort",Low,"Listed price is the retailer's, not a Nyce Solutions price; Specifications as listed by the retailer; confirm against the manufacturer datasheet; not stated on listing: model/SKU, specification table; shown as discounted from KES 376,000 (retailer claim, not verified); Rank is within the specific Macire subcategory listed in source category"
2026-10-10,Construction & Tools,Building Equipment (construction-1),CONCRETE MIXER,Wokin,Not stated,Building & Construction > Cement Concrete Mixers,No specification table in listing,"58,500","81,500",In stock,https://macire.co.ke/product/concrete-mixer-2/,1 image(s) hosted by Macire; rights not cleared - do not reuse,"#2 of 12 in the category under the store's own ""popularity"" sort",Low,"Listed price is the retailer's, not a Nyce Solutions price; Specifications as listed by the retailer; confirm against the manufacturer datasheet; not stated on listing: model/SKU, specification table; shown as discounted from KES 81,500 (retailer claim, not verified); Rank is within the specific Macire subcategory listed in source category"
2026-10-10,Construction & Tools,Building Equipment (construction-1),Poker Vibrator Golf Germany HT-ZB50 – Petrol Portable and durable,Golf,Not stated,Building & Construction > Concrete Cement Vibrator Poker,No specification table in listing,"19,495","65,995",In stock,https://macire.co.ke/product/poker-vibrator-golf-germany-ht-zb50-petrol-portable-and-durable/,14 image(s) hosted by Macire; rights not cleared - do not reuse,"#1 of 27 in the category under the store's own ""popularity"" sort",Low,"Listed price is the retailer's, not a Nyce Solutions price; Specifications as listed by the retailer; confirm against the manufacturer datasheet; not stated on listing: model/SKU, specification table; shown as discounted from KES 65,995 (retailer claim, not verified); Rank is within the specific Macire subcategory listed in source category"
2026-10-10,Construction & Tools,Building Equipment (construction-1),Aico Japan Petrol Poker Vibrator Complete with 45mm Poker Shaft,Aico Japan,Not stated,Building & Construction > Concrete Cement Vibrator Poker,Brand: Aico Japan; Product Type: Petrol Poker Vibrator; Poker Diameter: 45mm; Power Source: Petrol Engine; Starting System: Recoil Start; Shaft Type: Flexible Poker Shaft; Operation: Internal Concrete Vibration; Mobility: Portable; Primary Application: Concrete Compaction,"30,995","55,000",In stock,https://macire.co.ke/product/aico-japan-petrol-poker-vibrator-complete-with-45mm-poker-shaft/,8 image(s) hosted by Macire; rights not cleared - do not reuse,"#2 of 27 in the category under the store's own ""popularity"" sort",Medium,"Listed price is the retailer's, not a Nyce Solutions price; Specifications as listed by the retailer; confirm against the manufacturer datasheet; not stated on listing: model/SKU; shown as discounted from KES 55,000 (retailer claim, not verified); Rank is within the specific Macire subcategory listed in source category"
2026-10-10,Construction & Tools,Building Equipment (construction-1),90kg Tolsen Gasoline Plate Compactor 86103,Tolsen,86103,Building & Construction > Plate Compactors,Brand: Tolsen; Model: 86103; Product Type: Industrial gasoline plate compactor; Machine Weight: 90kg; Engine Type: Loncin model; Power: 4.8kW (6.5HP); Fuel: Gasoline / petrol; Vibration Frequency: 4200VPM; Centrifugal Force: 15kN; Compaction Depth: 30cm,"75,995","150,000",In stock,https://macire.co.ke/product/90kg-tolsen-gasoline-plate-compactor-86103/,6 image(s) hosted by Macire; rights not cleared - do not reuse,"#1 of 11 in the category under the store's own ""popularity"" sort; featured on the homepage (Deals of the day / Hot New Arrivals)",High,"Listed price is the retailer's, not a Nyce Solutions price; Specifications as listed by the retailer; confirm against the manufacturer datasheet; shown as discounted from KES 150,000 (retailer claim, not verified); Rank is within the specific Macire subcategory listed in source category"
2026-10-10,Construction & Tools,Construction Machinery (construction-2),Aico Japan Power Trowel with Honda GP160 Engine,Aico Japan,Not stated,Building & Construction > Concrete Power Trowel,Brand: Aico Japan; Product: Power Trowel; Engine: Honda GP160; Operation: Engine-Driven; Primary Use: Concrete Surface Finishing; Trowel Diameter: Not specified; Blade Configuration: Not specified,"94,500","120,000",In stock,https://macire.co.ke/product/aico-japan-power-trowel-with-honda-gp160-engine/,8 image(s) hosted by Macire; rights not cleared - do not reuse,"#1 of 1 in the category under the store's own ""popularity"" sort",Medium,"Listed price is the retailer's, not a Nyce Solutions price; Specifications as listed by the retailer; confirm against the manufacturer datasheet; not stated on listing: model/SKU; shown as discounted from KES 120,000 (retailer claim, not verified)"
2026-10-10,Construction & Tools,Welding Machines & Accessories (construction-3),Mercury Weldmaster Inverter Welder Evo-300,Mercury Uk,EVO-300,Building & Construction > Welding Machines & Accessories,"Model: EVO-300; Brand: Mercury Weldmaster; Output Current Range: 20A – 300A; Input Voltage: 220V – 240V / 50-60Hz; Duty Cycle: 60% @ 300A; Technology: IGBT Inverter; Welding Process: MMA (Stick Welding); Cooling System: Forced Air Cooling; Weight: Lightweight, Portable; Application: Construction, Fabrication, Repairs","17,900","23,560",In stock,https://macire.co.ke/product/mercury-weldmaster-inverter-welder-evo-300/,4 image(s) hosted by Macire; rights not cleared - do not reuse,"#1 of 120 in the category under the store's own ""popularity"" sort",High,"Listed price is the retailer's, not a Nyce Solutions price; Specifications as listed by the retailer; confirm against the manufacturer datasheet; shown as discounted from KES 23,560 (retailer claim, not verified)"
2026-10-10,Construction & Tools,Welding Machines & Accessories (construction-3),200A TOTAL Inverter MMA Welding Machine TW220069 (1~220–240V LED Kit),Total,Not stated,Building & Construction > Welding Machines & Accessories,Material: Electrode; Mild Steel: E6013; Stainless Steel: E308; Cast Iron: E7018; Heavy Steel: E7024,"18,495","32,500",In stock,https://macire.co.ke/product/200a-total-inverter-mma-welding-machine-tw220069-1220-240v-led-kit/,10 image(s) hosted by Macire; rights not cleared - do not reuse,"#2 of 120 in the category under the store's own ""popularity"" sort",Medium,"Listed price is the retailer's, not a Nyce Solutions price; Specifications as listed by the retailer; confirm against the manufacturer datasheet; not stated on listing: model/SKU; shown as discounted from KES 32,500 (retailer claim, not verified)"
2026-10-10,Construction & Tools,Welding Machines & Accessories (construction-3),Aico Japan MIG-200I Portable HEAVY DUTY MIG Inverter Welder AMPS AC/DC,Aico Japan,Not stated,Building & Construction > Welding Machines & Accessories,No specification table in listing,"24,000","35,999",In stock,https://macire.co.ke/product/aico-japan-mig-200i-portable-heavy-duty-mig-inverter-welder-amps-ac-dc/,4 image(s) hosted by Macire; rights not cleared - do not reuse,"#3 of 120 in the category under the store's own ""popularity"" sort",Low,"Listed price is the retailer's, not a Nyce Solutions price; Specifications as listed by the retailer; confirm against the manufacturer datasheet; not stated on listing: model/SKU, specification table; shown as discounted from KES 35,999 (retailer claim, not verified)"
2026-10-10,Construction & Tools,Welding Machines & Accessories (construction-3),300A Aico Japan MMA300 Portable Arc Inverter Welding Machine,Aico Japan,Not stated,Building & Construction > Welding Machines & Accessories,No specification table in listing,"14,500","41,560",In stock,https://macire.co.ke/product/300a-aico-japan-mma300-portable-arc-inverter-welding-machine/,7 image(s) hosted by Macire; rights not cleared - do not reuse,"#4 of 120 in the category under the store's own ""popularity"" sort",Low,"Listed price is the retailer's, not a Nyce Solutions price; Specifications as listed by the retailer; confirm against the manufacturer datasheet; not stated on listing: model/SKU, specification table; shown as discounted from KES 41,560 (retailer claim, not verified)"
2026-10-10,Construction & Tools,Welding Machines & Accessories (construction-3),Riland MIG 350 Welding Machine,Riland,Not stated,Building & Construction > Welding Machines & Accessories,No specification table in listing,"25,500","38,999",In stock,https://macire.co.ke/product/riland-mig-350-welding-machine/,4 image(s) hosted by Macire; rights not cleared - do not reuse,"#5 of 120 in the category under the store's own ""popularity"" sort",Low,"Listed price is the retailer's, not a Nyce Solutions price; Specifications as listed by the retailer; confirm against the manufacturer datasheet; not stated on listing: model/SKU, specification table; shown as discounted from KES 38,999 (retailer claim, not verified)"
2026-10-10,Construction & Tools,Wood Working & Carpentry (construction-4),Planer Blade 16” for ML393 Woodworking Table Saw Spare,Macire,Not stated,Table Saws > Wood Working,No specification table in listing,"10,500","24,800",In stock,https://macire.co.ke/product/planer-blade-16-for-ml393-woodworking-table-saw-spare/,3 image(s) hosted by Macire; rights not cleared - do not reuse,"#1 of 76 in the category under the store's own ""popularity"" sort",Low,"Listed price is the retailer's, not a Nyce Solutions price; Specifications as listed by the retailer; confirm against the manufacturer datasheet; not stated on listing: model/SKU, specification table; shown as discounted from KES 24,800 (retailer claim, not verified)"
2026-10-10,Construction & Tools,Wood Working & Carpentry (construction-4),Planer Shaft for Ml393 Woodworking Table Saw Spare,Macire,Not stated,Table Saws > Wood Working,No specification table in listing,"24,500","49,800",In stock,https://macire.co.ke/product/planer-shaft-for-ml393-woodworking-table-saw-spare/,3 image(s) hosted by Macire; rights not cleared - do not reuse,"#2 of 76 in the category under the store's own ""popularity"" sort",Low,"Listed price is the retailer's, not a Nyce Solutions price; Specifications as listed by the retailer; confirm against the manufacturer datasheet; not stated on listing: model/SKU, specification table; shown as discounted from KES 49,800 (retailer claim, not verified)"
2026-10-10,Construction & Tools,Wood Working & Carpentry (construction-4),Tolsen Jigsaw 800w Variable Speed,Not stated,Not stated,Jigsaw > Wood Working,No specification table in listing,"5,512","7,000",In stock,https://macire.co.ke/product/tolsen-jigsaw-800w-variable-speed/,2 image(s) hosted by Macire; rights not cleared - do not reuse,"#3 of 76 in the category under the store's own ""popularity"" sort",Low,"Listed price is the retailer's, not a Nyce Solutions price; Specifications as listed by the retailer; confirm against the manufacturer datasheet; not stated on listing: brand, model/SKU, specification table; shown as discounted from KES 7,000 (retailer claim, not verified)"
2026-10-10,Construction & Tools,Wood Working & Carpentry (construction-4),Original! Husqvarna 272 XP Power Saw – Forestry & Timber Cutting,Not stated,272 XP,Chain Power saw > Wood Working,"Brand: Husqvarna; Model: 272 XP; Product Type: Power Saw / Chainsaw; Power Source: Petrol Engine; Main Function: Timber & Wood Cutting; Applications: Forestry, Farms & Timber Work","88,795","176,555",In stock,https://macire.co.ke/product/original-husqvarna-272-xp-power-saw-forestry-timber-cutting/,16 image(s) hosted by Macire; rights not cleared - do not reuse,"#4 of 76 in the category under the store's own ""popularity"" sort; 1 product review(s), average 5.00",Medium,"Listed price is the retailer's, not a Nyce Solutions price; Specifications as listed by the retailer; confirm against the manufacturer datasheet; not stated on listing: brand; shown as discounted from KES 176,555 (retailer claim, not verified)"
2026-10-10,Construction & Tools,Wood Working & Carpentry (construction-4),Lida Woodworking Table Saw – Workshop Wood Cutting Machine,Lida,Not stated,Table Saws > Wood Working,Brand: Lida; Product Type: Woodworking Table Saw; Primary Function: Wood Cutting; Configuration: Table Saw; Motor Power: Not specified; Blade Diameter: Not specified; Maximum Cutting Depth: Not specified; Voltage: Not specified; Blade Speed: Not specified; Table Dimensions: Not specified,"116,995","200,000",In stock,https://macire.co.ke/product/lida-woodworking-table-saw-workshop-wood-cutting-machine/,6 image(s) hosted by Macire; rights not cleared - do not reuse,"#5 of 76 in the category under the store's own ""popularity"" sort",Medium,"Listed price is the retailer's, not a Nyce Solutions price; Specifications as listed by the retailer; confirm against the manufacturer datasheet; not stated on listing: model/SKU; shown as discounted from KES 200,000 (retailer claim, not verified)"
2026-10-10,Construction & Tools,Power & Hand Tools (construction-5),SILVERLINE TRUCK SACK 120KG,Not stated,Not stated,Power Tools Accessories,No specification table in listing,"8,400",,In stock,https://macire.co.ke/product/silverline-truck-sack-120kg/,1 image(s) hosted by Macire; rights not cleared - do not reuse,"#1 of 1522 in the category under the store's own ""popularity"" sort",Low,"Listed price is the retailer's, not a Nyce Solutions price; Specifications as listed by the retailer; confirm against the manufacturer datasheet; not stated on listing: brand, model/SKU, specification table"
2026-10-10,Construction & Tools,Power & Hand Tools (construction-5),Tolsen Industrial 1/2″ Air Impact Wrench,Not stated,Not stated,Air Impact Wrench > Power & Hand Tools,No specification table in listing,"7,087","10,000",In stock,https://macire.co.ke/product/tolsen-industrial-1-2-air-impact-wrench/,4 image(s) hosted by Macire; rights not cleared - do not reuse,"#2 of 1522 in the category under the store's own ""popularity"" sort",Low,"Listed price is the retailer's, not a Nyce Solutions price; Specifications as listed by the retailer; confirm against the manufacturer datasheet; not stated on listing: brand, model/SKU, specification table; shown as discounted from KES 10,000 (retailer claim, not verified)"
2026-10-10,Construction & Tools,Power & Hand Tools (construction-5),MAKITA PW5001C POLISHER STONE(MARBLE/GRANITE) 7” 900W,Not stated,Not stated,Building & Construction > Power & Hand Tools,No specification table in listing,"69,800","111,851",In stock,https://macire.co.ke/product/makita-pw5001c-polisher-stonemarble-granite-7-900w/,1 image(s) hosted by Macire; rights not cleared - do not reuse,"#3 of 1522 in the category under the store's own ""popularity"" sort",Low,"Listed price is the retailer's, not a Nyce Solutions price; Specifications as listed by the retailer; confirm against the manufacturer datasheet; not stated on listing: brand, model/SKU, specification table; shown as discounted from KES 111,851 (retailer claim, not verified)"
2026-10-10,Construction & Tools,Power & Hand Tools (construction-5),750Watts CAT Impact Drill DX17,Cat,Not stated,Electric drill > Power & Hand Tools,No specification table in listing,"6,895","14,500",In stock,https://macire.co.ke/product/750watts-cat-impact-drill-dx17/,6 image(s) hosted by Macire; rights not cleared - do not reuse,"#4 of 1522 in the category under the store's own ""popularity"" sort",Low,"Listed price is the retailer's, not a Nyce Solutions price; Specifications as listed by the retailer; confirm against the manufacturer datasheet; not stated on listing: model/SKU, specification table; shown as discounted from KES 14,500 (retailer claim, not verified)"
2026-10-10,Construction & Tools,Power & Hand Tools (construction-5),2-Stroke Premier Brush Cutter – Heavy-Duty Grass & Weed Clearing Machine,Premier,Not stated,Auto Garage Equipment > Brush Cutter > Brush Cutters > Power & Hand Tools,No specification table in listing,"10,495","19,999",In stock,https://macire.co.ke/product/2-stroke-premier-brush-cutter-heavy-duty-grass-weed-clearing-machine/,8 image(s) hosted by Macire; rights not cleared - do not reuse,"#5 of 1522 in the category under the store's own ""popularity"" sort",Low,"Listed price is the retailer's, not a Nyce Solutions price; Specifications as listed by the retailer; confirm against the manufacturer datasheet; not stated on listing: model/SKU, specification table; shown as discounted from KES 19,999 (retailer claim, not verified)"
2026-10-10,Construction & Tools,Plumbing & Sewage Pumps (construction-6),0.75kW 1.0HP TOTAL Sewage Submersible Pump Electric AC TWP87506 750w (Dirty Water 8m Head 217L/min),Total,Not stated,Building & Construction > Sewage Pumps,Head (m): Flow Rate (L/min); 3: 217; 5: 180; 7: 140; 8: 110,"8,950","18,990",In stock,https://macire.co.ke/product/0-75kw-1-0hp-total-sewage-submersible-pump-electric-ac-twp87506-750w-dirty-water-8m-head-217l-min/,7 image(s) hosted by Macire; rights not cleared - do not reuse,"#1 of 20 in the category under the store's own ""popularity"" sort",Medium,"Listed price is the retailer's, not a Nyce Solutions price; Specifications as listed by the retailer; confirm against the manufacturer datasheet; not stated on listing: model/SKU; shown as discounted from KES 18,990 (retailer claim, not verified)"
2026-10-10,Construction & Tools,Plumbing & Sewage Pumps (construction-6),2.2kW 3″ TOTAL Sewage Submersible Pump Electric 3hp AC TWP7220026 (633L/min),Total,Not stated,Building & Construction > Sewage Pumps,Head Height (m): Flow Rate (L/min); 5m: 633; 10m: 550; 15m: 450; 20m: 350,"41,195","98,990",In stock,https://macire.co.ke/product/2-2kw-3-total-sewage-submersible-pump-electric-3hp-ac-twp7220026-633l-min/,7 image(s) hosted by Macire; rights not cleared - do not reuse,"#2 of 20 in the category under the store's own ""popularity"" sort",Medium,"Listed price is the retailer's, not a Nyce Solutions price; Specifications as listed by the retailer; confirm against the manufacturer datasheet; not stated on listing: model/SKU; shown as discounted from KES 98,990 (retailer claim, not verified)"
2026-10-10,Construction & Tools,Plumbing & Sewage Pumps (construction-6),5hp 10m Sewage Pump Shallow Well Water Pump QXD,Premier,Not stated,Building & Construction > Electric Submersible Borehole Pumps > Sewage Pumps > Water & Irrigation Equipment,No specification table in listing,"17,995","51,245",In stock,https://macire.co.ke/product/5hp-10m-sewage-pump-shallow-well-water-pump-qxd/,4 image(s) hosted by Macire; rights not cleared - do not reuse,"#5 of 20 in the category under the store's own ""popularity"" sort",Low,"Listed price is the retailer's, not a Nyce Solutions price; Specifications as listed by the retailer; confirm against the manufacturer datasheet; not stated on listing: model/SKU, specification table; shown as discounted from KES 51,245 (retailer claim, not verified)"
2026-10-10,Construction & Tools,Plumbing & Sewage Pumps (construction-6),3-Inch Aico Japan ACP30T Petrol Sewage Pump,Aico Japan,ACP30T,Building & Construction > Sewage Pumps,"Brand: Aico Japan; Model: ACP30T; Product Type: Sewage Water Pump; Connection Size: 3 Inch; Fuel Type: Petrol; Main Use: Sewage, Wastewater & Drainage Pumping","38,500","60,000",In stock,https://macire.co.ke/product/3-inch-aico-japan-acp30t-petrol-sewage-pump/,5 image(s) hosted by Macire; rights not cleared - do not reuse,"#6 of 20 in the category under the store's own ""popularity"" sort",High,"Listed price is the retailer's, not a Nyce Solutions price; Specifications as listed by the retailer; confirm against the manufacturer datasheet; shown as discounted from KES 60,000 (retailer claim, not verified); also in owner spreadsheet (draft ""3-inch-aico-japan-acp30t-petrol-sewage-pump"")"
2026-10-10,Construction & Tools,Plumbing & Sewage Pumps (construction-6),"15HP Aico Japan WQD10-130 Sewage Submersible Pump – 11KW, 170m Head, Three Phase, 2-Inch Outlet",Aico Japan,Not stated,Building & Construction > Sewage Pumps,No specification table in listing,"134,995","200,000",In stock,https://macire.co.ke/product/15hp-aico-japan-wqd10-130-sewage-submersible-pump-11kw-170m-head-three-phase-2-inch-outlet/,6 image(s) hosted by Macire; rights not cleared - do not reuse,"#7 of 20 in the category under the store's own ""popularity"" sort",Low,"Listed price is the retailer's, not a Nyce Solutions price; Specifications as listed by the retailer; confirm against the manufacturer datasheet; not stated on listing: model/SKU, specification table; shown as discounted from KES 200,000 (retailer claim, not verified)"
2026-10-10,Construction & Tools,Security (construction-7),Camire UK 6MP Wireless Solar Security Camera – 4G Triple-Lens PTZ,Camire UK,Not stated,Building & Construction > Security,Brand: Camire UK; Product Type: Wireless solar-powered security camera; Camera Resolution: 6MP; Connectivity: 4G; Camera Configuration: Triple lens; Camera Control: PTZ; Remote Viewing: Compatible phone viewing; Detection: PIR human tracking; Night Monitoring: Night vision; Weather Protection: IP66,"8,995","20,990",In stock,https://macire.co.ke/product/camire-uk-6mp-4g-solar-security-camera-with-ptz/,6 image(s) hosted by Macire; rights not cleared - do not reuse,"#1 of 7 in the category under the store's own ""popularity"" sort",Medium,"Listed price is the retailer's, not a Nyce Solutions price; Specifications as listed by the retailer; confirm against the manufacturer datasheet; not stated on listing: model/SKU; shown as discounted from KES 20,990 (retailer claim, not verified); also in owner spreadsheet (draft ""camire-uk-6mp-wireless-solar-security-camera-4g-triple-lens"")"
2026-10-10,Construction & Tools,Security (construction-7),"Bolesi Q19 Premium Digital Smart Lock – Fingerprint, WiFi, App Control & Multiple Access Modes",Bolesi,Q19,Building & Construction > Security,"Brand: Bolesi; Model: Q19; Product Type: Premium Digital Smart Lock; Access Methods: Fingerprint, PIN, RFID Card, Mobile App, Mechanical Key; Fingerprint Sensor: Biometric; Connectivity: WiFi; Mobile Control: Yes; Auto Lock: Yes; Low Battery Alert: Yes; Emergency Power: USB Emergency Power Support","47,200","58,995",In stock,https://macire.co.ke/product/bolesi-q19-premium-digital-smart-lock-fingerprint-wifi-app-control-multiple-access-modes/,7 image(s) hosted by Macire; rights not cleared - do not reuse,"#2 of 7 in the category under the store's own ""popularity"" sort",High,"Listed price is the retailer's, not a Nyce Solutions price; Specifications as listed by the retailer; confirm against the manufacturer datasheet; shown as discounted from KES 58,995 (retailer claim, not verified); also in owner spreadsheet (draft ""bolesi-q19-premium-digital-smart-lock-fingerprint-wifi-app-c"")"
2026-10-10,Construction & Tools,Security (construction-7),Bolesi A5PRO Digital Smart Door Lock,Bolesi,A5PRO,Building & Construction > Security,"Brand: Bolesi; Model: A5PRO; Access Methods: Fingerprint, PIN, RFID, App, Mechanical Key; Connectivity: WiFi; Fingerprint Capacity: Up to 100 users (typical); PIN Code Capacity: Up to 100 codes (typical); RFID Card Support: Yes; Power Supply: 4–8 × AA Alkaline Batteries; Emergency Power: USB External Port; Material: Zinc Alloy + Tempered Glass","21,315","58,995",In stock,https://macire.co.ke/product/bolesi-a5pro-smart-door-lock-wifi-biometric/,8 image(s) hosted by Macire; rights not cleared - do not reuse,"#3 of 7 in the category under the store's own ""popularity"" sort",High,"Listed price is the retailer's, not a Nyce Solutions price; Specifications as listed by the retailer; confirm against the manufacturer datasheet; shown as discounted from KES 58,995 (retailer claim, not verified); also in owner spreadsheet (draft ""bolesi-a5pro-digital-smart-door-lock"")"
2026-10-10,Construction & Tools,Security (construction-7),Bolesi G1F-N9 Digital Smart Door Lock,Bolesi,G1F-N9,Building & Construction > Security,"Brand: Bolesi; Model: G1F-N9; Access Methods: Fingerprint, PIN, RFID Card, Mechanical Key; Fingerprint Capacity: Up to 100 users (typical); PIN Code Capacity: Up to 100 codes (typical); RFID Card Support: Yes; Power Supply: 4 × AA Alkaline Batteries; Emergency Power: USB External Port; Material: Zinc Alloy; Door Thickness Compatibility: 35–55mm (standard doors)","13,995","28,995",In stock,https://macire.co.ke/product/bolesi-g1f-n9-smart-door-lock-biometric/,7 image(s) hosted by Macire; rights not cleared - do not reuse,"#4 of 7 in the category under the store's own ""popularity"" sort",High,"Listed price is the retailer's, not a Nyce Solutions price; Specifications as listed by the retailer; confirm against the manufacturer datasheet; shown as discounted from KES 28,995 (retailer claim, not verified); also in owner spreadsheet (draft ""bolesi-g1f-n9-digital-smart-door-lock"")"
2026-10-10,Construction & Tools,Security (construction-7),New! Macire Safety Locker Safe Box ???????? – Size 30cm x 38cm x 30cm – Model 3027,Macire,Not stated,Building & Construction > Security,No specification table in listing,"14,995","39,600",In stock,https://macire.co.ke/product/new-macire-safety-locker-safe-box-%f0%9f%94%90%f0%9f%92%8e-size-30cm-x-38cm-x-30cm-model-3027/,8 image(s) hosted by Macire; rights not cleared - do not reuse,"#5 of 7 in the category under the store's own ""popularity"" sort",Low,"Listed price is the retailer's, not a Nyce Solutions price; Specifications as listed by the retailer; confirm against the manufacturer datasheet; not stated on listing: model/SKU, specification table; shown as discounted from KES 39,600 (retailer claim, not verified); also in owner spreadsheet (draft ""new-macire-safety-locker-safe-box-size-30cm-x-38cm-x-30cm-mo"")"
2026-10-10,Construction & Tools,Ladders (construction-8),6 Step Ladder Red Foldable – Heavy Duty,Macire,Not stated,Building & Construction > Ladder,No specification table in listing,"6,995","20,450",In stock,https://macire.co.ke/product/6-step-ladder-red-foldable-heavy-duty/,4 image(s) hosted by Macire; rights not cleared - do not reuse,"#1 of 30 in the category under the store's own ""popularity"" sort",Low,"Listed price is the retailer's, not a Nyce Solutions price; Specifications as listed by the retailer; confirm against the manufacturer datasheet; not stated on listing: model/SKU, specification table; shown as discounted from KES 20,450 (retailer claim, not verified)"
2026-10-10,Construction & Tools,Ladders (construction-8),5 Step Ladder Red Foldable – Heavy Duty,Macire,Not stated,Building & Construction > Ladder,No specification table in listing,"6,795","19,450",In stock,https://macire.co.ke/product/5-step-ladder-red-foldable-heavy-duty/,5 image(s) hosted by Macire; rights not cleared - do not reuse,"#2 of 30 in the category under the store's own ""popularity"" sort",Low,"Listed price is the retailer's, not a Nyce Solutions price; Specifications as listed by the retailer; confirm against the manufacturer datasheet; not stated on listing: model/SKU, specification table; shown as discounted from KES 19,450 (retailer claim, not verified)"
2026-10-10,Construction & Tools,Ladders (construction-8),A’ Type 5 Steps Aluminum Ladder,Not stated,Not stated,Building & Construction > Ladder,No specification table in listing,"9,900","11,000",In stock,https://macire.co.ke/product/a-type-5-steps-aluminum-ladder/,3 image(s) hosted by Macire; rights not cleared - do not reuse,"#3 of 30 in the category under the store's own ""popularity"" sort",Low,"Listed price is the retailer's, not a Nyce Solutions price; Specifications as listed by the retailer; confirm against the manufacturer datasheet; not stated on listing: brand, model/SKU, specification table; shown as discounted from KES 11,000 (retailer claim, not verified)"
2026-10-10,Construction & Tools,Ladders (construction-8),6-Step Premier Steel Folding Lightweight Multipurpose Ladder,Premier,Not stated,Ladder,"Brand: Premier; Product Type: Folding Multipurpose Ladder; Number of Steps: 6; Material: Heavy-Duty Steel; Design: Folding; Step Surface: Anti-Slip; Base: Non-Slip Rubber Feet; Locking Mechanism: Safety Lock; Applications: Home, Commercial & Industrial; Storage: Compact Foldable Design","8,995","15,000",In stock,https://macire.co.ke/product/6-step-premier-steel-folding-lightweight-multipurpose-ladder/,5 image(s) hosted by Macire; rights not cleared - do not reuse,"#4 of 30 in the category under the store's own ""popularity"" sort",Medium,"Listed price is the retailer's, not a Nyce Solutions price; Specifications as listed by the retailer; confirm against the manufacturer datasheet; not stated on listing: model/SKU; shown as discounted from KES 15,000 (retailer claim, not verified); also in owner spreadsheet (draft ""6-step-premier-steel-folding-lightweight-multipurpose-ladder"")"
2026-10-10,Construction & Tools,Ladders (construction-8),5-Step Premier Steel Folding Lightweight Multipurpose Ladder,Premier,Not stated,Ladder,"Brand: Premier; Product Type: Folding Multipurpose Ladder; Number of Steps: 5; Material: Heavy-Duty Steel; Design: Folding; Step Surface: Anti-Slip; Base: Non-Slip Rubber Feet; Locking System: Safety Lock; Applications: Residential, Commercial & Industrial; Storage: Compact Foldable Design","7,995","12,000",In stock,https://macire.co.ke/product/5-step-premier-steel-folding-lightweight-multipurpose-ladder/,4 image(s) hosted by Macire; rights not cleared - do not reuse,"#5 of 30 in the category under the store's own ""popularity"" sort",Medium,"Listed price is the retailer's, not a Nyce Solutions price; Specifications as listed by the retailer; confirm against the manufacturer datasheet; not stated on listing: model/SKU; shown as discounted from KES 12,000 (retailer claim, not verified); also in owner spreadsheet (draft ""5-step-premier-steel-folding-lightweight-multipurpose-ladder"")"
2026-10-10,Construction & Tools,Fire Safety Equipment (construction-9),5kg Carbon Dioxide CO2 Fire Extinguisher Premier Germany Technology,Premier,Not stated,Fire Safety,No specification table in listing,"10,500","19,500",In stock,https://macire.co.ke/product/5kg-carbon-dioxide-co2-fire-extinguisher-premier-germany-technology/,4 image(s) hosted by Macire; rights not cleared - do not reuse,"#1 of 2 in the category under the store's own ""popularity"" sort",Low,"Listed price is the retailer's, not a Nyce Solutions price; Specifications as listed by the retailer; confirm against the manufacturer datasheet; not stated on listing: model/SKU, specification table; shown as discounted from KES 19,500 (retailer claim, not verified); also in owner spreadsheet (draft ""5kg-carbon-dioxide-co2-fire-extinguisher-premier-germany-tec"")"
2026-10-10,Construction & Tools,Fire Safety Equipment (construction-9),9kgs ABC Dry Powder Fire Extinguisher Premier Germany Technology,Premier,Not stated,Fire Safety,No specification table in listing,"7,450","12,500",In stock,https://macire.co.ke/product/9kgs-abc-dry-powder-fire-extinguisher-premier-germany-technology/,5 image(s) hosted by Macire; rights not cleared - do not reuse,"#2 of 2 in the category under the store's own ""popularity"" sort",Low,"Listed price is the retailer's, not a Nyce Solutions price; Specifications as listed by the retailer; confirm against the manufacturer datasheet; not stated on listing: model/SKU, specification table; shown as discounted from KES 12,500 (retailer claim, not verified); also in owner spreadsheet (draft ""9kgs-abc-dry-powder-fire-extinguisher-premier-germany-techno"")"
2026-10-10,Construction & Tools,Gardening & Lawn Mowers (construction-10),16″ 3.5hp 123cc Lawn Mower Loncin Germany Brand Hand Push LYS16,Loncin,Not stated,Lawn Mowers > Outdoor & Adventure,No specification table in listing,"37,995","78,560",In stock,https://macire.co.ke/product/16-3-5hp-123cc-lawn-mower-loncin-germany-brand-hand-push-lys16/,4 image(s) hosted by Macire; rights not cleared - do not reuse,"#1 of 39 in the category under the store's own ""popularity"" sort",Low,"Listed price is the retailer's, not a Nyce Solutions price; Specifications as listed by the retailer; confirm against the manufacturer datasheet; not stated on listing: model/SKU, specification table; shown as discounted from KES 78,560 (retailer claim, not verified)"
2026-10-10,Construction & Tools,Gardening & Lawn Mowers (construction-10),18″ 4hp 139cc Lawn Mower Loncin Germany Brand hand push LYS18,Loncin,Not stated,Lawn Mowers > Outdoor & Adventure,No specification table in listing,"43,300","98,560",In stock,https://macire.co.ke/product/18-4hp-139cc-lawn-mower-loncin-germany-brand-hand-push-lys18/,4 image(s) hosted by Macire; rights not cleared - do not reuse,"#2 of 39 in the category under the store's own ""popularity"" sort",Low,"Listed price is the retailer's, not a Nyce Solutions price; Specifications as listed by the retailer; confirm against the manufacturer datasheet; not stated on listing: model/SKU, specification table; shown as discounted from KES 98,560 (retailer claim, not verified)"
2026-10-10,Construction & Tools,Gardening & Lawn Mowers (construction-10),21-Inch Briggs & Stratton WYS21 Lawn Mower – Wide-Cut Lawn Maintenance,Briggs &amp; Stratton,WYS21,Lawn Mowers > Outdoor & Adventure,Brand: Briggs & Stratton; Model: WYS21; Size: 21 Inch; Product Type: Lawn Mower; Main Application: Grass Cutting & Lawn Maintenance,"79,300","164,000",In stock,https://macire.co.ke/product/21-inch-briggs-stratton-wys21-lawn-mower-wide-cut-lawn-maintenance/,7 image(s) hosted by Macire; rights not cleared - do not reuse,"#3 of 39 in the category under the store's own ""popularity"" sort",High,"Listed price is the retailer's, not a Nyce Solutions price; Specifications as listed by the retailer; confirm against the manufacturer datasheet; shown as discounted from KES 164,000 (retailer claim, not verified)"
2026-10-10,Construction & Tools,Gardening & Lawn Mowers (construction-10),16 Inches AICO Japan Manual Lawn Mower AC16MW,Not stated,AC16MW,Lawn Mower Accessories > Lawn Mowers,Brand: AICO Japan; Model: AC16MW; Cutting Width: 16 Inches (Approx. 40cm); Cutting Height: Adjustable (Various Levels); Blade Type: High-Precision Rotary Blades; Drive System: Manual Push; Material: Steel Frame with Durable Wheels; Noise Level: Near Silent Operation; Weight: Lightweight for Easy Handling,"13,995","20,000",In stock,https://macire.co.ke/product/16-inches-aico-japan-manual-lawn-mower-ac16mw/,6 image(s) hosted by Macire; rights not cleared - do not reuse,"#4 of 39 in the category under the store's own ""popularity"" sort",Medium,"Listed price is the retailer's, not a Nyce Solutions price; Specifications as listed by the retailer; confirm against the manufacturer datasheet; not stated on listing: brand; shown as discounted from KES 20,000 (retailer claim, not verified)"
2026-10-10,Construction & Tools,Gardening & Lawn Mowers (construction-10),"20” 170cc Toller Lawn Mower, Self Propelled",Toller,Toller 20″ Self-Propelled,Lawn Mowers,"Brand: Macire; Model: Toller 20″ Self-Propelled; Cutting Width: 20 Inches (500mm); Engine Type: 170cc, 4-Stroke Petrol Engine; Starting System: Recoil Pull Start; Cutting Modes: 3-in-1: Mulching / Bagging / Side; Propulsion: Self-Propelled Rear-Wheel Drive; Height Adjustment: 5-Level Central Lever; Deck Material: Powder-Coated Steel; Handle: Foldable with Foam Grip","48,000","70,990",In stock,https://macire.co.ke/product/20-170cc-toller-lawn-mower-self-propelled-copy/,4 image(s) hosted by Macire; rights not cleared - do not reuse,"#5 of 39 in the category under the store's own ""popularity"" sort",High,"Listed price is the retailer's, not a Nyce Solutions price; Specifications as listed by the retailer; confirm against the manufacturer datasheet; shown as discounted from KES 70,990 (retailer claim, not verified)"
2026-10-10,Petrol & Diesel Generators,Petrol Generators (generators-1),"6.8kVA Cigma-UK Petrol Generator (5.0kW Rated, Key Start, Trolley & Wheels) 6500AE2",Cigma UK,6500AE2,Cigma-UK Generators > Petrol & Diesel Power Generators > Petrol Generators,Brand: Cigma-UK; Model: 6500AE2; Rated Output: 5.0kW; Maximum Output: 6.8kVA; Fuel Type: Petrol; Starting System: Electric Key Start; Mobility: Integrated Trolley & Wheels; Generator Type: Open Frame; Voltage: 230V; Frequency: 50Hz,"67,995","130,000",In stock,https://macire.co.ke/product/6-8kva-cigma-uk-petrol-generator-5-0kw-rated-key-start-trolley-wheels-6500ae2/,10 image(s) hosted by Macire; rights not cleared - do not reuse,"#1 of 146 in the category under the store's own ""popularity"" sort",High,"Listed price is the retailer's, not a Nyce Solutions price; Specifications as listed by the retailer; confirm against the manufacturer datasheet; shown as discounted from KES 130,000 (retailer claim, not verified)"
2026-10-10,Petrol & Diesel Generators,Petrol Generators (generators-1),8.1Kva Pioneer Japan Petrol Generator LT8000EN-6,Pioneer,Not stated,Petrol & Diesel Power Generators > Petrol Generators,No specification table in listing,"79,500","196,700",In stock,https://macire.co.ke/product/8-1kva-pioneer-japan-petrol-generator-lt8000en-6/,4 image(s) hosted by Macire; rights not cleared - do not reuse,"#2 of 146 in the category under the store's own ""popularity"" sort",Low,"Listed price is the retailer's, not a Nyce Solutions price; Specifications as listed by the retailer; confirm against the manufacturer datasheet; not stated on listing: model/SKU, specification table; shown as discounted from KES 196,700 (retailer claim, not verified)"
2026-10-10,Petrol & Diesel Generators,Petrol Generators (generators-1),"9kW TOTAL TP190006 Petrol Generator – Industrial Portable Power for Homes, Businesses & Construction",Total,TP190006,Petrol & Diesel Power Generators > Petrol Generators,Brand: TOTAL; Model: TP190006; Product Type: Petrol Generator; Rated Output: 9kW; Engine Type: 4-Stroke OHV Petrol Engine; Cooling System: Air Cooled; Starting System: Recoil Start; Fuel Type: Petrol (Gasoline); Output Voltage: AC Output; Frequency: 50Hz,"89,995","170,999",In stock,https://macire.co.ke/product/9kw-total-tp190006-petrol-generator-industrial-portable-power-for-homes-businesses-construction/,7 image(s) hosted by Macire; rights not cleared - do not reuse,"#3 of 146 in the category under the store's own ""popularity"" sort",High,"Listed price is the retailer's, not a Nyce Solutions price; Specifications as listed by the retailer; confirm against the manufacturer datasheet; shown as discounted from KES 170,999 (retailer claim, not verified)"
2026-10-10,Petrol & Diesel Generators,Petrol Generators (generators-1),2.4kW DAICHI DC2500 Petrol Generator – Key Start,Daichi Japan,DC2500,Petrol & Diesel Power Generators > Petrol Generators,"Brand: DAICHI; Model: DC2500; Max Output: 2.4kW / 2400W; Rated Output: 2.0kW / 2000W; Voltage Output: 220V – 240V AC; Starting System: Electric Key Start + Recoil; Engine Type: Air-Cooled 4-Stroke, Petrol; Fuel Tank Capacity: 12–15 Liters; Runtime: Up to 10 Hours @ 50% Load; Alternator Coil: 100% Copper","20,495","35,000",In stock,https://macire.co.ke/product/2-4kw-daichi-dc2500-petrol-generator-key-start/,5 image(s) hosted by Macire; rights not cleared - do not reuse,"#4 of 146 in the category under the store's own ""popularity"" sort",High,"Listed price is the retailer's, not a Nyce Solutions price; Specifications as listed by the retailer; confirm against the manufacturer datasheet; shown as discounted from KES 35,000 (retailer claim, not verified)"
2026-10-10,Petrol & Diesel Generators,Petrol Generators (generators-1),1.2kva 4 stroke Aico Japan LT2000CL Petrol Generator,Aico Japan,LT2000CL,Petrol & Diesel Power Generators > Petrol Generators,Model: LT2000CL; Power Output: 1.2kVA (Max) / 1.0kVA (Rated); Engine Type: 4-Stroke Petrol Engine; Starting System: Recoil Start; Voltage Output: 220V / 50Hz; Fuel Tank Capacity: 6 Litres; Run Time: Up to 7 hours @ 50% load; Weight: Approx. 25–30kg,"24,000","35,990",In stock,https://macire.co.ke/product/1-2kva-4-stroke-aico-japan-lt2000cl-petrol-generator/,4 image(s) hosted by Macire; rights not cleared - do not reuse,"#5 of 146 in the category under the store's own ""popularity"" sort",High,"Listed price is the retailer's, not a Nyce Solutions price; Specifications as listed by the retailer; confirm against the manufacturer datasheet; shown as discounted from KES 35,990 (retailer claim, not verified)"
2026-10-10,Petrol & Diesel Generators,Diesel Generators (generators-2),10.5kw Benford Uk Diesel Silent Genset – Compact Design,Not stated,Not stated,Diesel Generators > Petrol & Diesel Power Generators,No specification table in listing,"147,500","170,000",In stock,https://macire.co.ke/product/10-5kw-benford-uk-diesel-silent-genset-compact-design/,5 image(s) hosted by Macire; rights not cleared - do not reuse,"#1 of 60 in the category under the store's own ""popularity"" sort",Low,"Listed price is the retailer's, not a Nyce Solutions price; Specifications as listed by the retailer; confirm against the manufacturer datasheet; not stated on listing: brand, model/SKU, specification table; shown as discounted from KES 170,000 (retailer claim, not verified)"
2026-10-10,Petrol & Diesel Generators,Diesel Generators (generators-2),16.25Kva Hisaki Japan Diesel Generator,Hisaki,Not stated,Diesel Generators > Petrol & Diesel Power Generators,No specification table in listing,"455,000","650,000",In stock,https://macire.co.ke/product/16-25kva-hisaki-japan-diesel-generator/,2 image(s) hosted by Macire; rights not cleared - do not reuse,"#2 of 60 in the category under the store's own ""popularity"" sort",Low,"Listed price is the retailer's, not a Nyce Solutions price; Specifications as listed by the retailer; confirm against the manufacturer datasheet; not stated on listing: model/SKU, specification table; shown as discounted from KES 650,000 (retailer claim, not verified)"
2026-10-10,Petrol & Diesel Generators,Diesel Generators (generators-2),5kVA Dayliff Open Diesel Generator – Fuel-Efficient Industrial Power Solution,Dayliff,Not stated,Diesel Generators > Petrol & Diesel Power Generators,Brand: Dayliff; Rated Output: 5kVA; Fuel Type: Diesel; Generator Type: Open Frame; Starting System: Electric / Recoil Start (Depending on Model); Cooling System: Air Cooled; Voltage: 230V; Frequency: 50Hz; Application: Standby & Continuous Power Supply,"157,595","235,000",In stock,https://macire.co.ke/product/5kva-dayliff-open-diesel-generator-fuel-efficient-industrial-power-solution/,5 image(s) hosted by Macire; rights not cleared - do not reuse,"#3 of 60 in the category under the store's own ""popularity"" sort",Medium,"Listed price is the retailer's, not a Nyce Solutions price; Specifications as listed by the retailer; confirm against the manufacturer datasheet; not stated on listing: model/SKU; shown as discounted from KES 235,000 (retailer claim, not verified)"
2026-10-10,Petrol & Diesel Generators,Diesel Generators (generators-2),6.5kVA Aico Japan ADG6000SN Silent Diesel Generator with ATS,Aico Japan,ADG6000SN,Diesel Generators > Petrol & Diesel Power Generators > Single Phase Diesel Generators,Brand: Aico Japan; Model: ADG6000SN; Capacity: 6.5kVA; Fuel Type: Diesel; Generator Type: Silent; Transfer System: ATS; Main Use: Standby & Backup Power,"149,995","200,000",In stock,https://macire.co.ke/product/6-5kva-aico-japan-adg6000sn-silent-diesel-generator-with-ats/,5 image(s) hosted by Macire; rights not cleared - do not reuse,"#4 of 60 in the category under the store's own ""popularity"" sort",High,"Listed price is the retailer's, not a Nyce Solutions price; Specifications as listed by the retailer; confirm against the manufacturer datasheet; shown as discounted from KES 200,000 (retailer claim, not verified)"
2026-10-10,Petrol & Diesel Generators,Diesel Generators (generators-2),15kva Maybach Diesel Generator,Maybach,Not stated,Diesel Generators > Petrol & Diesel Power Generators,No specification table in listing,"700,000",,In stock,https://macire.co.ke/product/15kva-maybach-diesel-generator-model-mb15000ds3rated-power-12-0kvamax/,6 image(s) hosted by Macire; rights not cleared - do not reuse,"#5 of 60 in the category under the store's own ""popularity"" sort",Low,"Listed price is the retailer's, not a Nyce Solutions price; Specifications as listed by the retailer; confirm against the manufacturer datasheet; not stated on listing: model/SKU, specification table"
2026-10-10,Petrol & Diesel Generators,Single Phase Diesel Generators (generators-3),19Kva HK19000SNA-D Hisaki Japan Diesel Generator Double Switch Single And Three Phase,Hisaki,HK19000SNA-D,Diesel Generators > Petrol & Diesel Power Generators > Single Phase Diesel Generators,Brand: Hisaki Japan; Model: HK19000SNA-D; Rated Output: ~18.75–19.375 kVA businessclaud.co.ke +1; Phase Type: Single & Three Phase; Double Switch: Yes; Power Factor: 1.0 businessclaud.co.ke; Rated Voltage Range: ~220–380 V (depending on connection) businessclaud.co.ke; Fuel Type: Diesel; Automatic Transfer: May be optional – confirm with supplier; Enclosure: Silent / Closed Type (depending on variant),"510,995","678,999",In stock,https://macire.co.ke/product/19kva-hk19000sna-d-hisaki-japan-diesel-generator-double-switch-single-and-three-phase/,3 image(s) hosted by Macire; rights not cleared - do not reuse,"#2 of 21 in the category under the store's own ""popularity"" sort",High,"Listed price is the retailer's, not a Nyce Solutions price; Specifications as listed by the retailer; confirm against the manufacturer datasheet; shown as discounted from KES 678,999 (retailer claim, not verified)"
2026-10-10,Petrol & Diesel Generators,Single Phase Diesel Generators (generators-3),13.75Kva HK13000SNA Hisaki Japan Diesel Generator Double Switch Single And Three Phase,Hisaki,HK13000SNA (Double Switch),Diesel Generators > Petrol & Diesel Power Generators > Single Phase Diesel Generators,Brand: Hisaki Japan; Model: HK13000SNA (Double Switch); Rated Output: ~11.0 kW / 13.75 kVA BusinessClaud +1; Phase Type: Single & Three Phase; Voltage Range: ~220-230V (Single) / ~380-415V (Three) BusinessClaud; Fuel Type: Diesel; Automatic Transfer: Included (ATS); Enclosure: Silent / Closed Type; Frequency: 50 Hz,"310,995","398,999",In stock,https://macire.co.ke/product/13-75kva-hk13000sna-hisaki-japan-diesel-generator-double-switch-single-and-three-phase/,3 image(s) hosted by Macire; rights not cleared - do not reuse,"#3 of 21 in the category under the store's own ""popularity"" sort",High,"Listed price is the retailer's, not a Nyce Solutions price; Specifications as listed by the retailer; confirm against the manufacturer datasheet; shown as discounted from KES 398,999 (retailer claim, not verified)"
2026-10-10,Petrol & Diesel Generators,Single Phase Diesel Generators (generators-3),10Kva HK8000SNA-3 Hisaki Japan Diesel Generator Single And Three Phase,Hisaki,HK8000SNA-3,Diesel Generators > Petrol & Diesel Power Generators > Single Phase Diesel Generators > Three ( 3 ) Phase Diesel Generators,Brand: Hisaki Japan; Model: HK8000SNA-3; Rated Output: 10 kVA; Phase Type: Single & Three Phase; Fuel Type: Diesel; ATS: Included; Enclosure: Silent / Closed Type; Voltage Options: Approx. 230 V single phase / 380-415 V three phase Macire +1; Frequency: 50 Hz,"197,995","289,996",In stock,https://macire.co.ke/product/10kva-hk8000sna-3-hisaki-japan-diesel-generator-single-and-three-phase/,3 image(s) hosted by Macire; rights not cleared - do not reuse,"#4 of 21 in the category under the store's own ""popularity"" sort",High,"Listed price is the retailer's, not a Nyce Solutions price; Specifications as listed by the retailer; confirm against the manufacturer datasheet; shown as discounted from KES 289,996 (retailer claim, not verified); also in owner spreadsheet (draft ""10kva-hk8000sna-3-hisaki-japan-diesel-generator-single-and-t"")"
2026-10-10,Petrol & Diesel Generators,Single Phase Diesel Generators (generators-3),10Kva HK8000SNA Hisaki Japan Diesel Generator Single Phase,Not stated,HK8000SNA,Diesel Generators > Petrol & Diesel Power Generators > Single Phase Diesel Generators,Brand: Hisaki Japan; Model: HK8000SNA; Rated Output: 10 kVA; Phase Type: Single Phase; Automatic Transfer: ATS Included; Fuel Type: Diesel; Start Type: Electric / Key Start; Enclosure Type: Silent / Closed Type; Voltage: ~230V; Frequency: 50 Hz,"189,995","249,999",In stock,https://macire.co.ke/product/10kva-hk8000sna-hisaki-japan-diesel-generator-single-phase/,3 image(s) hosted by Macire; rights not cleared - do not reuse,"#5 of 21 in the category under the store's own ""popularity"" sort",Medium,"Listed price is the retailer's, not a Nyce Solutions price; Specifications as listed by the retailer; confirm against the manufacturer datasheet; not stated on listing: brand; shown as discounted from KES 249,999 (retailer claim, not verified); also in owner spreadsheet (draft ""10kva-hk8000sna-hisaki-japan-diesel-generator-single-phase"")"
2026-10-10,Petrol & Diesel Generators,Single Phase Diesel Generators (generators-3),8.75Kva HK7000SNA Hisaki Japan Diesel Generator Single Phase,Hisaki,HK7000SNA,Diesel Generators > Petrol & Diesel Power Generators > Single Phase Diesel Generators,Brand: Hisaki Japan; Model: HK7000SNA; Power Output: 8.75 kVA; Phase Type: Single Phase; Fuel Type: Diesel; Start Type: Electric / Key Start; Automatic Transfer: ATS Compatible; Enclosure Type: Silent / Closed Type; Voltage: 230V; Cooling System: Air-Cooled,"167,990","189,990",In stock,https://macire.co.ke/product/8-75kva-hk7000sna-hisaki-japan-diesel-generator-single-phase/,3 image(s) hosted by Macire; rights not cleared - do not reuse,"#6 of 21 in the category under the store's own ""popularity"" sort",High,"Listed price is the retailer's, not a Nyce Solutions price; Specifications as listed by the retailer; confirm against the manufacturer datasheet; shown as discounted from KES 189,990 (retailer claim, not verified); matches live Nyce product ""hisaki-generator"""
2026-10-10,Petrol & Diesel Generators,Three Phase Diesel Generators (generators-4),"10kVA Pulsar Diesel Silent Generator – Three Phase, ATS",Pulsar UK,Not stated,Flash Sale Offers > Petrol & Diesel Power Generators > Silent Diesel Generators > Three ( 3 ) Phase Diesel Generators,Brand: Pulsar; Capacity: 10kVA; Fuel Type: Diesel; Phase: Three Phase; Generator Type: Silent; Transfer System: ATS; Main Use: Automatic Standby & Backup Power,"198,200","278,000",In stock,https://macire.co.ke/product/10kva-pulsar-diesel-silent-generator-three-phase-ats/,10 image(s) hosted by Macire; rights not cleared - do not reuse,"#1 of 61 in the category under the store's own ""popularity"" sort",Medium,"Listed price is the retailer's, not a Nyce Solutions price; Specifications as listed by the retailer; confirm against the manufacturer datasheet; not stated on listing: model/SKU; shown as discounted from KES 278,000 (retailer claim, not verified)"
2026-10-10,Petrol & Diesel Generators,Three Phase Diesel Generators (generators-4),"20kVA Pulsar Diesel Silent Generator – Three Phase, ATS, 380V",Pulsar UK,Not stated,Petrol & Diesel Power Generators > Silent Diesel Generators > Three ( 3 ) Phase Diesel Generators,Brand: Pulsar; Generator Type: Diesel Silent Generator; Maximum Power: 20 kVA; Rated Power: 18.8 kVA; Phase: Three Phase; Voltage: 380V; Frequency: 50Hz; DC Output: 12V – 8.3A; Engine Model: 2V95; Starting Method: Electric Start,"531,245","690,995",In stock,https://macire.co.ke/product/20kva-pulsar-three-phase-diesel-silent-generator-with-ats/,10 image(s) hosted by Macire; rights not cleared - do not reuse,"#2 of 61 in the category under the store's own ""popularity"" sort",Medium,"Listed price is the retailer's, not a Nyce Solutions price; Specifications as listed by the retailer; confirm against the manufacturer datasheet; not stated on listing: model/SKU; shown as discounted from KES 690,995 (retailer claim, not verified)"
2026-10-10,Petrol & Diesel Generators,Three Phase Diesel Generators (generators-4),"17kVA Pulsar Diesel Silent Generator – Three Phase, Dual Power, ATS",Pulsar UK,Not stated,Petrol & Diesel Power Generators > Silent Diesel Generators > Three ( 3 ) Phase Diesel Generators,Brand: Pulsar; Generator Type: Diesel Silent Generator; Maximum Power: 17 kVA; Rated Power: 15 kVA; Phase: Three Phase; Voltage: 230V / 400V (Dual Power); Frequency: 50Hz; DC Output: 12V – 8.3A; Engine Model: 2V92; Starting Method: Electric Start,"287,995","425,995",In stock,https://macire.co.ke/product/17kva-pulsar-three-phase-diesel-silent-generator-with-ats/,10 image(s) hosted by Macire; rights not cleared - do not reuse,"#3 of 61 in the category under the store's own ""popularity"" sort",Medium,"Listed price is the retailer's, not a Nyce Solutions price; Specifications as listed by the retailer; confirm against the manufacturer datasheet; not stated on listing: model/SKU; shown as discounted from KES 425,995 (retailer claim, not verified)"
2026-10-10,Petrol & Diesel Generators,Three Phase Diesel Generators (generators-4),Cummins 33kVA C33D5 – Super Silent Diesel Generator Three Phase,Cummins,Not stated,Petrol & Diesel Power Generators > Silent Diesel Generators > Three ( 3 ) Phase Diesel Generators,Standby Power Rating: 33 kVA / 26 kW; Prime Power Rating: 30 kVA / 24 kW; Engine: Cummins X3.3-G1; Engine Governor: Mechanical; Engine Speed: 1500 rpm; Alternator: Stamford S0L2-P1; Voltage: 380-415V; Frequency: 50Hz; Amps Per Phase: 47.5; Control Panel: 1.1,"1,345,000","1,870,000",In stock,https://macire.co.ke/product/cummins-33kva-c33d5-super-silent-diesel-generator/,4 image(s) hosted by Macire; rights not cleared - do not reuse,"#4 of 61 in the category under the store's own ""popularity"" sort",Medium,"Listed price is the retailer's, not a Nyce Solutions price; Specifications as listed by the retailer; confirm against the manufacturer datasheet; not stated on listing: model/SKU; shown as discounted from KES 1,870,000 (retailer claim, not verified)"
2026-10-10,Petrol & Diesel Generators,Three Phase Diesel Generators (generators-4),6.5kVA Mercury UK Single-Phase Silent Diesel Generator with ATS,Mercury Uk,Not stated,Petrol & Diesel Power Generators > Three ( 3 ) Phase Diesel Generators,Brand: Mercury UK; Rated Output: 6.5kVA; Phase: Single Phase; Fuel Type: Diesel; Generator Type: Silent Diesel; Transfer System: Automatic Transfer Switch (ATS); Starting System: Electric Start; Cooling Method: Air Cooled,"145,995","200,000",In stock,https://macire.co.ke/product/6-5kva-mercury-uk-single-phase-silent-diesel-generator-with-ats/,7 image(s) hosted by Macire; rights not cleared - do not reuse,"#5 of 61 in the category under the store's own ""popularity"" sort",Medium,"Listed price is the retailer's, not a Nyce Solutions price; Specifications as listed by the retailer; confirm against the manufacturer datasheet; not stated on listing: model/SKU; shown as discounted from KES 200,000 (retailer claim, not verified)"
2026-10-10,Petrol & Diesel Generators,Silent Canopy Generators (generators-5),10.5kVA Maybach 3 Phase Silent Diesel Generator with ATS – White,Maybach,Not stated,Flash Sale Offers > Petrol & Diesel Power Generators > Silent Diesel Generators,Brand: Maybach; Rated Power: 10.5kVA; Generator Type: Silent Diesel Generator; Phase: Three Phase; Fuel Type: Diesel; Starting System: Electric Start; Automatic Transfer Switch: Yes (ATS); Enclosure: Soundproof Canopy; Colour: White; Application: Standby & Prime Power,"159,999","250,000",In stock,https://macire.co.ke/product/10-5kva-maybach-3-phase-silent-diesel-generator-with-ats-white/,7 image(s) hosted by Macire; rights not cleared - do not reuse,"#1 of 136 in the category under the store's own ""popularity"" sort",Medium,"Listed price is the retailer's, not a Nyce Solutions price; Specifications as listed by the retailer; confirm against the manufacturer datasheet; not stated on listing: model/SKU; shown as discounted from KES 250,000 (retailer claim, not verified)"
2026-10-10,Petrol & Diesel Generators,Silent Canopy Generators (generators-5),15kVA Pyramid Germany Silent Diesel Generator with ATS – Heavy-Duty Three-Phase Power,Pyramid Germany,Not stated,Petrol & Diesel Power Generators > Silent Diesel Generators,Brand: Pyramid Germany; Capacity: 15kVA; Fuel Type: Diesel; Phase: Three Phase; Generator Type: Silent; Transfer System: ATS; Duty: Heavy Duty; Main Use: Standby & Backup Power,"489,995","600,000",In stock,https://macire.co.ke/product/15kva-pyramid-germany-silent-diesel-generator-with-ats-heavy-duty-three-phase-power/,9 image(s) hosted by Macire; rights not cleared - do not reuse,"#2 of 136 in the category under the store's own ""popularity"" sort",Medium,"Listed price is the retailer's, not a Nyce Solutions price; Specifications as listed by the retailer; confirm against the manufacturer datasheet; not stated on listing: model/SKU; shown as discounted from KES 600,000 (retailer claim, not verified)"
2026-10-10,Petrol & Diesel Generators,Silent Canopy Generators (generators-5),10.5kVA Maybach Yellow Silent Diesel Generator – Reliable Single-Phase Power,Maybach,Not stated,Petrol & Diesel Power Generators > Silent Diesel Generators,Brand: Maybach; Rated Power: 10.5kVA; Generator Type: Silent Diesel Generator; Phase: Single Phase; Fuel Type: Diesel; Starting System: Electric Start; Enclosure: Soundproof Canopy; Colour: Yellow; Cooling System: Air Cooled; Application: Standby & Backup Power,"145,900","238,000",In stock,https://macire.co.ke/product/10-5kva-maybach-yellow-silent-diesel-generator-reliable-single-phase-power/,8 image(s) hosted by Macire; rights not cleared - do not reuse,"#4 of 136 in the category under the store's own ""popularity"" sort",Medium,"Listed price is the retailer's, not a Nyce Solutions price; Specifications as listed by the retailer; confirm against the manufacturer datasheet; not stated on listing: model/SKU; shown as discounted from KES 238,000 (retailer claim, not verified)"
2026-10-10,Petrol & Diesel Generators,Silent Canopy Generators (generators-5),"12kVA CIGMA-UK Diesel Silent Generator – Electric Start, Dual Power",Cigma UK,8GF-SKM1,Petrol & Diesel Power Generators > Silent Diesel Generators,"Brand: CIGMA-UK; Model: 8GF-SKM1; Maximum Power: 12kVA; Engine Type: Diesel, air-cooled; Starting Method: Electric start; Fuel Type: Diesel; Enclosure: Silent canopy; Cooling System: Air-cooled; Application: Home & Commercial Backup; Warranty: Macire-backed (terms apply)","188,995","298,889",In stock,https://macire.co.ke/product/12kva-cigma-uk-diesel-silent-generator-electric-start-dual-power/,8 image(s) hosted by Macire; rights not cleared - do not reuse,"#5 of 136 in the category under the store's own ""popularity"" sort",High,"Listed price is the retailer's, not a Nyce Solutions price; Specifications as listed by the retailer; confirm against the manufacturer datasheet; shown as discounted from KES 298,889 (retailer claim, not verified)"
2026-10-10,Petrol & Diesel Generators,Silent Canopy Generators (generators-5),8.5Kva 1-Phase Premier Silent Diesel Generator w/o ATS – Heavy-Duty Design,Premier,Not stated,Petrol & Diesel Power Generators > Silent Diesel Generators,Power Output: 8.5Kva / 6.8kW ⚡; Fuel Type: Diesel ????️; Cooling System: Air-Cooled ????️; Engine Type: Heavy-Duty 4-Stroke Diesel ????; Phase: Single-Phase ⚙️; Voltage Output: 230V ⚡; Fuel Tank Capacity: Large Tank for Extended Use ⛽; Noise Level: Silent Operation ????; Run Time: Approx. 12-14 Hours on full tank ⏳; Speed: 3000 RPM ????,"114,500","259,435",In stock,https://macire.co.ke/product/8-5kva-1-phase-premier-silent-diesel-generator-w-o-ats-heavy-duty-design/,6 image(s) hosted by Macire; rights not cleared - do not reuse,"#6 of 136 in the category under the store's own ""popularity"" sort",Medium,"Listed price is the retailer's, not a Nyce Solutions price; Specifications as listed by the retailer; confirm against the manufacturer datasheet; not stated on listing: model/SKU; shown as discounted from KES 259,435 (retailer claim, not verified)"
2026-10-10,Petrol & Diesel Generators,Industrial Water Cooled Generators (generators-6),150kVA Cummins JDP-C120SA Water-Cooled Diesel Generator,Not stated,JDP-C120SA,Petrol & Diesel Power Generators > Water Cooled Diesel Generators,Product Type: Diesel Generator; Brand: Cummins; Model: JDP-C120SA; Rated Power: 150kVA; Cooling Type: Water Cooled; Fuel Type: Diesel; Starting System: Electric Start; Phase Type: Three Phase; Frequency: 50Hz; Voltage Output: 400/230V,"4,200,995","9,899,995",In stock,https://macire.co.ke/product/150kva-cummins-jdp-c120sa-diesel-generator/,7 image(s) hosted by Macire; rights not cleared - do not reuse,"#1 of 38 in the category under the store's own ""popularity"" sort",Medium,"Listed price is the retailer's, not a Nyce Solutions price; Specifications as listed by the retailer; confirm against the manufacturer datasheet; not stated on listing: brand; shown as discounted from KES 9,899,995 (retailer claim, not verified); also in owner spreadsheet (draft ""150kva-cummins-jdp-c120sa-water-cooled-diesel-generator"")"
2026-10-10,Petrol & Diesel Generators,Industrial Water Cooled Generators (generators-6),100kVA JDP-H80SA Simba Voltsilent Water Cooled Diesel Generator,Not stated,JDP-H80SA,Petrol & Diesel Power Generators > Water Cooled Diesel Generators,Product Type: Silent Diesel Generator; Brand: Simba Voltsilent; Model: JDP-H80SA; Power Output: 100kVA; Cooling System: Water cooled; Fuel Type: Diesel; Phase Type: Three Phase; Operation: Electric start; ATS Compatibility: ATS Ready; Noise Type: Silent canopy,"2,109,995","4,899,995",In stock,https://macire.co.ke/product/100kva-simba-voltsilent-diesel-generator-jdp-h80sa/,5 image(s) hosted by Macire; rights not cleared - do not reuse,"#2 of 38 in the category under the store's own ""popularity"" sort",Medium,"Listed price is the retailer's, not a Nyce Solutions price; Specifications as listed by the retailer; confirm against the manufacturer datasheet; not stated on listing: brand; shown as discounted from KES 4,899,995 (retailer claim, not verified); also in owner spreadsheet (draft ""100kva-jdp-h80sa-simba-voltsilent-water-cooled-diesel-genera"")"
2026-10-10,Petrol & Diesel Generators,Industrial Water Cooled Generators (generators-6),85kVA JDP-H68SA Simba Voltsilent Water Cooled Diesel Generator,Not stated,JDP-H68SA,Petrol & Diesel Power Generators > Water Cooled Diesel Generators,Product Type: Silent Diesel Generator; Brand: Simba Voltsilent; Model: JDP-H68SA; Power Output: 85kVA; Cooling System: Water cooled; Fuel Type: Diesel; Phase Type: Three Phase; Operation: Electric start; ATS Compatibility: ATS Ready; Noise Type: Silent canopy,"1,950,995","7,999,995",In stock,https://macire.co.ke/product/85kva-simba-voltsilent-diesel-generator-jdp-h68sa/,5 image(s) hosted by Macire; rights not cleared - do not reuse,"#3 of 38 in the category under the store's own ""popularity"" sort",Medium,"Listed price is the retailer's, not a Nyce Solutions price; Specifications as listed by the retailer; confirm against the manufacturer datasheet; not stated on listing: brand; shown as discounted from KES 7,999,995 (retailer claim, not verified); also in owner spreadsheet (draft ""85kva-jdp-h68sa-simba-voltsilent-water-cooled-diesel-generat"")"
2026-10-10,Petrol & Diesel Generators,Industrial Water Cooled Generators (generators-6),60kVA JDP-H48SA Simba Voltsilent Water Cooled Diesel Generator,Not stated,JDP-H48SA,Petrol & Diesel Power Generators > Water Cooled Diesel Generators,Product Type: Silent Diesel Generator; Brand: Simba Voltsilent; Model: JDP-H48SA; Power Output: 60kVA; Cooling System: Water cooled; Fuel Type: Diesel; Phase Type: Three Phase; Operation: Electric start; ATS Compatibility: ATS Ready; Noise Type: Silent canopy,"1,579,995","3,999,995",In stock,https://macire.co.ke/product/60kva-simba-voltsilent-diesel-generator-jdp-h48sa/,7 image(s) hosted by Macire; rights not cleared - do not reuse,"#4 of 38 in the category under the store's own ""popularity"" sort",Medium,"Listed price is the retailer's, not a Nyce Solutions price; Specifications as listed by the retailer; confirm against the manufacturer datasheet; not stated on listing: brand; shown as discounted from KES 3,999,995 (retailer claim, not verified); also in owner spreadsheet (draft ""60kva-jdp-h48sa-simba-voltsilent-water-cooled-diesel-generat"")"
2026-10-10,Petrol & Diesel Generators,Industrial Water Cooled Generators (generators-6),125kVA JDP-H100SA Simba Voltsilent Water Cooled Diesel Generator,Not stated,JDP-H100SA,Petrol & Diesel Power Generators > Water Cooled Diesel Generators,Product Type: Silent Diesel Generator; Brand: Simba Voltsilent; Model: JDP-H100SA; Power Output: 125kVA; Cooling System: Water cooled; Fuel Type: Diesel; Phase Type: Three Phase; Operation: Electric start; ATS Compatibility: ATS Ready; Noise Type: Silent canopy,"2,299,995","4,509,999",In stock,https://macire.co.ke/product/125kva-simba-voltsilent-diesel-generator-jdp-h100sa-2/,7 image(s) hosted by Macire; rights not cleared - do not reuse,"#5 of 38 in the category under the store's own ""popularity"" sort",Medium,"Listed price is the retailer's, not a Nyce Solutions price; Specifications as listed by the retailer; confirm against the manufacturer datasheet; not stated on listing: brand; shown as discounted from KES 4,509,999 (retailer claim, not verified); also in owner spreadsheet (draft ""125kva-jdp-h100sa-simba-voltsilent-water-cooled-diesel-gener"")"
2026-10-10,Petrol & Diesel Generators,Alternators (generators-7),30HP KMAX Italy Alternator Three Phase AC – Synchronous Generator,Kmax,Not stated,Alternators > Petrol & Diesel Power Generators,"Brand: KMAX Italy; Product Type: Three Phase AC Synchronous Generator; Rated Power: 30HP; Phase: Three Phase; Generator Type: Synchronous AC Alternator; Winding Material: 100% Copper; Cooling System: Air Cooled; Rotor Type: Precision Balanced; Housing: Heavy-Duty Cast Iron; Applications: Industrial, Commercial & Agricultural Power Generation","89,995","200,000",In stock,https://macire.co.ke/product/30hp-kmax-italy-alternator-three-phase-ac-synchronous-generator/,6 image(s) hosted by Macire; rights not cleared - do not reuse,"#1 of 15 in the category under the store's own ""popularity"" sort",Medium,"Listed price is the retailer's, not a Nyce Solutions price; Specifications as listed by the retailer; confirm against the manufacturer datasheet; not stated on listing: model/SKU; shown as discounted from KES 200,000 (retailer claim, not verified); also in owner spreadsheet (draft ""30hp-kmax-italy-alternator-three-phase-ac-synchronous-genera"")"
2026-10-10,Petrol & Diesel Generators,Alternators (generators-7),25HP KMAX Italy Alternator Three Phase AC – Synchronous Generator,Kmax,Not stated,Alternators > Petrol & Diesel Power Generators,"Brand: KMAX Italy; Product Type: Three Phase AC Synchronous Generator; Rated Power: 25HP; Phase: Three Phase; Generator Type: Synchronous AC Alternator; Winding Material: 100% Copper; Cooling System: Air Cooled; Rotor Type: Precision Balanced; Housing: Heavy-Duty Cast Iron; Applications: Industrial, Agricultural & Commercial Power Generation","86,200","150,000",In stock,https://macire.co.ke/product/25hp-kmax-italy-alternator-three-phase-ac-synchronous-generator/,6 image(s) hosted by Macire; rights not cleared - do not reuse,"#2 of 15 in the category under the store's own ""popularity"" sort",Medium,"Listed price is the retailer's, not a Nyce Solutions price; Specifications as listed by the retailer; confirm against the manufacturer datasheet; not stated on listing: model/SKU; shown as discounted from KES 150,000 (retailer claim, not verified); also in owner spreadsheet (draft ""25hp-kmax-italy-alternator-three-phase-ac-synchronous-genera"")"
2026-10-10,Petrol & Diesel Generators,Alternators (generators-7),20HP KMAX Italy Alternator Three Phase AC – Synchronous Generator,Kmax,20HP KMAX Italy Three Phase Alternator,Alternators > Petrol & Diesel Power Generators,Model: 20HP KMAX Italy Three Phase Alternator; Power Output: ≈ 20HP (~15-16 kW); Output Type: Three Phase AC; Line / Phase Voltage: ~ 400V Line / 230V Phase; Frequency: 50Hz (or optionally 60Hz in some models); Power Factor: ~ 0.8 (lagging) typical for generators; Rated RPM: ~ 1500-1800 RPM depending on design; Efficiency: ~ 85-90% or better under rated load; Cooling: Air cooled; ventilation included; Protection Rating: IP23 / IP44 (depending on enclosure),"79,995","120,000",In stock,https://macire.co.ke/product/20hp-kmax-italy-alternator-three-phase-ac-synchronous-generator/,6 image(s) hosted by Macire; rights not cleared - do not reuse,"#3 of 15 in the category under the store's own ""popularity"" sort",High,"Listed price is the retailer's, not a Nyce Solutions price; Specifications as listed by the retailer; confirm against the manufacturer datasheet; shown as discounted from KES 120,000 (retailer claim, not verified); also in owner spreadsheet (draft ""20hp-kmax-italy-alternator-three-phase-ac-synchronous-genera"")"
2026-10-10,Petrol & Diesel Generators,Alternators (generators-7),25kW 3ph Diesel Generator Water-Cooled with Alternator and 30HP JD Diesel Engine,Macire,Not stated,Alternators > Diesel Generators > Petrol & Diesel Power Generators,No specification table in listing,"321,500","777,888",In stock,https://macire.co.ke/product/25kw-3ph-diesel-generator-water-cooled-with-alternator-and-30hp-jd-diesel-engine/,5 image(s) hosted by Macire; rights not cleared - do not reuse,"#4 of 15 in the category under the store's own ""popularity"" sort",Low,"Listed price is the retailer's, not a Nyce Solutions price; Specifications as listed by the retailer; confirm against the manufacturer datasheet; not stated on listing: model/SKU, specification table; shown as discounted from KES 777,888 (retailer claim, not verified)"
2026-10-10,Petrol & Diesel Generators,Alternators (generators-7),20kW 3ph Diesel Generator Water-Cooled with Alternator and 24HP JD Diesel Engine,Macire,Not stated,Alternators > Diesel Generators > Petrol & Diesel Power Generators,No specification table in listing,"292,000","707,888",In stock,https://macire.co.ke/product/20kw-3ph-diesel-generator-water-cooled-with-alternator-and-24hp-jd-diesel-engine/,5 image(s) hosted by Macire; rights not cleared - do not reuse,"#5 of 15 in the category under the store's own ""popularity"" sort",Low,"Listed price is the retailer's, not a Nyce Solutions price; Specifications as listed by the retailer; confirm against the manufacturer datasheet; not stated on listing: model/SKU, specification table; shown as discounted from KES 707,888 (retailer claim, not verified)"
2026-10-10,Petrol & Diesel Generators,Biogas LPG Generators (generators-8),4.5Kva Champion UK LPG Biogas Dual Fuel Portable Generator 4500watts With Electric Start,Champion,Not stated,Biogas LPG Generators,No specification table in listing,"119,550","198,000",In stock,https://macire.co.ke/product/4-5kva-champion-uk-lpg-biogas-dual-fuel-portable-generator-4500watts-with-electric-start/,3 image(s) hosted by Macire; rights not cleared - do not reuse,"#1 of 1 in the category under the store's own ""popularity"" sort",Low,"Listed price is the retailer's, not a Nyce Solutions price; Specifications as listed by the retailer; confirm against the manufacturer datasheet; not stated on listing: model/SKU, specification table; shown as discounted from KES 198,000 (retailer claim, not verified); also in owner spreadsheet (draft ""4-5kva-champion-uk-lpg-biogas-dual-fuel-portable-generator-4"")"
2026-10-10,Petrol & Diesel Generators,Diesel Welding Generators (generators-9),12.5Kva Maybach Welding Generator – 2 in 1 Heavy Duty Diesel,Maybach,Not stated,Diesel Welding Generators > Petrol & Diesel Power Generators,No specification table in listing,"133,600","298,780",In stock,https://macire.co.ke/product/12-5kva-maybach-welding-generator-2-in-1-heavy-duty-diesel/,7 image(s) hosted by Macire; rights not cleared - do not reuse,"#1 of 26 in the category under the store's own ""popularity"" sort",Low,"Listed price is the retailer's, not a Nyce Solutions price; Specifications as listed by the retailer; confirm against the manufacturer datasheet; not stated on listing: model/SKU, specification table; shown as discounted from KES 298,780 (retailer claim, not verified)"
2026-10-10,Petrol & Diesel Generators,Diesel Welding Generators (generators-9),7kva Diesel Welding Generator Uk Standard,UK Standard,Not stated,Diesel Welding Generators > Petrol & Diesel Power Generators,No specification table in listing,"95,460","134,000",In stock,https://macire.co.ke/product/7kva-diesel-welding-generator-uk-standard/,4 image(s) hosted by Macire; rights not cleared - do not reuse,"#2 of 26 in the category under the store's own ""popularity"" sort",Low,"Listed price is the retailer's, not a Nyce Solutions price; Specifications as listed by the retailer; confirm against the manufacturer datasheet; not stated on listing: model/SKU, specification table; shown as discounted from KES 134,000 (retailer claim, not verified)"
2026-10-10,Petrol & Diesel Generators,Diesel Welding Generators (generators-9),8kva Diesel Welding Generator Rhino Japan Technology,Rhino,Not stated,Diesel Welding Generators > Petrol & Diesel Power Generators,No specification table in listing,"102,340","145,000",In stock,https://macire.co.ke/product/rhino-japan-technology-8kva-diesel-welding-generator/,2 image(s) hosted by Macire; rights not cleared - do not reuse,"#3 of 26 in the category under the store's own ""popularity"" sort",Low,"Listed price is the retailer's, not a Nyce Solutions price; Specifications as listed by the retailer; confirm against the manufacturer datasheet; not stated on listing: model/SKU, specification table; shown as discounted from KES 145,000 (retailer claim, not verified)"
2026-10-10,Petrol & Diesel Generators,Diesel Welding Generators (generators-9),"TLD10000E TLAC Diesel Generator – Copper Alternator, Industrial Socket, Battery Key Start",TLAC UK,TLD10000E,Diesel Welding Generators > Petrol & Diesel Power Generators,"Brand: TLAC; Model: TLD10000E; Product type: Open-type diesel generator; Listed power output: 7.5kW / 9.4kVA; Engine model: 195F; Fuel type: Diesel; Output voltage: 220V; Frequency: 50Hz; Phase: Single-phase; Alternator winding: 100% copper, as listed","133,995","156,999",In stock,https://macire.co.ke/product/7-5kw-tlac-tld10000e-diesel-generator-9-4kva/,7 image(s) hosted by Macire; rights not cleared - do not reuse,"#4 of 26 in the category under the store's own ""popularity"" sort; featured on the homepage (Deals of the day / Hot New Arrivals)",High,"Listed price is the retailer's, not a Nyce Solutions price; Specifications as listed by the retailer; confirm against the manufacturer datasheet; shown as discounted from KES 156,999 (retailer claim, not verified)"
2026-10-10,Petrol & Diesel Generators,Diesel Welding Generators (generators-9),"TLD8500E TLAC Diesel Generator – Copper Alternator, Industrial Socket, Battery Key Start",TLAC UK,TLD8500E,Diesel Welding Generators > Petrol & Diesel Power Generators,"Brand: TLAC; Model: TLD8500E; Product type: Open-type diesel generator; Listed power output: 7kW / 8.75kVA; Engine model: 192F; Fuel type: Diesel; Output voltage: 220V; Frequency: 50Hz; Phase: Single-phase; Alternator winding: 100% copper, as listed","121,989","189,999",In stock,https://macire.co.ke/product/7kw-tlac-tld8500e-diesel-generator-8-75kva/,7 image(s) hosted by Macire; rights not cleared - do not reuse,"#5 of 26 in the category under the store's own ""popularity"" sort; featured on the homepage (Deals of the day / Hot New Arrivals)",High,"Listed price is the retailer's, not a Nyce Solutions price; Specifications as listed by the retailer; confirm against the manufacturer datasheet; shown as discounted from KES 189,999 (retailer claim, not verified)"
2026-10-10,Petrol & Diesel Generators,Home Backup Generators (generators-10),5kVA K-Max Italy Key Start Petrol Generator,Kmax,Not stated,Petrol & Diesel Power Generators > Petrol Generators,"Brand: K-Max Italy; Power Output: 5kVA (Max), 4.5kVA (Rated); Engine Type: 4-Stroke, Air-Cooled Petrol Engine; Start Type: Electric Key Start + Manual Recoil; Fuel Type: Petrol (Unleaded); Tank Capacity: 15–20 Liters; Runtime: 7–10 Hours @ 50% Load; Outlets: 2 x 230V AC, 1 x 12V DC; AVR: Yes; Noise Level: Approx. 68–72 dB @ 7 meters","31,995","54,000",In stock,https://macire.co.ke/product/5kva-k-max-italy-key-start-petrol-generator/,4 image(s) hosted by Macire; rights not cleared - do not reuse,"#15 of 515 in the category under the store's own ""popularity"" sort",Medium,"Listed price is the retailer's, not a Nyce Solutions price; Specifications as listed by the retailer; confirm against the manufacturer datasheet; not stated on listing: model/SKU; shown as discounted from KES 54,000 (retailer claim, not verified); Macire parent category used (generators only); ""home backup"" fit needs manual review"
2026-10-10,Petrol & Diesel Generators,Home Backup Generators (generators-10),4.3Kva Pioneer Japan Petrol Generator,Pioneer,Not stated,Petrol & Diesel Power Generators > Petrol Generators,No specification table in listing,"44,500","126,700",In stock,https://macire.co.ke/product/4-3kva-pioneer-japan-petrol-generator/,4 image(s) hosted by Macire; rights not cleared - do not reuse,"#17 of 515 in the category under the store's own ""popularity"" sort",Low,"Listed price is the retailer's, not a Nyce Solutions price; Specifications as listed by the retailer; confirm against the manufacturer datasheet; not stated on listing: model/SKU, specification table; shown as discounted from KES 126,700 (retailer claim, not verified); Macire parent category used (generators only); ""home backup"" fit needs manual review"
2026-10-10,Petrol & Diesel Generators,Home Backup Generators (generators-10),10kVA Maybach Single Phase Diesel Silent Generator with ATS – White,Maybach,Not stated,Petrol & Diesel Power Generators > Silent Diesel Generators,Brand: Maybach; Rated Power: 10kVA; Generator Type: Silent Diesel Generator; Phase: Single Phase; Fuel Type: Diesel; Starting System: Electric Start; Automatic Transfer Switch: Yes (ATS); Enclosure: Soundproof Canopy; Colour: White; Application: Standby & Prime Backup Power,"151,995","210,000",In stock,https://macire.co.ke/product/10kva-maybach-single-phase-diesel-silent-generator-with-ats-white/,7 image(s) hosted by Macire; rights not cleared - do not reuse,"#18 of 515 in the category under the store's own ""popularity"" sort",Medium,"Listed price is the retailer's, not a Nyce Solutions price; Specifications as listed by the retailer; confirm against the manufacturer datasheet; not stated on listing: model/SKU; shown as discounted from KES 210,000 (retailer claim, not verified); Macire parent category used (generators only); ""home backup"" fit needs manual review"
2026-10-10,Petrol & Diesel Generators,Home Backup Generators (generators-10),2.8kVA Hisaki Japan HK3000EN Petrol Generator – Compact Key-Start Power,Hisaki,HK3000EN,Petrol & Diesel Power Generators > Petrol Generators,Brand: Hisaki Japan; Model: HK3000EN; Generator Capacity: 2.8kVA; Fuel Type: Petrol; Starting System: Key Start; Product Type: Petrol Generator; Main Application: Backup & General Power Supply,"38,999","47,000",In stock,https://macire.co.ke/product/2-8kva-hisaki-japan-hk3000en-petrol-generator-compact-key-start-power/,5 image(s) hosted by Macire; rights not cleared - do not reuse,"#20 of 515 in the category under the store's own ""popularity"" sort",High,"Listed price is the retailer's, not a Nyce Solutions price; Specifications as listed by the retailer; confirm against the manufacturer datasheet; shown as discounted from KES 47,000 (retailer claim, not verified); Macire parent category used (generators only); ""home backup"" fit needs manual review"
