sheet_rows,draft_id,status,category,subcategory,name,brand,identifiers_in_name,possible_duplicate_of,structural_errors,publication_blockers,notes
2,3-2kw-2-56kwh-felicity-starter-plus-solar-system-kit-1sefeli,draft,solar,solar-1,3.2kW + 2.56kWh Felicity Starter Plus Solar System Kit – 1SEFELISTPL,Felicity,1SEFELISTPL,,,"verificationStatus is not ""verified""; model or SKU; original short and detailed description; applications; verified specifications; availability status; product photo (image.src); source URL",
3,2kw-1-28kwh-felicity-starter-solar-system-kit-1sefelistar,draft,solar,solar-1,2kW + 1.28kWh Felicity Starter Solar System Kit – 1SEFELISTAR,Felicity,1SEFELISTAR,,,"verificationStatus is not ""verified""; model or SKU; original short and detailed description; applications; verified specifications; availability status; product photo (image.src); source URL",
4,1-5kw-must-lithium-deluxe-starter-kit-12v-all-inclusive-pack,draft,solar,solar-1,1.5kW MUST Lithium Deluxe Starter Kit (12V) | All-Inclusive Package,MUST,,,,"verificationStatus is not ""verified""; model or SKU; original short and detailed description; applications; verified specifications; availability status; product photo (image.src); source URL",
5,1-5kw-lithium-solar-kit-1500w-alltop-200ah-lithium-must-inve,draft,solar,solar-1,1.5Kw Lithium Solar Kit 1500w – Alltop 200ah Lithium Must Inverter – Reliable Energy Supply,Alltop,,,,"verificationStatus is not ""verified""; model or SKU; original short and detailed description; applications; verified specifications; availability status; product photo (image.src); source URL",
6,1-5kw-lithium-solar-kit-1500w-alltop-100ah-lithium-must-inve,draft,solar,solar-1,1.5Kw Lithium Solar Kit 1500w – Alltop 100ah Lithium Must Inverter – Reliable Energy Supply,Alltop,,,,"verificationStatus is not ""verified""; model or SKU; original short and detailed description; applications; verified specifications; availability status; product photo (image.src); source URL",
7,6kw-alps-essential-with-5kwh-storage-solar-kit,draft,solar,solar-2,6kW ALPS Essential with 5kWh Storage Solar Kit,ALPS,,alps-6kw,,"verificationStatus is not ""verified""; model or SKU; original short and detailed description; applications; verified specifications; availability status; product photo (image.src); source URL",
8,4-2kva-24v-svc-phoenix-lithium-smart-home-solar-kit-with-5-1,draft,solar,solar-2,4.2kVA 24V SVC Phoenix Lithium Smart Home Solar Kit with 5.12kWh Battery,Phoenix,,,,"verificationStatus is not ""verified""; model or SKU; original short and detailed description; applications; verified specifications; availability status; product photo (image.src); source URL",
9,3-5kw-svc-lithium-premium-family-solar-kit-24v,draft,solar,solar-2,3.5kW SVC Lithium Premium Family Solar Kit (24V),SVC,,,,"verificationStatus is not ""verified""; model or SKU; original short and detailed description; applications; verified specifications; availability status; product photo (image.src); source URL",
10,6kw-10kwh-felicity-premium-home-solar-system-kit-1sefeliprem,draft,solar,solar-2,6kW + 10kWh Felicity Premium Home Solar System Kit – 1SEFELIPREM,Felicity,1SEFELIPREM,,,"verificationStatus is not ""verified""; model or SKU; original short and detailed description; applications; verified specifications; availability status; product photo (image.src); source URL",
11,11kw-alps-power-plus-with-16kwh-storage-solar-kit,draft,solar,solar-2,11kW ALPS Power Plus with 16kWh Storage Solar Kit,ALPS,,,,"verificationStatus is not ""verified""; model or SKU; original short and detailed description; applications; verified specifications; availability status; product photo (image.src); source URL",
12,6-5kw-hepu-premium-home-solar-kit-with-5kwh-lithium-battery,draft,solar,solar-3,6.5kW HEPU Premium Home Solar Kit with 5kWh Lithium Battery & Installation Included,Hepu,,,,"verificationStatus is not ""verified""; model or SKU; original short and detailed description; applications; verified specifications; availability status; product photo (image.src); source URL",
13,10kw-srne-lithium-solar-high-load-home-kit-14-33kwh-all-incl,draft,solar,solar-3,10kW SRNE Lithium Solar High-Load Home Kit 14.33kWh | All-Inclusive,SRNE,,,,"verificationStatus is not ""verified""; model or SKU; original short and detailed description; applications; verified specifications; availability status; product photo (image.src); source URL",
14,10kw-srne-lithium-solar-backup-kit-10-24kwh-all-inclusive,draft,solar,solar-3,10kW SRNE Lithium Solar Backup Kit 10.24kWh | All-Inclusive,SRNE,,,,"verificationStatus is not ""verified""; model or SKU; original short and detailed description; applications; verified specifications; availability status; product photo (image.src); source URL",
15,10kw-must-lithium-plus-power-solar-kit-48v-all-inclusive-pac,draft,solar,solar-3,10kW MUST Lithium Plus Power Solar Kit 48V | All-Inclusive Package,MUST,,,,"verificationStatus is not ""verified""; model or SKU; original short and detailed description; applications; verified specifications; availability status; product photo (image.src); source URL",
16,10kw-must-lithium-power-home-solar-kit-48v-all-inclusive-pac,draft,solar,solar-3,10kW MUST Lithium Power Home Solar Kit 48V | All-Inclusive Package,MUST,,,,"verificationStatus is not ""verified""; model or SKU; original short and detailed description; applications; verified specifications; availability status; product photo (image.src); source URL",
17,16kw-3-phase-30-72kwh-felicity-commercial-solar-system-kit-1,draft,solar,solar-4,16kW 3-Phase + 30.72kWh Felicity Commercial Solar System Kit – 1SEFELIC16P,Felicity,1SEFELIC16P,,,"verificationStatus is not ""verified""; model or SKU; original short and detailed description; applications; verified specifications; availability status; product photo (image.src); source URL",
18,12kw-25kwh-felicity-premium-commercial-solar-system-kit-1sef,draft,solar,solar-4,12kW + 25kWh Felicity Premium Commercial Solar System Kit – 1SEFELIPCOM,Felicity,1SEFELIPCOM,,,"verificationStatus is not ""verified""; model or SKU; original short and detailed description; applications; verified specifications; availability status; product photo (image.src); source URL",
19,20kw-svc-3-phase-solar-power-system-20-48kwh-storage,draft,solar,solar-4,20kW SVC 3-Phase Solar Power System – 20.48kWh Storage,SVC,,,,"verificationStatus is not ""verified""; model or SKU; original short and detailed description; applications; verified specifications; availability status; product photo (image.src); source URL",
20,215kwh-125kw-lithium-valley-sc215l125p-06w-liquid-cooled-c-i,draft,solar,solar-4,215kWh 125kW Lithium Valley SC215L125P-06W Liquid-Cooled C&I BESS – Solis 125kW Inverter,Lithium Valley,SC215L125P06W,,,"verificationStatus is not ""verified""; model or SKU; original short and detailed description; applications; verified specifications; availability status; product photo (image.src); source URL",
21,100kwh-50kw-lithium-valley-sc100a50p-06w-smart-air-cooled-c,draft,solar,solar-4,100kWh 50kW Lithium Valley SC100A50P-06W Smart Air-Cooled C&I BESS – Solis 50kW Inverter,Lithium Valley,SC100A50P06W,,,"verificationStatus is not ""verified""; model or SKU; original short and detailed description; applications; verified specifications; availability status; product photo (image.src); source URL",
22,8kw-alpsolarr-eco-pulse-s4-48v-hybrid-solar-inverter-flexibl,draft,solar,solar-5,8kW AlpSolarr Eco PULSE S4 48V Hybrid Solar Inverter – Flexible Solar & Battery Power,AlpSolarr,,,,"verificationStatus is not ""verified""; model or SKU; original short and detailed description; applications; verified specifications; availability status; product photo (image.src); source URL",
23,11kw-alpsolarr-eco-pulse-s2-48v-hybrid-solar-inverter-high-c,draft,solar,solar-5,11kW AlpSolarr Eco PULSE S2 48V Hybrid Solar Inverter – High-Capacity Solar & Backup Power,AlpSolarr,,,,"verificationStatus is not ""verified""; model or SKU; original short and detailed description; applications; verified specifications; availability status; product photo (image.src); source URL",
24,6kw-alpsolarr-eco-pulse-s3-48v-hybrid-solar-inverter-smart-s,draft,solar,solar-5,6kW AlpSolarr Eco PULSE S3 48V Hybrid Solar Inverter – Smart Solar & Battery Power Management,AlpSolarr,,,,"verificationStatus is not ""verified""; model or SKU; original short and detailed description; applications; verified specifications; availability status; product photo (image.src); source URL",
25,22kva-20kw-felicity-ivgm20klp3g1-48v-three-phase-on-off-grid,draft,solar,solar-5,22kVA / 20kW Felicity IVGM20KLP3G1 48V Three-Phase On/Off-Grid IP65 Hybrid Inverter,Felicity,IP65 IVGM20KLP3G1,,,"verificationStatus is not ""verified""; model or SKU; original short and detailed description; applications; verified specifications; availability status; product photo (image.src); source URL",
26,17-6kva-16kw-felicity-ivgm16klp3g-48v-three-phase-on-off-gri,draft,solar,solar-5,17.6kVA / 16kW Felicity IVGM16KLP3G 48V Three-Phase On/Off-Grid IP65 Hybrid Inverter,Felicity,IP65 IVGM16KLP3G,,,"verificationStatus is not ""verified""; model or SKU; original short and detailed description; applications; verified specifications; availability status; product photo (image.src); source URL",
27,8-3kwh-yachu-lithium-battery-25-6v-lifepo-wall-mounted,draft,solar,solar-6,"8.3kWh Yachu Lithium Battery – 25.6V, LiFePO₄, Wall-Mounted",Yachu,,,,"verificationStatus is not ""verified""; model or SKU; original short and detailed description; applications; verified specifications; availability status; product photo (image.src); source URL",
28,12-8v-100ah-lithium-ion-solar-battery,draft,solar,solar-6,12.8V 100Ah Lithium-Ion Solar Battery,,,,,"verificationStatus is not ""verified""; brand; model or SKU; original short and detailed description; applications; verified specifications; availability status; product photo (image.src); source URL",
29,5kwh-hepu-51-2v-lithium-battery-lifepo-cells-100a-bms-long-c,draft,solar,solar-6,"5kWh Hepu 51.2V Lithium Battery – LiFePO₄ Cells, 100A BMS, Long Cycle Life",Hepu,,,,"verificationStatus is not ""verified""; model or SKU; original short and detailed description; applications; verified specifications; availability status; product photo (image.src); source URL",
30,3kwh-hepu-25-6v-lithium-battery-lifepo-cells-100a-bms-long-c,draft,solar,solar-6,"3kWh Hepu 25.6V Lithium Battery-LiFePO₄ Cells, 100A BMS, Long Cycle Life",Hepu,,,,"verificationStatus is not ""verified""; model or SKU; original short and detailed description; applications; verified specifications; availability status; product photo (image.src); source URL",
31,2-56kwh-12-8v-must-lifepo-lithium-battery-200ah-long-life-en,draft,solar,solar-6,2.56kWh 12.8V MUST LiFePO₄ Lithium Battery – 200Ah Long-Life Energy Storage,MUST,,,,"verificationStatus is not ""verified""; model or SKU; original short and detailed description; applications; verified specifications; availability status; product photo (image.src); source URL",
32,14-4m-h-336m-doyin-10hp-ac-dc-hybrid-solar-borehole-pump-sys,draft,solar,solar-7,14.4m³/h 336m Doyin 10HP AC/DC Hybrid Solar Borehole Pump System Kit 4SF10-196-7500W AD,Doyin,4SF101967500W,,,"verificationStatus is not ""verified""; model or SKU; original short and detailed description; applications; verified specifications; availability status; product photo (image.src); source URL",
33,14-4m-h-272m-doyin-7-5hp-ac-dc-hybrid-solar-borehole-pump-sy,draft,solar,solar-7,14.4m³/h 272m Doyin 7.5HP AC/DC Hybrid Solar Borehole Pump System Kit 4SF10-158-5500W AD,Doyin,4SF101585500W,,,"verificationStatus is not ""verified""; model or SKU; original short and detailed description; applications; verified specifications; availability status; product photo (image.src); source URL",
34,8-4m-h-412m-doyin-7-5hp-ac-dc-hybrid-solar-borehole-pump-sys,draft,solar,solar-7,8.4m³/h 412m Doyin 7.5HP AC/DC Hybrid Solar Borehole Pump System Kit 4SF5-300-5500W AD,Doyin,4SF53005500W,,,"verificationStatus is not ""verified""; model or SKU; original short and detailed description; applications; verified specifications; availability status; product photo (image.src); source URL",
35,8-4m-h-345m-doyin-5-5hp-ac-dc-hybrid-solar-borehole-pump-sys,draft,solar,solar-7,8.4m³/h 345m Doyin 5.5HP AC/DC Hybrid Solar Borehole Pump System Kit 4SF5-230-4000W AD,Doyin,4SF52304000W,,,"verificationStatus is not ""verified""; model or SKU; original short and detailed description; applications; verified specifications; availability status; product photo (image.src); source URL",
36 156,14-4m-h-400m-doyin-12-5hp-ac-dc-hybrid-solar-borehole-pump-s,draft,solar water,solar-7 water-3,14.4m³/h 400m Doyin 12.5HP AC/DC Hybrid Solar Borehole Pump System Kit 4SF10-234-9200W AD,Doyin,4SF102349200W,,,"verificationStatus is not ""verified""; model or SKU; original short and detailed description; applications; verified specifications; availability status; product photo (image.src); source URL",row 156 merged as a duplicate listing (AC DC Borehole Pumps)
37,300l-phoenix-pressurised-solar-water-heater-high-capacity-so,draft,solar,solar-8,300L Phoenix Pressurised Solar Water Heater – High-Capacity Solar Comfort,Phoenix,,,,"verificationStatus is not ""verified""; model or SKU; original short and detailed description; applications; verified specifications; availability status; product photo (image.src); source URL",
38,300l-megasun-solar-indirect-water-heater-system-complete-sol,draft,solar,solar-8,300L Megasun Solar Indirect Water Heater System – Complete Solar Hot Water Solution,Megasun,,,,"verificationStatus is not ""verified""; model or SKU; original short and detailed description; applications; verified specifications; availability status; product photo (image.src); source URL",
39,200l-megasun-solar-indirect-water-heater-system-complete-pre,draft,solar,solar-8,200L Megasun Solar Indirect Water Heater System – Complete Pressurized Solar Hot Water Solution,Megasun,,,,"verificationStatus is not ""verified""; model or SKU; original short and detailed description; applications; verified specifications; availability status; product photo (image.src); source URL",
40,200l-seven-stars-stainless-pressurized-solar-water-heater,draft,solar,solar-8,200L Seven Stars Stainless Pressurized Solar Water Heater,Seven Stars,,solar-heater,,"verificationStatus is not ""verified""; model or SKU; original short and detailed description; applications; verified specifications; availability status; product photo (image.src); source URL",
41,300l-chloride-solar-vtt-water-heater-30-vacuum-tubes-for-hig,draft,solar,solar-8,300L Chloride Solar VTT Water Heater – 30 Vacuum Tubes for High-Demand Solar Hot Water Systems,Chloride,,,,"verificationStatus is not ""verified""; model or SKU; original short and detailed description; applications; verified specifications; availability status; product photo (image.src); source URL",
42,felicity-wi-fi-plug-communication-module-dongle-iotf2401,draft,solar,solar-9,Felicity Wi-Fi Plug Communication Module Dongle – IOTF2401,Felicity,IOTF2401,,,"verificationStatus is not ""verified""; model or SKU; original short and detailed description; applications; verified specifications; availability status; product photo (image.src); source URL",
43,suntree-dc-isolating-switch-waterproof-bus-box,draft,solar,solar-9,Suntree Dc Isolating Switch Waterproof Bus Box,SUNTREE,,,,"verificationStatus is not ""verified""; model or SKU; original short and detailed description; applications; verified specifications; availability status; product photo (image.src); source URL",
44,4-pole-dc-breaker-dc-mcb-2p-20a-32a-63a-100vdc,draft,solar,solar-9,4 Pole Dc Breaker Dc MCB 2p 20a 32a 63a 100vdc,,,,,"verificationStatus is not ""verified""; brand; model or SKU; original short and detailed description; applications; verified specifications; availability status; product photo (image.src); source URL",
45,2-pole-dc-breaker-dc-mcb-2p-20a-32a-63a-550vd,draft,solar,solar-9,2 Pole Dc Breaker Dc MCB 2p 20a 32a 63a 550vd,,,,,"verificationStatus is not ""verified""; brand; model or SKU; original short and detailed description; applications; verified specifications; availability status; product photo (image.src); source URL",
46,goldenmax-parrallel-kit-parallel-card-string-inverter,draft,solar,solar-9,Goldenmax Parrallel Kit – Parallel Card-String Inverter,Goldenmax,,,,"verificationStatus is not ""verified""; model or SKU; original short and detailed description; applications; verified specifications; availability status; product photo (image.src); source URL",
47,75kw-3-phase-hober-solar-pumping-hybrid-inverter,draft,solar,solar-10,75kW 3-Phase Hober Solar Pumping Hybrid Inverter,Hober,,,,"verificationStatus is not ""verified""; model or SKU; original short and detailed description; applications; verified specifications; availability status; product photo (image.src); source URL",
48,110kw-3-phase-hober-solar-pumping-hybrid-inverter,draft,solar,solar-10,110kW 3-Phase Hober Solar Pumping Hybrid Inverter,Hober,,,,"verificationStatus is not ""verified""; model or SKU; original short and detailed description; applications; verified specifications; availability status; product photo (image.src); source URL",
49,11kw-ac-input-output-380v-3-phase-pv-800v-solar-pump-inverte,draft,solar,solar-10,11KW AC input output 380v 3 phase PV 800v(solar pump inverter)-SPC-11K0-H33,,SPC11K0H33,,,"verificationStatus is not ""verified""; brand; model or SKU; original short and detailed description; applications; verified specifications; availability status; product photo (image.src); source URL",
50,7-5kw-ac-input-output-380v-3-phase-pv-800v-solar-pump-invert,draft,solar,solar-10,7.5KW AC input output 380v 3 phase PV 800v(solar pump inverter)-SPC-7K5-H33,,SPC7K5H33,,,"verificationStatus is not ""verified""; brand; model or SKU; original short and detailed description; applications; verified specifications; availability status; product photo (image.src); source URL",
51,5-5kw-ac-input-output-380v-3-phase-pv-800v-solar-pump-invert,draft,solar,solar-10,5.5KW AC input output 380v 3 phase PV 800v(solar pump inverter)-SPC-5K5-H33,,SPC5K5H33,,,"verificationStatus is not ""verified""; brand; model or SKU; original short and detailed description; applications; verified specifications; availability status; product photo (image.src); source URL",
52,16hp-hisaki-water-pump-kit-with-rain-gun-suction-pipe,draft,agriculture,agriculture-1,16HP Hisaki Water Pump Kit with Rain Gun Suction Pipe,Hisaki,,,,"verificationStatus is not ""verified""; model or SKU; original short and detailed description; applications; verified specifications; availability status; product photo (image.src); source URL",
53,16hp-kato-germany-bonanza-water-pump-kit-with-rain-gun,draft,agriculture,agriculture-1,16HP Kato Germany Bonanza Water Pump Kit with Rain Gun,Kato Germany,,,,"verificationStatus is not ""verified""; model or SKU; original short and detailed description; applications; verified specifications; availability status; product photo (image.src); source URL",
54,16hp-astramilano-water-pump-kit-with-rain-gun-suction-pipe,draft,agriculture,agriculture-1,16HP Astramilano Water Pump Kit with Rain Gun Suction Pipe,Astramilano,,,,"verificationStatus is not ""verified""; model or SKU; original short and detailed description; applications; verified specifications; availability status; product photo (image.src); source URL",
55,irrigation-kit-15hp-pulsar-diesel-water-pump-with-pvc-pipes,draft,agriculture,agriculture-1,Irrigation Kit: 15HP Pulsar Diesel Water Pump with PVC Pipes and Rain Gun,Pulsar,,,,"verificationStatus is not ""verified""; model or SKU; original short and detailed description; applications; verified specifications; availability status; product photo (image.src); source URL",
56,16hp-aico-japan-water-pump-kit-with-rain-gun-suction-pipe,draft,agriculture,agriculture-1,16HP Aico Japan Water Pump Kit with Rain Gun Suction Pipe,Aico Japan,,,,"verificationStatus is not ""verified""; model or SKU; original short and detailed description; applications; verified specifications; availability status; product photo (image.src); source URL",
57,9hp-total-tdc13501d-diesel-walking-tractor-1350mm-tilling-sc,draft,agriculture,agriculture-2,"9HP TOTAL TDC13501D Diesel Walking Tractor – 1350mm Tilling Scope, Recoil & Electric Start",TOTAL,TDC13501D,,,"verificationStatus is not ""verified""; model or SKU; original short and detailed description; applications; verified specifications; availability status; product photo (image.src); source URL",
58,10hp-power-tiller-air-cooled-diesel-engine-walking-tractor-t,draft,agriculture,agriculture-2,10HP Power Tiller Air Cooled Diesel Engine Walking Tractor Toller,Toller,,,,"verificationStatus is not ""verified""; model or SKU; original short and detailed description; applications; verified specifications; availability status; product photo (image.src); source URL",
59,9hp-benford-uk-key-start-diesel-tiller-with-accessories-walk,draft,agriculture,agriculture-2,9HP Benford UK Key Start Diesel Tiller with Accessories – Walking Tractor,Benford UK,,,,"verificationStatus is not ""verified""; model or SKU; original short and detailed description; applications; verified specifications; availability status; product photo (image.src); source URL",
60,13hp-benford-uk-key-start-diesel-tiller-walking-tractor,draft,agriculture,agriculture-2,13HP Benford UK Key Start Diesel Tiller – Walking Tractor,Benford UK,,,,"verificationStatus is not ""verified""; model or SKU; original short and detailed description; applications; verified specifications; availability status; product photo (image.src); source URL",
62,50kg-bee-keeping-settling-tank-with-double-sieve,draft,agriculture,agriculture-3,50kg Bee Keeping Settling Tank With Double Sieve,,,,,"verificationStatus is not ""verified""; brand; model or SKU; original short and detailed description; applications; verified specifications; availability status; product photo (image.src); source URL",
63,30kg-bee-keeping-settling-tank-with-double-sieve,draft,agriculture,agriculture-3,30kg Bee Keeping Settling Tank With Double Sieve,,,,,"verificationStatus is not ""verified""; brand; model or SKU; original short and detailed description; applications; verified specifications; availability status; product photo (image.src); source URL",
64,bee-keeping-silicone-beeswax-foundation-sheet-mold,draft,agriculture,agriculture-3,Bee Keeping Silicone Beeswax Foundation Sheet Mold,,,,,"verificationStatus is not ""verified""; brand; model or SKU; original short and detailed description; applications; verified specifications; availability status; product photo (image.src); source URL",
65,honey-refractometer-for-bee-keeping-honey-moisture,draft,agriculture,agriculture-3,Honey Refractometer for Bee Keeping Honey Moisture,,,,,"verificationStatus is not ""verified""; brand; model or SKU; original short and detailed description; applications; verified specifications; availability status; product photo (image.src); source URL",
66,stainless-bee-keeping-steel-smoker-european-style,draft,agriculture,agriculture-3,Stainless Bee Keeping Steel Smoker European Style,,,,,"verificationStatus is not ""verified""; brand; model or SKU; original short and detailed description; applications; verified specifications; availability status; product photo (image.src); source URL",
67,204-eggs-kukumom-imported-egg-digital-incubator-80w-ac-dc-fu,draft,agriculture,agriculture-4,204 Eggs Kukumom Imported Egg Digital Incubator – 80w AC/DC Fully Automatic,Kukumom,,,,"verificationStatus is not ""verified""; model or SKU; original short and detailed description; applications; verified specifications; availability status; product photo (image.src); source URL",
68,128-eggs-kukumom-imported-egg-digital-incubator-80w-ac-dc-fu,draft,agriculture,agriculture-4,128 Eggs Kukumom Imported Egg Digital Incubator – 80w AC/DC Fully Automatic,Kukumom,,,,"verificationStatus is not ""verified""; model or SKU; original short and detailed description; applications; verified specifications; availability status; product photo (image.src); source URL",
69,256-eggs-kukumom-imported-egg-digital-incubator-80w-ac-dc-fu,draft,agriculture,agriculture-4,256 Eggs Kukumom Imported Egg Digital Incubator – 80w AC/DC Fully Automatic,Kukumom,,,,"verificationStatus is not ""verified""; model or SKU; original short and detailed description; applications; verified specifications; availability status; product photo (image.src); source URL",
70,102-eggs-kukumom-imported-egg-digital-incubator-80w-ac-dc-fu,draft,agriculture,agriculture-4,102 Eggs Kukumom Imported Egg Digital Incubator – 80w AC/DC Fully Automatic,Kukumom,,,,"verificationStatus is not ""verified""; model or SKU; original short and detailed description; applications; verified specifications; availability status; product photo (image.src); source URL",
71,320-eggs-faida-bora-digital-incubator-fully-automatic,draft,agriculture,agriculture-4,320 Eggs Faida Bora Digital Incubator – Fully Automatic,Faida Bora,,,,"verificationStatus is not ""verified""; model or SKU; original short and detailed description; applications; verified specifications; availability status; product photo (image.src); source URL",
72,premier-pm33-commercial-maize-mill-450kg-h-output-dual-frame,draft,agriculture,agriculture-5,"Premier PM33 Commercial Maize Mill – 450kg/h Output, Dual Frame, Multi-Power Ready",Premier,PM33,,,"verificationStatus is not ""verified""; model or SKU; original short and detailed description; applications; verified specifications; availability status; product photo (image.src); source URL",
73,premier-maize-mill-with-belt-pulley-heavy-duty-grain-grindin,draft,agriculture,agriculture-5,Premier Maize Mill with Belt & Pulley – Heavy-Duty Grain Grinding Machine,Premier,,,,"verificationStatus is not ""verified""; model or SKU; original short and detailed description; applications; verified specifications; availability status; product photo (image.src); source URL",
74,7-5hp-imported-f33-posho-mill-single-phase-high-speed-combo,draft,agriculture,agriculture-5,7.5HP Imported F33 Posho Mill – Single Phase High Speed Combo Package,,,,,"verificationStatus is not ""verified""; brand; model or SKU; original short and detailed description; applications; verified specifications; availability status; product photo (image.src); source URL",
75,7-5hp-gam-22-posho-mill-single-phase-high-speed-with-starter,draft,agriculture,agriculture-5,7.5HP GAM 22 Posho Mill Single Phase High Speed with Starter Pulley and Belt,,,,,"verificationStatus is not ""verified""; brand; model or SKU; original short and detailed description; applications; verified specifications; availability status; product photo (image.src); source URL",
76,3hp-stcl-posho-mill-pm3000-500-700kg-hr,draft,agriculture,agriculture-5,"3HP STCL Posho Mill – PM3000, 500–700kg/hr",,PM3000,,,"verificationStatus is not ""verified""; brand; model or SKU; original short and detailed description; applications; verified specifications; availability status; product photo (image.src); source URL",
77,3-premier-heavy-duty-suction-pipe-30m-roll-tough-flow-master,draft,agriculture,agriculture-6,3″ Premier Heavy-Duty Suction Pipe – 30m Roll | Tough Flow Master,Premier,,,,"verificationStatus is not ""verified""; model or SKU; original short and detailed description; applications; verified specifications; availability status; product photo (image.src); source URL",
78,2-premier-suction-pipe-30m-heavy-duty-roll-durable-water-tra,draft,agriculture,agriculture-6,2″ Premier Suction Pipe – 30m Heavy-Duty Roll | Durable Water Transfer Solution,Premier,,,,"verificationStatus is not ""verified""; model or SKU; original short and detailed description; applications; verified specifications; availability status; product photo (image.src); source URL",
79,50-metre-pv-chose-high-pressure-pipe-durable-heavy-duty-wate,draft,agriculture,agriculture-6,50 Metre PV Chose High Pressure Pipe – Durable Heavy-Duty Water Hose,,,,,"verificationStatus is not ""verified""; brand; model or SKU; original short and detailed description; applications; verified specifications; availability status; product photo (image.src); source URL",
80,4-30m-suction-hose-pipe-green-heavy-duty,draft,agriculture,agriculture-6,4″ 30m Suction Hose Pipe – Green Heavy Duty,,,,,"verificationStatus is not ""verified""; brand; model or SKU; original short and detailed description; applications; verified specifications; availability status; product photo (image.src); source URL",
81,1-5-30m-suction-hose-pipe-green-heavy-duty,draft,agriculture,agriculture-6,1.5″ 30m Suction Hose Pipe – Green Heavy Duty,,,,,"verificationStatus is not ""verified""; brand; model or SKU; original short and detailed description; applications; verified specifications; availability status; product photo (image.src); source URL",
82,15hp-twin-cylinder-diesel-engine-heavy-duty-industrial-power,draft,agriculture,agriculture-7,15HP Twin Cylinder Diesel Engine – Heavy Duty Industrial Power Unit,,,,,"verificationStatus is not ""verified""; brand; model or SKU; original short and detailed description; applications; verified specifications; availability status; product photo (image.src); source URL",
83,10hp-water-cooled-diesel-engine-with-radiator-heavy-duty-ind,draft,agriculture,agriculture-7,10HP Water Cooled Diesel Engine with Radiator – Heavy Duty Industrial Power Engine,,,,,"verificationStatus is not ""verified""; brand; model or SKU; original short and detailed description; applications; verified specifications; availability status; product photo (image.src); source URL",
84,7-5hp-jd-jintan-r175a-water-cooled-diesel-engine-single-cyli,draft,agriculture,agriculture-7,"7.5HP JD JINTAN R175A Water-Cooled Diesel Engine – Single Cylinder, Agricultural Power Unit",,R175A,,,"verificationStatus is not ""verified""; brand; model or SKU; original short and detailed description; applications; verified specifications; availability status; product photo (image.src); source URL",
85,7-5hp-jd-jiadi-jd175a-diesel-engine-compact-machinery-power,draft,agriculture,agriculture-7,7.5HP JD JIADI JD175A Diesel Engine – Compact Machinery Power,JD JIADI,JD175A,,,"verificationStatus is not ""verified""; model or SKU; original short and detailed description; applications; verified specifications; availability status; product photo (image.src); source URL",
86,10hp-jd-jiadi-jd180a-diesel-engine-farm-water-pump-power,draft,agriculture,agriculture-7,10HP JD JIADI JD180A Diesel Engine – Farm & Water Pump Power,JD JIADI,JD180A,,,"verificationStatus is not ""verified""; model or SKU; original short and detailed description; applications; verified specifications; availability status; product photo (image.src); source URL",
87,25l-ac767-2-aico-japan-petrol-knapsack-sprayer-2-stroke,draft,agriculture,agriculture-8,25L AC767-2 Aico Japan Petrol Knapsack Sprayer – 2-Stroke,Aico Japan,AC7672,,,"verificationStatus is not ""verified""; model or SKU; original short and detailed description; applications; verified specifications; availability status; product photo (image.src); source URL",
88,25l-ac767-4-aico-japan-petrol-knapsack-sprayer-4-stroke,draft,agriculture,agriculture-8,25L AC767-4 Aico Japan Petrol Knapsack Sprayer – 4-Stroke,Aico Japan,AC7674,,,"verificationStatus is not ""verified""; model or SKU; original short and detailed description; applications; verified specifications; availability status; product photo (image.src); source URL",
89,25l-ml767-4-milano-italia-petrol-knapsack-sprayer-4-stroke,draft,agriculture,agriculture-8,25L ML767-4 Milano Italia Petrol Knapsack Sprayer – 4-Stroke,,ML7674,,,"verificationStatus is not ""verified""; brand; model or SKU; original short and detailed description; applications; verified specifications; availability status; product photo (image.src); source URL",
90,25l-kt767-4-kato-germany-petrol-knapsack-sprayer-4-stroke,draft,agriculture,agriculture-8,25L KT767-4 Kato Germany Petrol Knapsack Sprayer – 4-Stroke,Kato Germany,KT7674,,,"verificationStatus is not ""verified""; model or SKU; original short and detailed description; applications; verified specifications; availability status; product photo (image.src); source URL",
91,30m-lusqi-xjj3wz-30-agricultural-sprayer-dual-spray-guns-hea,draft,agriculture,agriculture-8,"30m Lusqi XJJ3WZ-30 Agricultural Sprayer – Dual Spray Guns, Heavy-Duty Hose",,XJJ3WZ30,,,"verificationStatus is not ""verified""; brand; model or SKU; original short and detailed description; applications; verified specifications; availability status; product photo (image.src); source URL",
92,7-5hp-pulser-miac7-5-diesel-engine-1500rpm-87-5mm-bore-air-c,draft,agriculture,agriculture-9,"7.5HP Pulser MIAC7.5 Diesel Engine – 1500RPM, 87.5mm Bore, Air-Cooled",,MIAC75,,,"verificationStatus is not ""verified""; brand; model or SKU; original short and detailed description; applications; verified specifications; availability status; product photo (image.src); source URL","diesel engine listed under the former ""Agriculture & Irrigation"" subcategory (now Farm Irrigation Equipment); Agricultural Diesel Engines (agriculture-7) may fit better"
93,24hp-jintan-diesel-engine-water-cooled-model-zs1115wpjt-turb,draft,agriculture,agriculture-9,24Hp Jintan Diesel Engine – Water Cooled Model ZS1115WPJT Turbo Powerhouse,,ZS1115WPJT,,,"verificationStatus is not ""verified""; brand; model or SKU; original short and detailed description; applications; verified specifications; availability status; product photo (image.src); source URL","diesel engine listed under the former ""Agriculture & Irrigation"" subcategory (now Farm Irrigation Equipment); Agricultural Diesel Engines (agriculture-7) may fit better"
94,30hp-jd-jintan-zs1130wpjp-diesel-engine-water-cooled-single,draft,agriculture,agriculture-9,"30HP JD JINTAN ZS1130WPJP Diesel Engine – Water Cooled, Single Cylinder, Heavy-Duty Industrial Power Unit",,ZS1130WPJP,,,"verificationStatus is not ""verified""; brand; model or SKU; original short and detailed description; applications; verified specifications; availability status; product photo (image.src); source URL","diesel engine listed under the former ""Agriculture & Irrigation"" subcategory (now Farm Irrigation Equipment); Agricultural Diesel Engines (agriculture-7) may fit better"
95,20hp-jd-jintan-zs1110wpjt-diesel-engine-water-cooled-single,draft,agriculture,agriculture-9,"20HP JD JINTAN ZS1110WPJT Diesel Engine – Water Cooled, Single Cylinder, Heavy-Duty Industrial Power Unit",,ZS1110WPJT,,,"verificationStatus is not ""verified""; brand; model or SKU; original short and detailed description; applications; verified specifications; availability status; product photo (image.src); source URL","diesel engine listed under the former ""Agriculture & Irrigation"" subcategory (now Farm Irrigation Equipment); Agricultural Diesel Engines (agriculture-7) may fit better"
96,16hp-jd-jintan-zs1100wp-diesel-engine-water-cooled-single-cy,draft,agriculture,agriculture-9,"16HP JD JINTAN ZS1100WP Diesel Engine – Water Cooled, Single Cylinder, Heavy-Duty Industrial Power Unit",,ZS1100WP,,,"verificationStatus is not ""verified""; brand; model or SKU; original short and detailed description; applications; verified specifications; availability status; product photo (image.src); source URL","diesel engine listed under the former ""Agriculture & Irrigation"" subcategory (now Farm Irrigation Equipment); Agricultural Diesel Engines (agriculture-7) may fit better"
97,25-mm-cable-connect-5-core-flex-cable-heavy-duty-industrial,draft,electrical,electrical-1,25 mm Cable Connect 5 Core Flex Cable – Heavy-Duty Industrial Power (Per Meter),Cable Connect,,,,"verificationStatus is not ""verified""; model or SKU; original short and detailed description; applications; verified specifications; availability status; product photo (image.src); source URL",
98,16-mm-cable-connect-5-core-flex-cable-heavy-duty-industrial,draft,electrical,electrical-1,16 mm Cable Connect 5 Core Flex Cable – Heavy-Duty Industrial Power (Per Meter),Cable Connect,,,,"verificationStatus is not ""verified""; model or SKU; original short and detailed description; applications; verified specifications; availability status; product photo (image.src); source URL",
99,10-mm-cable-connect-5-core-flex-cable-industrial-power-contr,draft,electrical,electrical-1,10 mm Cable Connect 5 Core Flex Cable – Industrial Power & Control (Per Meter),Cable Connect,,,,"verificationStatus is not ""verified""; model or SKU; original short and detailed description; applications; verified specifications; availability status; product photo (image.src); source URL",
100,6-mm-cable-connect-5-core-flex-cable-industrial-control-powe,draft,electrical,electrical-1,6 mm Cable Connect 5 Core Flex Cable – Industrial Control & Power (Per Meter),Cable Connect,,,,"verificationStatus is not ""verified""; model or SKU; original short and detailed description; applications; verified specifications; availability status; product photo (image.src); source URL",
101,4-mm-cable-connect-5-core-flex-cable-heavy-duty-control-powe,draft,electrical,electrical-1,4 mm Cable Connect 5 Core Flex Cable – Heavy-Duty Control & Power (Per Meter),Cable Connect,,,,"verificationStatus is not ""verified""; model or SKU; original short and detailed description; applications; verified specifications; availability status; product photo (image.src); source URL",
102,63a-3p-katko-changeover-switch,draft,electrical,electrical-3,63A 3P Katko Changeover Switch,Katko,,,,"verificationStatus is not ""verified""; model or SKU; original short and detailed description; applications; verified specifications; availability status; product photo (image.src); source URL",
103,40a-3p-katko-changeover-switch,draft,electrical,electrical-3,40A 3P Katko Changeover Switch,Katko,,,,"verificationStatus is not ""verified""; model or SKU; original short and detailed description; applications; verified specifications; availability status; product photo (image.src); source URL",
104,32a-3p-katko-changeover-switch,draft,electrical,electrical-3,32A 3P Katko Changeover Switch,Katko,,,,"verificationStatus is not ""verified""; model or SKU; original short and detailed description; applications; verified specifications; availability status; product photo (image.src); source URL",
105,100a-4p-kripal-changeover,draft,electrical,electrical-3,100A 4P Kripal Changeover,Kripal,,,,"verificationStatus is not ""verified""; model or SKU; original short and detailed description; applications; verified specifications; availability status; product photo (image.src); source URL",
106,63a-4p-kripal-changeover-switch,draft,electrical,electrical-3,63A 4P Kripal Changeover Switch,Kripal,,,,"verificationStatus is not ""verified""; model or SKU; original short and detailed description; applications; verified specifications; availability status; product photo (image.src); source URL",
107,4-0mm-single-core-cable-west-per-meter,draft,electrical,electrical-4,4.0mm Single Core Cable – West (Per Meter),West,,,,"verificationStatus is not ""verified""; model or SKU; original short and detailed description; applications; verified specifications; availability status; product photo (image.src); source URL",
108,6-0mm-single-core-cable-west-per-meter,draft,electrical,electrical-4,6.0mm Single Core Cable – West (Per Meter),West,,,,"verificationStatus is not ""verified""; model or SKU; original short and detailed description; applications; verified specifications; availability status; product photo (image.src); source URL",
109,6-0mm-single-core-cable-west-per-roll,draft,electrical,electrical-4,6.0mm Single Core Cable – West (Per Roll),West,,,,"verificationStatus is not ""verified""; model or SKU; original short and detailed description; applications; verified specifications; availability status; product photo (image.src); source URL",
110,10-0mm-single-core-cable-west-per-roll,draft,electrical,electrical-4,10.0mm Single Core Cable – West (Per Roll),West,,,,"verificationStatus is not ""verified""; model or SKU; original short and detailed description; applications; verified specifications; availability status; product photo (image.src); source URL",
111,16-0mm-single-core-cable-west-per-meter,draft,electrical,electrical-4,16.0mm Single Core Cable – West (Per Meter),West,,,,"verificationStatus is not ""verified""; model or SKU; original short and detailed description; applications; verified specifications; availability status; product photo (image.src); source URL",
112,50m-2-5mm-powermate-cable-extension-reel-fused-100-copper,draft,electrical,electrical-5,50m 2.5mm Powermate Cable Extension Reel Fused 100% Copper,Powermate,,,,"verificationStatus is not ""verified""; model or SKU; original short and detailed description; applications; verified specifications; availability status; product photo (image.src); source URL",
113,50m-stanley-1-5mm-4-socket-cable-reel,draft,electrical,electrical-5,50m Stanley 1.5mm² 4-Socket Cable Reel,Stanley,,,,"verificationStatus is not ""verified""; model or SKU; original short and detailed description; applications; verified specifications; availability status; product photo (image.src); source URL",
114,25m-stanley-1-25mm-4-socket-extension-cable-reel,draft,electrical,electrical-5,25m Stanley 1.25mm² 4-Socket Extension Cable Reel,Stanley,,,,"verificationStatus is not ""verified""; model or SKU; original short and detailed description; applications; verified specifications; availability status; product photo (image.src); source URL",
115,rolson-socket-cable-reel-4-way-50m-1-25mm,draft,electrical,electrical-5,Rolson Socket Cable Reel 4-Way 50m 1.25mm²,Rolson,,,,"verificationStatus is not ""verified""; model or SKU; original short and detailed description; applications; verified specifications; availability status; product photo (image.src); source URL",
116,50m-stanley-fatmax-1-25mm-4-socket-aluminium-extension-cable,draft,electrical,electrical-5,50m Stanley FatMax 1.25mm² 4-Socket Aluminium Extension Cable Reel,Stanley,,,,"verificationStatus is not ""verified""; model or SKU; original short and detailed description; applications; verified specifications; availability status; product photo (image.src); source URL",
117,100-kva-three-phase-stabilizer-vertical-type-sbw-f-z-by-abco,draft,electrical,electrical-6,100 Kva Three Phase Stabilizer – Vertical Type SBW-F-Z by Abcos,Abcos,,,,"verificationStatus is not ""verified""; model or SKU; original short and detailed description; applications; verified specifications; availability status; product photo (image.src); source URL",
118,200-kva-three-phase-stabilizer-vertical-type-sbw-f-z-by-abco,draft,electrical,electrical-6,200 Kva Three Phase Stabilizer – Vertical Type SBW-F-Z by Abcos,Abcos,,,,"verificationStatus is not ""verified""; model or SKU; original short and detailed description; applications; verified specifications; availability status; product photo (image.src); source URL",
119,1000-kva-three-phase-stabilizer-tns-z-abcos-automatic-voltag,draft,electrical,electrical-6,1000 Kva Three Phase Stabilizer – TNS-Z Abcos – Automatic Voltage Stabilizer,Abcos,,,,"verificationStatus is not ""verified""; model or SKU; original short and detailed description; applications; verified specifications; availability status; product photo (image.src); source URL",
120,50-kva-three-phase-stabilizer-tns-z-abcos-automatic-voltage,draft,electrical,electrical-6,50 Kva Three Phase Stabilizer – TNS-Z Abcos – Automatic Voltage Stabilizer,Abcos,,,,"verificationStatus is not ""verified""; model or SKU; original short and detailed description; applications; verified specifications; availability status; product photo (image.src); source URL",
121,30-kva-three-phase-stabilizer-tns-z-abcos-automatic-voltage,draft,electrical,electrical-6,30 Kva Three Phase Stabilizer – TNS-Z Abcos – Automatic Voltage Stabilizer,Abcos,,,,"verificationStatus is not ""verified""; model or SKU; original short and detailed description; applications; verified specifications; availability status; product photo (image.src); source URL",
122,panel-box-1000-800-300-chint,draft,electrical,electrical-7,Panel Box 1000×800×300 – Chint,Chint,,,,"verificationStatus is not ""verified""; model or SKU; original short and detailed description; applications; verified specifications; availability status; product photo (image.src); source URL",
123,panel-box-800-600-250-chint,draft,electrical,electrical-7,Panel Box 800×600×250 – Chint,Chint,,,,"verificationStatus is not ""verified""; model or SKU; original short and detailed description; applications; verified specifications; availability status; product photo (image.src); source URL",
124,panel-box-600-400-200-chint,draft,electrical,electrical-7,Panel Box 600×400×200 – Chint,Chint,,,,"verificationStatus is not ""verified""; model or SKU; original short and detailed description; applications; verified specifications; availability status; product photo (image.src); source URL",
125,panel-box-500-400-200-chint,draft,electrical,electrical-7,Panel Box 500×400×200 – Chint,Chint,,,,"verificationStatus is not ""verified""; model or SKU; original short and detailed description; applications; verified specifications; availability status; product photo (image.src); source URL",
126,panel-box-400-300-200-chint,draft,electrical,electrical-7,Panel Box 400×300×200 – Chint,Chint,,,,"verificationStatus is not ""verified""; model or SKU; original short and detailed description; applications; verified specifications; availability status; product photo (image.src); source URL",
127,500v-suntree-series-surge-protector-sup2h-pv,draft,electrical,electrical-8,500V Suntree Series Surge Protector SUP2H-PV,SUNTREE,SUP2HPV,,,"verificationStatus is not ""verified""; model or SKU; original short and detailed description; applications; verified specifications; availability status; product photo (image.src); source URL",
128,felicity-fspd2250-lightning-protection-module,draft,electrical,electrical-8,Felicity FSPD2250 Lightning Protection Module,Felicity,FSPD2250,,,"verificationStatus is not ""verified""; model or SKU; original short and detailed description; applications; verified specifications; availability status; product photo (image.src); source URL",
132,10mm-west-twin-with-earth-local-cable-per-100m-roll,draft,electrical,electrical-9,10mm West Twin With Earth Local Cable – Per 100m Roll,West,,,,"verificationStatus is not ""verified""; model or SKU; original short and detailed description; applications; verified specifications; availability status; product photo (image.src); source URL",
133,4-0mm-powermate-3-core-cable-twin-with-earth-90m-roll,draft,electrical,electrical-9,4.0mm Powermate 3-Core Cable Twin with Earth 90m Roll,Powermate,,,,"verificationStatus is not ""verified""; model or SKU; original short and detailed description; applications; verified specifications; availability status; product photo (image.src); source URL",
134,1-5mm-powermate-twe-cable-90m-twin-with-earth,draft,electrical,electrical-9,1.5mm Powermate TWE Cable 90m – Twin With Earth,Powermate,,,,"verificationStatus is not ""verified""; model or SKU; original short and detailed description; applications; verified specifications; availability status; product photo (image.src); source URL",
135,1-0mm-twin-with-earth-cable-west-per-roll,draft,electrical,electrical-9,1.0mm Twin with Earth Cable – West (Per Roll),West,,,,"verificationStatus is not ""verified""; model or SKU; original short and detailed description; applications; verified specifications; availability status; product photo (image.src); source URL",
136,1-0mm-twin-with-earth-cable-west-per-meter,draft,electrical,electrical-9,1.0mm Twin with Earth Cable – West (Per Meter),West,,,,"verificationStatus is not ""verified""; model or SKU; original short and detailed description; applications; verified specifications; availability status; product photo (image.src); source URL",
137,12-way-distribution-board-europlus,draft,electrical,electrical-10,12 Way Distribution Board – Europlus,Europlus,,,,"verificationStatus is not ""verified""; model or SKU; original short and detailed description; applications; verified specifications; availability status; product photo (image.src); source URL",
138,8-way-distribution-board-europlus,draft,electrical,electrical-10,8 Way Distribution Board – Europlus,Europlus,,distribution-board,,"verificationStatus is not ""verified""; model or SKU; original short and detailed description; applications; verified specifications; availability status; product photo (image.src); source URL",
139,6-way-distribution-board-europlus,draft,electrical,electrical-10,6 Way Distribution Board – Europlus,Europlus,,,,"verificationStatus is not ""verified""; model or SKU; original short and detailed description; applications; verified specifications; availability status; product photo (image.src); source URL",
140,4-way-distribution-board-europlus,draft,electrical,electrical-10,4 Way Distribution Board – Europlus,Europlus,,,,"verificationStatus is not ""verified""; model or SKU; original short and detailed description; applications; verified specifications; availability status; product photo (image.src); source URL",
141,8-way-distribution-board-havells,draft,electrical,electrical-10,8 Way Distribution Board – Havells,Havells,,distribution-board,,"verificationStatus is not ""verified""; model or SKU; original short and detailed description; applications; verified specifications; availability status; product photo (image.src); source URL",
142,0-75kw-7-5m-h-33m-doyin-qdx1-5-32-0-75-1hp-well-water-pump,draft,water,water-1,0.75kW 7.5m³/h 33m Doyin QDX1.5-32-0.75 1HP Well Water Pump,Doyin,QDX1532075,,,"verificationStatus is not ""verified""; model or SKU; original short and detailed description; applications; verified specifications; availability status; product photo (image.src); source URL",
143,2-2kw-5-0m-h-235m-doyin-4sds5-2200w-2200w-3-00hp-5000l-h-ord,draft,water,water-1,2.2kW 5.0m³/h 235m Doyin 4SDS5-2200W 2200W 3.00HP 5000L/h Ordinary Impeller Borehole Submersible Water DC Pump,Doyin,4SDS52200W,,,"verificationStatus is not ""verified""; model or SKU; original short and detailed description; applications; verified specifications; availability status; product photo (image.src); source URL",
144,3kw-5-0m-h-285m-doyin-4sds5-3000w-3000w-4-00hp-5000l-h-ordin,draft,water,water-1,3kW 5.0m³/h 285m Doyin 4SDS5-3000W 3000W 4.00HP 5000L/h Ordinary Impeller Borehole Submersible Water DC Pump,Doyin,4SDS53000W,,,"verificationStatus is not ""verified""; model or SKU; original short and detailed description; applications; verified specifications; availability status; product photo (image.src); source URL",
145,0-60kw-5-0m-h-55m-doyin-4sds5-600w-600w-0-75hp-5000l-h-ordin,draft,water,water-1,0.60kW 5.0m³/h 55m Doyin 4SDS5-600W 600W 0.75HP 5000L/h Ordinary Impeller Borehole Submersible Water DC Pump,Doyin,4SDS5600W,,,"verificationStatus is not ""verified""; model or SKU; original short and detailed description; applications; verified specifications; availability status; product photo (image.src); source URL",
146,0-8kw-5-0m-h-80m-doyin-4sds5-800w-800w-1-00hp-5000l-h-ordina,draft,water,water-1,0.8kW 5.0m³/h 80m Doyin 4SDS5-800W 800W 1.00HP 5000L/h Ordinary Impeller Borehole Submersible Water DC Pump,Doyin,4SDS5800W,,,"verificationStatus is not ""verified""; model or SKU; original short and detailed description; applications; verified specifications; availability status; product photo (image.src); source URL",
147,10m-h-105m-doyin-2hp-ac-dc-hybrid-solar-borehole-pump-system,draft,solar,solar-7,10m³/h 105m Doyin 2HP AC/DC Hybrid Solar Borehole Pump System Kit 4SDS10-1500W AD,Doyin,4SDS101500W,,,"verificationStatus is not ""verified""; model or SKU; original short and detailed description; applications; verified specifications; availability status; product photo (image.src); source URL","listed under ""Solar DC Borehole Pumps"" in the sheet; that subcategory was merged into Solar DC Borehole Pumps (solar-7); sheet category ""Borehole & Water Solutions"" kept as context only"
148,10m-h-155m-doyin-3hp-ac-dc-hybrid-solar-borehole-pump-system,draft,solar,solar-7,10m³/h 155m Doyin 3HP AC/DC Hybrid Solar Borehole Pump System Kit 4SDS10-2200W AD,Doyin,4SDS102200W,,,"verificationStatus is not ""verified""; model or SKU; original short and detailed description; applications; verified specifications; availability status; product photo (image.src); source URL","listed under ""Solar DC Borehole Pumps"" in the sheet; that subcategory was merged into Solar DC Borehole Pumps (solar-7); sheet category ""Borehole & Water Solutions"" kept as context only"
149,10m-h-190m-doyin-4hp-ac-dc-hybrid-solar-borehole-pump-system,draft,solar,solar-7,10m³/h 190m Doyin 4HP AC/DC Hybrid Solar Borehole Pump System Kit 4SDS10-3000W AD,Doyin,4SDS103000W,,,"verificationStatus is not ""verified""; model or SKU; original short and detailed description; applications; verified specifications; availability status; product photo (image.src); source URL","listed under ""Solar DC Borehole Pumps"" in the sheet; that subcategory was merged into Solar DC Borehole Pumps (solar-7); sheet category ""Borehole & Water Solutions"" kept as context only"
150,7m-h-165m-doyin-2hp-ac-dc-hybrid-solar-borehole-pump-system,draft,solar,solar-7,7m³/h 165m Doyin 2HP AC/DC Hybrid Solar Borehole Pump System Kit 4SPS7-1500W AD,Doyin,4SPS71500W,,,"verificationStatus is not ""verified""; model or SKU; original short and detailed description; applications; verified specifications; availability status; product photo (image.src); source URL","listed under ""Solar DC Borehole Pumps"" in the sheet; that subcategory was merged into Solar DC Borehole Pumps (solar-7); sheet category ""Borehole & Water Solutions"" kept as context only"
151,7m-h-225m-doyin-3hp-ac-dc-hybrid-solar-borehole-pump-system,draft,solar,solar-7,7m³/h 225m Doyin 3HP AC/DC Hybrid Solar Borehole Pump System Kit 4SPS7-2200W AD,Doyin,4SPS72200W,,,"verificationStatus is not ""verified""; model or SKU; original short and detailed description; applications; verified specifications; availability status; product photo (image.src); source URL","listed under ""Solar DC Borehole Pumps"" in the sheet; that subcategory was merged into Solar DC Borehole Pumps (solar-7); sheet category ""Borehole & Water Solutions"" kept as context only"
152,5500w-369m-cevada-italy-3-phase-ac-dc-borehole-pump-2-extrem,draft,water,water-3,5500W 369m Cevada Italy 3-Phase AC/DC Borehole Pump – 2″ Extreme High-Lift Pump,Cevada,,,,"verificationStatus is not ""verified""; model or SKU; original short and detailed description; applications; verified specifications; availability status; product photo (image.src); source URL",
153,3000w-225m-cevada-italy-ac-dc-borehole-pump-2-ultra-high-lif,draft,water,water-3,3000W 225m Cevada Italy AC/DC Borehole Pump – 2″ Ultra-High-Lift Water Pump,Cevada,,,,"verificationStatus is not ""verified""; model or SKU; original short and detailed description; applications; verified specifications; availability status; product photo (image.src); source URL",
154,2200w-185m-cevada-italy-ac-dc-borehole-pump-2-high-lift-wate,draft,water,water-3,2200W 185m Cevada Italy AC/DC Borehole Pump – 2″ High-Lift Water Pump,Cevada,,,,"verificationStatus is not ""verified""; model or SKU; original short and detailed description; applications; verified specifications; availability status; product photo (image.src); source URL",
155,1500w-136m-cevada-italy-ac-dc-borehole-pump-2-high-flow-outl,draft,water,water-3,1500W 136m Cevada Italy AC/DC Borehole Pump – 2″ High-Flow Outlet,Cevada,,,,"verificationStatus is not ""verified""; model or SKU; original short and detailed description; applications; verified specifications; availability status; product photo (image.src); source URL",
157,16-mm-3-core-submersible-cable-east-african-per-meter,draft,water,water-4,16 mm 3 Core Submersible Cable – East African (Per Meter),East African,,,,"verificationStatus is not ""verified""; model or SKU; original short and detailed description; applications; verified specifications; availability status; product photo (image.src); source URL",
158,25-mm-4-core-submersible-cable-east-african-per-meter,draft,water,water-4,25 mm 4 Core Submersible Cable – East African (Per Meter),East African,,,,"verificationStatus is not ""verified""; model or SKU; original short and detailed description; applications; verified specifications; availability status; product photo (image.src); source URL",
159,25-mm-3-core-submersible-cable-east-african-per-meter,draft,water,water-4,25 mm 3 Core Submersible Cable – East African (Per Meter),East African,,,,"verificationStatus is not ""verified""; model or SKU; original short and detailed description; applications; verified specifications; availability status; product photo (image.src); source URL",
160,16-mm-4-core-submersible-cable-east-african-per-meter,draft,water,water-4,16 mm 4 Core Submersible Cable – East African (Per Meter),East African,,,,"verificationStatus is not ""verified""; model or SKU; original short and detailed description; applications; verified specifications; availability status; product photo (image.src); source URL",
161,6-mm-3-core-submersible-cable-east-african-per-meter,draft,water,water-4,6 mm 3 Core Submersible Cable – East African (Per Meter),East African,,,,"verificationStatus is not ""verified""; model or SKU; original short and detailed description; applications; verified specifications; availability status; product photo (image.src); source URL",
162,toller-automatic-pump-control-automatic-water-pump-pressure,draft,water,water-5,Toller Automatic Pump Control – Automatic Water Pump Pressure Controller,Toller,,,,"verificationStatus is not ""verified""; model or SKU; original short and detailed description; applications; verified specifications; availability status; product photo (image.src); source URL",
163,wokin-791015-automatic-pump-control-switch,draft,water,water-5,Wokin 791015 Automatic Pump Control Switch,Wokin,791015,pump-control,,"verificationStatus is not ""verified""; model or SKU; original short and detailed description; applications; verified specifications; availability status; product photo (image.src); source URL",
164,doyin-automatic-pump-control-pump-protection,draft,water,water-5,Doyin Automatic Pump Control – Pump Protection,Doyin,,pump-control,,"verificationStatus is not ""verified""; model or SKU; original short and detailed description; applications; verified specifications; availability status; product photo (image.src); source URL",
165,total-automatic-pump-control-twps101,draft,water,water-5,TOTAL Automatic Pump Control TWPS101,TOTAL,TWPS101,pump-control,,"verificationStatus is not ""verified""; model or SKU; original short and detailed description; applications; verified specifications; availability status; product photo (image.src); source URL",
167,2hp-lenhard-submersible-pump-110m-head-borehole-pump,draft,water,water-6,2HP Lenhard Submersible Pump – 110m Head Borehole Pump,Lenhard,,,,"verificationStatus is not ""verified""; model or SKU; original short and detailed description; applications; verified specifications; availability status; product photo (image.src); source URL",
168,7m-h-270m-doyin-4hp-ac-dc-hybrid-solar-borehole-pump-system,draft,water,water-6,7m³/h 270m Doyin 4HP AC/DC Hybrid Solar Borehole Pump System Kit 4SPS7-3000W AD,Doyin,4SPS73000W,,,"verificationStatus is not ""verified""; model or SKU; original short and detailed description; applications; verified specifications; availability status; product photo (image.src); source URL",
169,2-2kw-3ph-dayliff-dsd-3-30-pump-complete,draft,water,water-6,2.2kW 3Ph Dayliff DSD 3/30 Pump Complete,Dayliff,,,,"verificationStatus is not ""verified""; model or SKU; original short and detailed description; applications; verified specifications; availability status; product photo (image.src); source URL",
170,1-5kw-1ph-dayliff-dsd-3-22-pump-complete,draft,water,water-6,1.5kW 1Ph Dayliff DSD 3/22 Pump Complete,Dayliff,,,,"verificationStatus is not ""verified""; model or SKU; original short and detailed description; applications; verified specifications; availability status; product photo (image.src); source URL",
171,5-5kw-3ph-dayliff-dsd-5-50-pump-complete,draft,water,water-6,5.5kW 3Ph Dayliff DSD 5/50 Pump Complete,Dayliff,,,,"verificationStatus is not ""verified""; model or SKU; original short and detailed description; applications; verified specifications; availability status; product photo (image.src); source URL",
172,65m-toller-bpz-65-80mm-centrifugal-pump-high-head-water-pump,draft,water,water-7,65m Toller BPZ-65 80mm Centrifugal Pump – High-Head Water Pump,Toller,BPZ65,,,"verificationStatus is not ""verified""; model or SKU; original short and detailed description; applications; verified specifications; availability status; product photo (image.src); source URL",
173,55m-toller-bpz-55-80mm-centrifugal-pump-high-head-water-pump,draft,water,water-7,55m Toller BPZ-55 80mm Centrifugal Pump – High-Head Water Pump,Toller,BPZ55,,,"verificationStatus is not ""verified""; model or SKU; original short and detailed description; applications; verified specifications; availability status; product photo (image.src); source URL",
174,52m-aico-japan-akcp180-3-ac-booster-water-pump-3hp-three-pha,draft,water,water-7,"52m Aico Japan AKCP180-3 AC Booster Water Pump – 3HP, Three Phase, 160L/min",Aico Japan,AKCP1803,,,"verificationStatus is not ""verified""; model or SKU; original short and detailed description; applications; verified specifications; availability status; product photo (image.src); source URL",
175,0-75kw-1-0hp-total-peripheral-water-pump-electric-ac-twp1750,draft,water,water-7,0.75kW 1.0HP TOTAL Peripheral Water Pump Electric AC TWP17506 750w (52m Head 50L/min 1″x1″),TOTAL,TWP17506,,,"verificationStatus is not ""verified""; model or SKU; original short and detailed description; applications; verified specifications; availability status; product photo (image.src); source URL",
176,40m-doyin-ac-booster-water-pump-1-5kw-2hp-8-4m-h,draft,water,water-7,"40m Doyin AC Booster Water Pump – 1.5kW, 2HP, 8.4m³/h",Doyin,,,,"verificationStatus is not ""verified""; model or SKU; original short and detailed description; applications; verified specifications; availability status; product photo (image.src); source URL",
177,4-0kw-dayliff-dpx4000-swimming-pool-pump-heavy-duty-commerci,draft,water,water-8,4.0kW Dayliff DPX4000 Swimming Pool Pump – Heavy-Duty Commercial Pool Circulation,Dayliff,DPX4000,,,"verificationStatus is not ""verified""; model or SKU; original short and detailed description; applications; verified specifications; availability status; product photo (image.src); source URL",
178,3-0kw-dayliff-dpx3000-swimming-pool-pump-commercial-high-flo,draft,water,water-8,"3.0kW Dayliff DPX3000 Swimming Pool Pump – Commercial, High Flow & Heavy Duty",Dayliff,DPX3000,,,"verificationStatus is not ""verified""; model or SKU; original short and detailed description; applications; verified specifications; availability status; product photo (image.src); source URL",
179,1-5kw-dayliff-dpx1500-swimming-pool-pump-high-flow-durable-m,draft,water,water-8,"1.5kW Dayliff DPX1500 Swimming Pool Pump – High Flow, Durable Motor & Quiet Circulation",Dayliff,DPX1500,,,"verificationStatus is not ""verified""; model or SKU; original short and detailed description; applications; verified specifications; availability status; product photo (image.src); source URL",
180,1-0kw-dayliff-dpsolar1000-solar-swimming-pool-pump-energy-sa,draft,water,water-8,1.0kW Dayliff DPSOLAR1000 Solar Swimming Pool Pump – Energy-Saving Pool Circulation,Dayliff,DPSOLAR1000,,,"verificationStatus is not ""verified""; model or SKU; original short and detailed description; applications; verified specifications; availability status; product photo (image.src); source URL",
181,1-5kw-pedrollo-magnifica-5-swimming-pool-pump-italian-design,draft,water,water-8,"1.5kW Pedrollo Magnifica 5 Swimming Pool Pump – Italian Design, High-Efficiency Pool Circulation",Pedrollo,,,,"verificationStatus is not ""verified""; model or SKU; original short and detailed description; applications; verified specifications; availability status; product photo (image.src); source URL",
182,dayliff-triple-filter-uv-purifier-premium-water-treatment-eq,draft,water,water-9,Dayliff Triple Filter UV Purifier Premium Water Treatment Equipment,Dayliff,,,,"verificationStatus is not ""verified""; model or SKU; original short and detailed description; applications; verified specifications; availability status; product photo (image.src); source URL",
183,dayliff-mineral-water-pot-premium-water-treatment-equipment,draft,water,water-9,Dayliff Mineral Water Pot Premium Water Treatment Equipment,Dayliff,,,,"verificationStatus is not ""verified""; model or SKU; original short and detailed description; applications; verified specifications; availability status; product photo (image.src); source URL",
184,dayliff-6-stage-mini-ro-400litres-day-premium-water-treatmen,draft,water,water-9,Dayliff 6-Stage Mini RO – 400litres/day Premium Water Treatment Equipment,Dayliff,,,,"verificationStatus is not ""verified""; model or SKU; original short and detailed description; applications; verified specifications; availability status; product photo (image.src); source URL",
185,dayliff-6-stage-mini-ro-200litres-day-premium-water-treatmen,draft,water,water-9,Dayliff 6-stage Mini RO – 200litres/day Premium Water Treatment Equipment,Dayliff,,,,"verificationStatus is not ""verified""; model or SKU; original short and detailed description; applications; verified specifications; availability status; product photo (image.src); source URL",
186,3-stage-hanti-aro4a-reverse-osmosis-system,draft,water,water-9,3-Stage Hanti ARO4A Reverse Osmosis System,Hanti,ARO4A,,,"verificationStatus is not ""verified""; model or SKU; original short and detailed description; applications; verified specifications; availability status; product photo (image.src); source URL",
187,10hp-7-5kw-4-doyin-3-phase-borehole-pump-motor,draft,water,water-10,10HP 7.5kW 4″ Doyin 3-Phase Borehole Pump Motor,Doyin,,,,"verificationStatus is not ""verified""; model or SKU; original short and detailed description; applications; verified specifications; availability status; product photo (image.src); source URL",
188,4hp-3kw-4-doyin-3-phase-borehole-pump-motor,draft,water,water-10,4HP 3kW 4″ Doyin 3-Phase Borehole Pump Motor,Doyin,,,,"verificationStatus is not ""verified""; model or SKU; original short and detailed description; applications; verified specifications; availability status; product photo (image.src); source URL",
189,3hp-2-2kw-4-doyin-3-phase-borehole-pump-motor,draft,water,water-10,3HP 2.2kW 4″ Doyin 3-Phase Borehole Pump Motor,Doyin,,,,"verificationStatus is not ""verified""; model or SKU; original short and detailed description; applications; verified specifications; availability status; product photo (image.src); source URL",
190,2hp-1-5kw-4-doyin-3-phase-borehole-pump-motor,draft,water,water-10,2HP 1.5kW 4″ Doyin 3-Phase Borehole Pump Motor,Doyin,,,,"verificationStatus is not ""verified""; model or SKU; original short and detailed description; applications; verified specifications; availability status; product photo (image.src); source URL",
191,5-5hp-4kw-4-doyin-3-phase-borehole-pump-motor,draft,water,water-10,5.5HP 4kW 4″ Doyin 3-Phase Borehole Pump Motor,Doyin,,,,"verificationStatus is not ""verified""; model or SKU; original short and detailed description; applications; verified specifications; availability status; product photo (image.src); source URL",
192,pacwell-cabro-cutter-green,draft,construction,construction-1,Pacwell Cabro Cutter – Green,Pacwell,,,,"verificationStatus is not ""verified""; model or SKU; original short and detailed description; applications; verified specifications; availability status; product photo (image.src); source URL",
193,1-ton-iori-concrete-hoist-400l-aico-diesel-mixer-combo-with,draft,construction,construction-1,1 Ton Iori Concrete Hoist + 400L Aico Diesel Mixer Combo with FREE Kato Germany Petrol Poker Vibrator,Kato Germany,,,,"verificationStatus is not ""verified""; model or SKU; original short and detailed description; applications; verified specifications; availability status; product photo (image.src); source URL",
194,1-ton-tolsen-62492-electric-hoist-workshop-load-lifting,draft,construction,construction-1,1-Ton Tolsen 62492 Electric Hoist – Workshop & Load Lifting,Tolsen,62492,,,"verificationStatus is not ""verified""; model or SKU; original short and detailed description; applications; verified specifications; availability status; product photo (image.src); source URL",
196,420mm-toller-cabro-cutter-manual-block-splitter-brick-cutter,draft,construction,construction-1,420mm Toller Cabro Cutter Manual Block Splitter Brick Cutter,Toller,,,,"verificationStatus is not ""verified""; model or SKU; original short and detailed description; applications; verified specifications; availability status; product photo (image.src); source URL",
197,concrete-mixers-400liters,draft,construction,construction-2,CONCRETE MIXERS 400liters,,,,,"verificationStatus is not ""verified""; brand; model or SKU; original short and detailed description; applications; verified specifications; availability status; product photo (image.src); source URL",
198,230l-electric-cement-concrete-mixer-heavy-duty,draft,construction,construction-2,230L Electric Cement Concrete Mixer – Heavy Duty,,,,,"verificationStatus is not ""verified""; brand; model or SKU; original short and detailed description; applications; verified specifications; availability status; product photo (image.src); source URL",
199,400-litres-aico-japan-concrete-mixer,draft,construction,construction-2,400 Litres Aico Japan Concrete Mixer,Aico Japan,,,,"verificationStatus is not ""verified""; model or SKU; original short and detailed description; applications; verified specifications; availability status; product photo (image.src); source URL",
200,hisaki-honda-plate-compactor-120kgs,draft,construction,construction-2,Hisaki Honda Plate Compactor 120kgs,Hisaki,,,,"verificationStatus is not ""verified""; model or SKU; original short and detailed description; applications; verified specifications; availability status; product photo (image.src); source URL",
201,80kg-aico-plate-compactor,draft,construction,construction-2,80Kg Aico Plate Compactor,,,,,"verificationStatus is not ""verified""; brand; model or SKU; original short and detailed description; applications; verified specifications; availability status; product photo (image.src); source URL",
202,lenhard-germany-mm-250-inverter-welding-machine-metal-weldin,draft,construction,construction-3,Lenhard Germany MM-250 Inverter Welding Machine – Metal Welding & Repairs,Lenhard,MM250,,,"verificationStatus is not ""verified""; model or SKU; original short and detailed description; applications; verified specifications; availability status; product photo (image.src); source URL",
204,lenhard-germany-mm-400-inverter-welding-machine-metal-weldin,draft,construction,construction-3,Lenhard Germany MM-400 Inverter Welding Machine – Metal Welding,Lenhard,MM400,,,"verificationStatus is not ""verified""; model or SKU; original short and detailed description; applications; verified specifications; availability status; product photo (image.src); source URL",
205,130a-total-inverter-mma-welding-machine-tw213059-1-220-240v,draft,construction,construction-3,130A TOTAL Inverter MMA Welding Machine TW213059 (1~220–240V LED Kit),TOTAL,TW213059,,,"verificationStatus is not ""verified""; model or SKU; original short and detailed description; applications; verified specifications; availability status; product photo (image.src); source URL",
206,730ah-kmax-italy-commercial-welding-machine-extreme-power-un,draft,construction,construction-3,"730Ah kmax Italy Commercial Welding Machine – Extreme Power, Unstoppable Performance",KMAX,,,,"verificationStatus is not ""verified""; model or SKU; original short and detailed description; applications; verified specifications; availability status; product photo (image.src); source URL",
207,premier-gasoline-power-saw-pm272xp-professional-petrol-chain,draft,construction,construction-4,"Premier Gasoline Power Saw PM272XP – Professional Petrol Chainsaw for Logging, Farming & Tree Cutting",Premier,PM272XP,,,"verificationStatus is not ""verified""; model or SKU; original short and detailed description; applications; verified specifications; availability status; product photo (image.src); source URL",
208,20v-total-cordless-jig-saw-with-110mm-wood-cut-12mm-metal-cu,draft,construction,construction-4,20V TOTAL Cordless Jig Saw with 110mm Wood Cut & 12mm Metal Cut | Macire Pro Series,TOTAL,,,,"verificationStatus is not ""verified""; model or SKU; original short and detailed description; applications; verified specifications; availability status; product photo (image.src); source URL; name contains internal or competitor wording",
209,300w-deli-palm-sander-edl-sg110-e1-smooth-finish-precision-s,draft,construction,construction-4,"300W Deli Palm Sander EDL-SG110-E1 – Smooth Finish, Precision Sanding, Ergonomic Design",Deli,SG110E1,,,"verificationStatus is not ""verified""; model or SKU; original short and detailed description; applications; verified specifications; availability status; product photo (image.src); source URL",
210,1600w-12mm-deli-electric-router-precision-procut-edl-mx12-e1,draft,construction,construction-4,1600W 12mm Deli Electric Router – Precision ProCut EDL-MX12-E1,Deli,MX12E1,,,"verificationStatus is not ""verified""; model or SKU; original short and detailed description; applications; verified specifications; availability status; product photo (image.src); source URL",
211,2200w-total-router-tr111226-variable-speed-6-8-12mm-0-60mm-p,draft,construction,construction-4,2200W TOTAL Router TR111226 Variable-Speed (6/8/12mm 0–60mm Plunge),TOTAL,TR111226,,,"verificationStatus is not ""verified""; model or SKU; original short and detailed description; applications; verified specifications; availability status; product photo (image.src); source URL",
212,pulsar-laser-level-kit-with-tripod-2-batteries,draft,construction,construction-5,PULSAR Laser Level Kit with Tripod & 2 Batteries,Pulsar,,,,"verificationStatus is not ""verified""; model or SKU; original short and detailed description; applications; verified specifications; availability status; product photo (image.src); source URL",
213,215pcs-wokin-155815-industrial-socket-set-ultimate-mechanic,draft,construction,construction-5,215PCS Wokin 155815 Industrial Socket Set – Ultimate Mechanic’s Tool Kit,Wokin,155815,,,"verificationStatus is not ""verified""; model or SKU; original short and detailed description; applications; verified specifications; availability status; product photo (image.src); source URL",
214,800mm-wokin-357280-heavy-duty-tile-cutter-precision-manual-c,draft,construction,construction-5,800mm Wokin 357280 Heavy-Duty Tile Cutter – Precision Manual Cutter for Large Tiles,Wokin,357280,,,"verificationStatus is not ""verified""; model or SKU; original short and detailed description; applications; verified specifications; availability status; product photo (image.src); source URL",
215,5-line-wokin-507605-self-leveling-laser-level-multi-directio,draft,construction,construction-5,5-Line Wokin 507605 Self-Leveling Laser Level – Multi-Direction Precision Alignment,Wokin,507605,,,"verificationStatus is not ""verified""; model or SKU; original short and detailed description; applications; verified specifications; availability status; product photo (image.src); source URL",
216,80m-wokin-509080-laser-distance-meter-long-range-digital-mea,draft,construction,construction-5,80m Wokin 509080 Laser Distance Meter – Long-Range Digital Measuring Tool,Wokin,509080,,,"verificationStatus is not ""verified""; model or SKU; original short and detailed description; applications; verified specifications; availability status; product photo (image.src); source URL",
217,aico-1-1hp-16m-head-sewage-submersible-pump-sep800,draft,construction,construction-6,Aico 1.1hp 16m Head Sewage Submersible Pump (SEP800),,SEP800,,,"verificationStatus is not ""verified""; brand; model or SKU; original short and detailed description; applications; verified specifications; availability status; product photo (image.src); source URL",
218,1-4hp-total-sewage-submersible-pump-1000w-twp810001,draft,construction,construction-6,1.4HP TOTAL Sewage Submersible Pump – 1000W TWP810001,TOTAL,TWP810001,,,"verificationStatus is not ""verified""; model or SKU; original short and detailed description; applications; verified specifications; availability status; product photo (image.src); source URL",
219,750w-taifu-submersible-sewage-pump,draft,construction,construction-6,750W TAIFU Submersible Sewage Pump,Taifu,,sewage-pump,,"verificationStatus is not ""verified""; model or SKU; original short and detailed description; applications; verified specifications; availability status; product photo (image.src); source URL",
220,3-inch-aico-japan-acp30t-petrol-sewage-pump,draft,construction,construction-6,3-Inch Aico Japan ACP30T Petrol Sewage Pump,Aico Japan,ACP30T,,,"verificationStatus is not ""verified""; model or SKU; original short and detailed description; applications; verified specifications; availability status; product photo (image.src); source URL",
221,aico-2-0hp-23m-head-sewage-submersible-pump-sep1500,draft,construction,construction-6,Aico 2.0hp 23m Head Sewage Submersible Pump (SEP1500),,SEP1500,,,"verificationStatus is not ""verified""; brand; model or SKU; original short and detailed description; applications; verified specifications; availability status; product photo (image.src); source URL",
222,bolesi-q19-premium-digital-smart-lock-fingerprint-wifi-app-c,draft,construction,construction-7,"Bolesi Q19 Premium Digital Smart Lock – Fingerprint, WiFi, App Control & Multiple Access Modes",Bolesi,,,,"verificationStatus is not ""verified""; model or SKU; original short and detailed description; applications; verified specifications; availability status; product photo (image.src); source URL",
223,bolesi-a5pro-digital-smart-door-lock,draft,construction,construction-7,Bolesi A5PRO Digital Smart Door Lock,Bolesi,A5PRO,,,"verificationStatus is not ""verified""; model or SKU; original short and detailed description; applications; verified specifications; availability status; product photo (image.src); source URL",
224,bolesi-g1f-n9-digital-smart-door-lock,draft,construction,construction-7,Bolesi G1F-N9 Digital Smart Door Lock,Bolesi,G1FN9,,,"verificationStatus is not ""verified""; model or SKU; original short and detailed description; applications; verified specifications; availability status; product photo (image.src); source URL",
225,camire-uk-6mp-wireless-solar-security-camera-4g-triple-lens,draft,construction,construction-7,Camire UK 6MP Wireless Solar Security Camera – 4G Triple-Lens PTZ,Camire UK,,,,"verificationStatus is not ""verified""; model or SKU; original short and detailed description; applications; verified specifications; availability status; product photo (image.src); source URL",
226,new-macire-safety-locker-safe-box-size-30cm-x-38cm-x-30cm-mo,draft,construction,construction-7,New! Macire Safety Locker Safe Box – Size 30cm x 38cm x 30cm – Model 3027,,,,,"verificationStatus is not ""verified""; brand; model or SKU; original short and detailed description; applications; verified specifications; availability status; product photo (image.src); source URL; name contains internal or competitor wording",
227,6-step-premier-steel-folding-lightweight-multipurpose-ladder,draft,construction,construction-8,6-Step Premier Steel Folding Lightweight Multipurpose Ladder,Premier,,,,"verificationStatus is not ""verified""; model or SKU; original short and detailed description; applications; verified specifications; availability status; product photo (image.src); source URL",
228,5-step-premier-steel-folding-lightweight-multipurpose-ladder,draft,construction,construction-8,5-Step Premier Steel Folding Lightweight Multipurpose Ladder,Premier,,,,"verificationStatus is not ""verified""; model or SKU; original short and detailed description; applications; verified specifications; availability status; product photo (image.src); source URL",
229,5-step-tolsen-steel-ladder,draft,construction,construction-8,5 Step Tolsen Steel Ladder,Tolsen,,,,"verificationStatus is not ""verified""; model or SKU; original short and detailed description; applications; verified specifications; availability status; product photo (image.src); source URL",
230,4-step-tolsen-steel-ladder-150kg-heavy-duty-foldable-climber,draft,construction,construction-8,4 Step Tolsen Steel Ladder – 150kg Heavy-Duty Foldable Climber,Tolsen,,,,"verificationStatus is not ""verified""; model or SKU; original short and detailed description; applications; verified specifications; availability status; product photo (image.src); source URL",
231,3-steps-tolsen-steel-ladder,draft,construction,construction-8,3 Steps Tolsen Steel Ladder,Tolsen,,,,"verificationStatus is not ""verified""; model or SKU; original short and detailed description; applications; verified specifications; availability status; product photo (image.src); source URL",
232,5kg-carbon-dioxide-co2-fire-extinguisher-premier-germany-tec,draft,construction,construction-9,5kg Carbon Dioxide CO2 Fire Extinguisher Premier Germany Technology,Premier,,,,"verificationStatus is not ""verified""; model or SKU; original short and detailed description; applications; verified specifications; availability status; product photo (image.src); source URL",
233,9kgs-abc-dry-powder-fire-extinguisher-premier-germany-techno,draft,construction,construction-9,9kgs ABC Dry Powder Fire Extinguisher Premier Germany Technology,Premier,,,,"verificationStatus is not ""verified""; model or SKU; original short and detailed description; applications; verified specifications; availability status; product photo (image.src); source URL",
234,3-inch-pulsar-fire-hose-30m-roll-heavy-duty-pfh330,draft,construction,construction-9,3 Inch Pulsar Fire Hose – 30M Roll Heavy-Duty PFH330,Pulsar,PFH330,,,"verificationStatus is not ""verified""; model or SKU; original short and detailed description; applications; verified specifications; availability status; product photo (image.src); source URL",
235,2-inch-pulsar-fire-hose-30-meter-roll-pfh230,draft,construction,construction-9,2 Inch Pulsar Fire Hose – 30 Meter Roll PFH230,Pulsar,PFH230,,,"verificationStatus is not ""verified""; model or SKU; original short and detailed description; applications; verified specifications; availability status; product photo (image.src); source URL",
237,20v-deli-cordless-lawn-mower,draft,construction,construction-10,20V Deli Cordless Lawn Mower,Deli,,,,"verificationStatus is not ""verified""; model or SKU; original short and detailed description; applications; verified specifications; availability status; product photo (image.src); source URL",
238,4hp-total-gasoline-lawn-mower-hand-push,draft,construction,construction-10,4HP TOTAL Gasoline Lawn Mower – Hand Push,TOTAL,,,,"verificationStatus is not ""verified""; model or SKU; original short and detailed description; applications; verified specifications; availability status; product photo (image.src); source URL",
239,141cc-total-self-propelled-18-lawn-mower,draft,construction,construction-10,141cc TOTAL Self-Propelled 18″ Lawn Mower,TOTAL,,,,"verificationStatus is not ""verified""; model or SKU; original short and detailed description; applications; verified specifications; availability status; product photo (image.src); source URL",
240,18-140cc-toller-lawn-mower-self-propelled,draft,construction,construction-10,"18” 140cc Toller Lawn Mower, Self Propelled",Toller,,,,"verificationStatus is not ""verified""; model or SKU; original short and detailed description; applications; verified specifications; availability status; product photo (image.src); source URL",
241,1600w-total-electric-lawn-mower,draft,construction,construction-10,1600W TOTAL Electric Lawn Mower,TOTAL,,,,"verificationStatus is not ""verified""; model or SKU; original short and detailed description; applications; verified specifications; availability status; product photo (image.src); source URL",
242,8-1kva-kicho-8100es-petrol-generator-powerful-home-business,draft,generators,generators-1,8.1kVA Kicho 8100ES Petrol Generator – Powerful Home & Business Backup,Kicho,,,,"verificationStatus is not ""verified""; model or SKU; original short and detailed description; applications; verified specifications; availability status; product photo (image.src); source URL",
243,6-9kva-kicho-7200es-petrol-generator-reliable-backup-power,draft,generators,generators-1,6.9kVA Kicho 7200ES Petrol Generator – Reliable Backup Power,Kicho,,,,"verificationStatus is not ""verified""; model or SKU; original short and detailed description; applications; verified specifications; availability status; product photo (image.src); source URL",
244,3kw-total-tp130005-18-petrol-generator-heavy-duty-portable-p,draft,generators,generators-1,3kW TOTAL TP130005-18 Petrol Generator – Heavy-Duty Portable Power for Home & Work,TOTAL,TP13000518,,,"verificationStatus is not ""verified""; model or SKU; original short and detailed description; applications; verified specifications; availability status; product photo (image.src); source URL",
245,2-8kw-premier-lt3600eb-8-gasoline-generator-electric-start-p,draft,generators,generators-1,"2.8kW Premier LT3600EB-8 Gasoline Generator – Electric Start, Portable Backup Power",Premier,LT3600EB8,,,"verificationStatus is not ""verified""; model or SKU; original short and detailed description; applications; verified specifications; availability status; product photo (image.src); source URL",
246,3-5kw-premier-lt4500b-8-gasoline-generator-recoil-start-avr,draft,generators,generators-1,"3.5kW Premier LT4500B-8 Gasoline Generator – Recoil Start, AVR Regulated, Portable Open Frame",Premier,LT4500B8,,,"verificationStatus is not ""verified""; model or SKU; original short and detailed description; applications; verified specifications; availability status; product photo (image.src); source URL",
247,9-5kva-pulsar-dg8500eb-1-diesel-open-generator-230v-50hz-12v,draft,generators,generators-2,"9.5kVA Pulsar DG8500EB-1 Diesel Open Generator – 230V, 50Hz, 12V DC Output",Pulsar,DG8500EB1,,,"verificationStatus is not ""verified""; model or SKU; original short and detailed description; applications; verified specifications; availability status; product photo (image.src); source URL",
248,8-75kva-pulsar-dg7500eb-1-diesel-open-generator-230v-50hz-12,draft,generators,generators-2,"8.75kVA Pulsar DG7500EB-1 Diesel Open Generator – 230V, 50Hz, 12V DC Output",Pulsar,DG7500EB1,,,"verificationStatus is not ""verified""; model or SKU; original short and detailed description; applications; verified specifications; availability status; product photo (image.src); source URL",
249,8-1kva-tavas-open-diesel-generator-heavy-duty-backup-continu,draft,generators,generators-2,8.1kVA Tavas Open Diesel Generator – Heavy-Duty Backup & Continuous Power Solution,Tavas,,,,"verificationStatus is not ""verified""; model or SKU; original short and detailed description; applications; verified specifications; availability status; product photo (image.src); source URL",
250,9kva-cigma-uk-kmd10000ioe-diesel-open-type-generator-dual-po,draft,generators,generators-2,"9kVA CIGMA-UK KMD10000ioE Diesel Open Type Generator – Dual Power, Electric Start",,KMD10000IOE,,,"verificationStatus is not ""verified""; brand; model or SKU; original short and detailed description; applications; verified specifications; availability status; product photo (image.src); source URL",
251,9kva-cigma-uk-diesel-open-type-generator-km10000e-electric-s,draft,generators,generators-2,"9kVA CIGMA-UK Diesel Open Type Generator KM10000E – Electric Start, Heavy-Duty Frame",,KM10000E,,,"verificationStatus is not ""verified""; brand; model or SKU; original short and detailed description; applications; verified specifications; availability status; product photo (image.src); source URL",
252,10kva-hk8000sna-hisaki-japan-diesel-generator-single-phase,draft,generators,generators-3,10Kva HK8000SNA Hisaki Japan Diesel Generator Single Phase,Hisaki Japan,HK8000SNA,,,"verificationStatus is not ""verified""; model or SKU; original short and detailed description; applications; verified specifications; availability status; product photo (image.src); source URL",
254,10kva-aico-japan-adg10000sna-single-phase-silent-diesel-gene,draft,generators,generators-3,10kVA Aico Japan ADG10000SNA Single-Phase Silent Diesel Generator – Without ATS,Aico Japan,ADG10000SNA,,,"verificationStatus is not ""verified""; model or SKU; original short and detailed description; applications; verified specifications; availability status; product photo (image.src); source URL",
255,8-75kva-aico-japan-adg8000sna-closed-type-diesel-generator-w,draft,generators,generators-3,8.75kVA Aico Japan ADG8000SNA Closed-Type Diesel Generator with ATS – Automatic Single-Phase Backup,Aico Japan,ADG8000SNA,,,"verificationStatus is not ""verified""; model or SKU; original short and detailed description; applications; verified specifications; availability status; product photo (image.src); source URL",
256,8-75kva-aico-japan-adg8000sn-closed-type-diesel-generator-si,draft,generators,generators-3,8.75kVA Aico Japan ADG8000SN Closed-Type Diesel Generator – Single-Phase Power Without ATS,Aico Japan,ADG8000SN,,,"verificationStatus is not ""verified""; model or SKU; original short and detailed description; applications; verified specifications; availability status; product photo (image.src); source URL",
257,13-5kva-tavas-3-phase-soundproof-diesel-generator-ats-equipp,draft,generators,generators-4,"13.5kVA Tavas 3-Phase Soundproof Diesel Generator – ATS Equipped, Heavy-Duty Backup Power",Tavas,,,,"verificationStatus is not ""verified""; model or SKU; original short and detailed description; applications; verified specifications; availability status; product photo (image.src); source URL",
258,10kva-tavas-3-phase-soundproof-diesel-generator-dg10000se-3,draft,generators,generators-4,"10kVA Tavas 3-Phase Soundproof Diesel Generator DG10000SE-3-ATS – ATS Equipped, Reliable Backup Power",Tavas,DG10000SE3ATS,,,"verificationStatus is not ""verified""; model or SKU; original short and detailed description; applications; verified specifications; availability status; product photo (image.src); source URL",
259,10kva-hk8000sna-3-hisaki-japan-diesel-generator-single-and-t,draft,generators,generators-4,10Kva HK8000SNA-3 Hisaki Japan Diesel Generator Single And Three Phase,Hisaki Japan,HK8000SNA3,,,"verificationStatus is not ""verified""; model or SKU; original short and detailed description; applications; verified specifications; availability status; product photo (image.src); source URL",
260,93-75kva-3ph-hisaki-japan-hkd75kw-watercooled-generator,draft,generators,generators-4,93.75KVA 3Ph Hisaki Japan HKD75KW Watercooled Generator,Hisaki Japan,HKD75KW,,,"verificationStatus is not ""verified""; model or SKU; original short and detailed description; applications; verified specifications; availability status; product photo (image.src); source URL",
261,80kva-3ph-hisaki-japan-hkd64kw-watercooled-generator,draft,generators,generators-4,80KVA 3Ph Hisaki Japan HKD64KW Watercooled Generator,Hisaki Japan,HKD64KW,,,"verificationStatus is not ""verified""; model or SKU; original short and detailed description; applications; verified specifications; availability status; product photo (image.src); source URL",
262,6-5kw-total-silent-diesel-generator-with-electric-start-engi,draft,generators,generators-5,6.5kW TOTAL Silent Diesel Generator with Electric Start – Engineered for Reliability,TOTAL,,,,"verificationStatus is not ""verified""; model or SKU; original short and detailed description; applications; verified specifications; availability status; product photo (image.src); source URL",
263,193kva-pyramid-diesel-silent-generator-3-phase-ats-ready,draft,generators,generators-5,"193kVA Pyramid Diesel Silent Generator – 3 Phase, ATS Ready",Pyramid,,,,"verificationStatus is not ""verified""; model or SKU; original short and detailed description; applications; verified specifications; availability status; product photo (image.src); source URL",
264,100kva-pyramid-diesel-silent-generator-3-phase-ats-ready,draft,generators,generators-5,"100kVA Pyramid Diesel Silent Generator – 3 Phase, ATS Ready",Pyramid,,,,"verificationStatus is not ""verified""; model or SKU; original short and detailed description; applications; verified specifications; availability status; product photo (image.src); source URL",
265,79kva-pyramid-diesel-silent-generator-3-phase-ats-ready,draft,generators,generators-5,"79kVA Pyramid Diesel Silent Generator – 3 Phase, ATS Ready",Pyramid,,,,"verificationStatus is not ""verified""; model or SKU; original short and detailed description; applications; verified specifications; availability status; product photo (image.src); source URL",
266,67kva-pyramid-diesel-silent-generator-3-phase-ats-ready,draft,generators,generators-5,"67kVA Pyramid Diesel Silent Generator – 3 Phase, ATS Ready",Pyramid,,,,"verificationStatus is not ""verified""; model or SKU; original short and detailed description; applications; verified specifications; availability status; product photo (image.src); source URL",
267,150kva-cummins-jdp-c120sa-water-cooled-diesel-generator,draft,generators,generators-6,150kVA Cummins JDP-C120SA Water-Cooled Diesel Generator,Cummins,C120SA,,,"verificationStatus is not ""verified""; model or SKU; original short and detailed description; applications; verified specifications; availability status; product photo (image.src); source URL",
268,100kva-jdp-h80sa-simba-voltsilent-water-cooled-diesel-genera,draft,generators,generators-6,100kVA JDP-H80SA Simba Voltsilent Water Cooled Diesel Generator,Simba Voltsilent,H80SA,,,"verificationStatus is not ""verified""; model or SKU; original short and detailed description; applications; verified specifications; availability status; product photo (image.src); source URL",
269,85kva-jdp-h68sa-simba-voltsilent-water-cooled-diesel-generat,draft,generators,generators-6,85kVA JDP-H68SA Simba Voltsilent Water Cooled Diesel Generator,Simba Voltsilent,H68SA,,,"verificationStatus is not ""verified""; model or SKU; original short and detailed description; applications; verified specifications; availability status; product photo (image.src); source URL",
270,60kva-jdp-h48sa-simba-voltsilent-water-cooled-diesel-generat,draft,generators,generators-6,60kVA JDP-H48SA Simba Voltsilent Water Cooled Diesel Generator,Simba Voltsilent,H48SA,,,"verificationStatus is not ""verified""; model or SKU; original short and detailed description; applications; verified specifications; availability status; product photo (image.src); source URL",
271,125kva-jdp-h100sa-simba-voltsilent-water-cooled-diesel-gener,draft,generators,generators-6,125kVA JDP-H100SA Simba Voltsilent Water Cooled Diesel Generator,Simba Voltsilent,H100SA,,,"verificationStatus is not ""verified""; model or SKU; original short and detailed description; applications; verified specifications; availability status; product photo (image.src); source URL",
272,30hp-kmax-italy-alternator-three-phase-ac-synchronous-genera,draft,generators,generators-7,30HP KMAX Italy Alternator Three Phase AC – Synchronous Generator,KMAX,,,,"verificationStatus is not ""verified""; model or SKU; original short and detailed description; applications; verified specifications; availability status; product photo (image.src); source URL",
273,25hp-kmax-italy-alternator-three-phase-ac-synchronous-genera,draft,generators,generators-7,25HP KMAX Italy Alternator Three Phase AC – Synchronous Generator,KMAX,,,,"verificationStatus is not ""verified""; model or SKU; original short and detailed description; applications; verified specifications; availability status; product photo (image.src); source URL",
274,20hp-kmax-italy-alternator-three-phase-ac-synchronous-genera,draft,generators,generators-7,20HP KMAX Italy Alternator Three Phase AC – Synchronous Generator,KMAX,,,,"verificationStatus is not ""verified""; model or SKU; original short and detailed description; applications; verified specifications; availability status; product photo (image.src); source URL",
275,15hp-kmax-italy-three-phase-alternator-synchronous-generator,draft,generators,generators-7,15HP KMAX Italy Three Phase Alternator Synchronous Generator – Industrial Power Generation Unit,KMAX,,,,"verificationStatus is not ""verified""; model or SKU; original short and detailed description; applications; verified specifications; availability status; product photo (image.src); source URL",
276,10hp-kmax-italy-alternator-synchronous-generator-single-phas,draft,generators,generators-7,10hp Kmax Italy Alternator Synchronous Generator Single Phase Ac,KMAX,,,,"verificationStatus is not ""verified""; model or SKU; original short and detailed description; applications; verified specifications; availability status; product photo (image.src); source URL",
277,4-5kva-champion-uk-lpg-biogas-dual-fuel-portable-generator-4,draft,generators,generators-8,4.5Kva Champion UK LPG Biogas Dual Fuel Portable Generator 4500watts With Electric Start,Champion UK,,,,"verificationStatus is not ""verified""; model or SKU; original short and detailed description; applications; verified specifications; availability status; product photo (image.src); source URL",
283,tld6500w-tlac-diesel-welding-generator-200a-welding-copper-a,draft,generators,generators-9,"TLD6500W TLAC Diesel Welding Generator – 200A Welding, Copper Alternator, Battery Key Start",TLAC,TLD6500W,,,"verificationStatus is not ""verified""; model or SKU; original short and detailed description; applications; verified specifications; availability status; product photo (image.src); source URL",
284,wd9500w-windsor-diesel-welding-generator-220a-welding-copper,draft,generators,generators-9,"WD9500W Windsor Diesel Welding Generator – 220A Welding, Copper Alternator, Battery Key Start",Windsor,WD9500W,,,"verificationStatus is not ""verified""; model or SKU; original short and detailed description; applications; verified specifications; availability status; product photo (image.src); source URL",
285,w6500w-windsor-diesel-welding-generator-200a-welding-copper,draft,generators,generators-9,"W6500W Windsor Diesel Welding Generator – 200A Welding, Copper Alternator, Key Start",Windsor,W6500W,,,"verificationStatus is not ""verified""; model or SKU; original short and detailed description; applications; verified specifications; availability status; product photo (image.src); source URL",
286,10kva-pulsar-diesel-welding-generator-230v-50hz-12v-dc-outpu,draft,generators,generators-9,"10kVA Pulsar Diesel Welding Generator – 230V, 50Hz, 12V DC Output",Pulsar,,,,"verificationStatus is not ""verified""; model or SKU; original short and detailed description; applications; verified specifications; availability status; product photo (image.src); source URL",
287,3kw-premier-lt3900eb-8-gasoline-generator-electric-start-avr,draft,generators,generators-10,"3kW Premier LT3900EB-8 Gasoline Generator – Electric Start, AVR Regulated, Compact Backup Power",Premier,LT3900EB8,,,"verificationStatus is not ""verified""; model or SKU; original short and detailed description; applications; verified specifications; availability status; product photo (image.src); source URL",
288,6-5kw-premier-lt8000eb-8-petrol-generator-electric-start-avr,draft,generators,generators-10,"6.5kW Premier LT8000EB-8 Petrol Generator – Electric Start, AVR Regulated, Heavy-Duty Open Frame",Premier,LT8000EB8,,,"verificationStatus is not ""verified""; model or SKU; original short and detailed description; applications; verified specifications; availability status; product photo (image.src); source URL",
289,2-2kw-premier-lt2500b-8-petrol-generator-recoil-start-avr-re,draft,generators,generators-10,"2.2kW Premier LT2500B-8 Petrol Generator – Recoil Start, AVR Regulated, Compact Portable Frame",Premier,LT2500B8,,,"verificationStatus is not ""verified""; model or SKU; original short and detailed description; applications; verified specifications; availability status; product photo (image.src); source URL",
290,5-5kw-premier-lt6500eb-8-petrol-generator-electric-start-avr,draft,generators,generators-10,"5.5kW Premier LT6500EB-8 Petrol Generator – Electric Start, AVR Regulated, Compact Open Frame",Premier,LT6500EB8,,,"verificationStatus is not ""verified""; model or SKU; original short and detailed description; applications; verified specifications; availability status; product photo (image.src); source URL",
291,1kw-premier-lt1200b-8-gasoline-generator-recoil-start-compac,draft,generators,generators-10,"1kW Premier LT1200B-8 Gasoline Generator – Recoil Start, Compact Portable Backup Power",Premier,LT1200B8,,,"verificationStatus is not ""verified""; model or SKU; original short and detailed description; applications; verified specifications; availability status; product photo (image.src); source URL",
61,,skipped,,,10HP JD10L JIADI Walking Diesel Tractor with Implements – Multi-Purpose Farm Power Tiller,,,,,,"already in catalogue as ""jiadi-tractor"""
195,,skipped,,,0.5-Ton Tolsen 62491 Electric Hoist – Lifting & Workshop Hoist,,,,,,"already in catalogue as ""tolsen-hoist"""
203,,skipped,,,Lenhard Germany MM-300 Inverter Welding Machine – Metal Fabrication & Repair,,,,,,"already in catalogue as ""lenhard-welder"""
253,,skipped,,,8.75Kva HK7000SNA Hisaki Japan Diesel Generator Single Phase,,,,,,"already in catalogue as ""hisaki-generator"""
282,,skipped,,,"TLD9500W TLAC Diesel Welding Generator – 220A Welding, Copper Alternator, Battery Key Start",,,,,,"already in catalogue as ""tlac-welding"""
